0,0,0,"Rewrite the following passage specifically for Grade 0 readers. Use extremely simple vocabulary, short sentences, and clear concepts to make the story easy for very young children to understand. You must rewrite the entire narrative while keeping the core message intact. Output ONLY the rewritten text; do not include any explanations, headers, or additional commentary.

Passage: Maria was learning to add numbers. She liked to add numbers. It was easy to add numbers. She could add one and one. She knew that one and one are two. She knew that two and two are four. She knew that three and three are six. But that was it. She didn't know what four and four are. She asked her mom. Her mom told her that four and four are eight. ""Oh, now I know,"" Maria said. ""I am four years old now. In four more years, I will be eight."" Maria was a fast learner. She wasn't a slow learner.",6.090
0,0,2,"Rewrite the following passage for a Grade 2 reading level. Use simple vocabulary, short sentences, and clear language while keeping the story's main points intact.

Passage: Maria was learning to add numbers. She liked to add numbers. It was easy to add numbers. She could add one and one. She knew that one and one are two. She knew that two and two are four. She knew that three and three are six. But that was it. She didn't know what four and four are. She asked her mom. Her mom told her that four and four are eight. ""Oh, now I know,"" Maria said. ""I am four years old now. In four more years, I will be eight."" Maria was a fast learner. She wasn't a slow learner.

Output only the rewritten story text; do not include any introduction, explanation, or labels.",7.328
0,0,4,"Rewrite the following passage for an engaging Grade 4 reading level. Simplify the vocabulary and shorten some of the repetitive sentences while keeping the main story about Maria learning addition. After rewriting the passage, output ONLY the rewritten text; do not include any other explanations or introductory phrases.

Passage: Maria was learning to add numbers. She liked to add numbers. It was easy to add numbers. She could add one and one. She knew that one and one are two. She knew that two and two are four. She knew that three and three are six. But that was it. She didn't know what four and four are. She asked her mom. Her mom told her that four and four are eight. ""Oh, now I know,"" Maria said. ""I am four years old now. In four more years, I will be eight."" Maria was a fast learner. She wasn't a slow learner.",5.651
0,0,6,"Rewrite the following passage to be appropriate for a Grade 6 reading level. Adjust the vocabulary, sentence structure, and overall tone to make it more engaging and sophisticated, while keeping the original story intact. You must output ONLY the rewritten text.

Passage: Maria was learning to add numbers. She liked to add numbers. It was easy to add numbers. She could add one and one. She knew that one and one are two. She knew that two and two are four. She knew that three and three are six. But that was it. She didn't know what four and four are. She asked her mom. Her mom told her that four and four are eight. ""Oh, now I know,"" Maria said. ""I am four years old now. In four more years, I will be eight."" Maria was a fast learner. She wasn't a slow learner.",5.521
0,0,8,"Rewrite the following passage for a Grade 8 reading level. Elevate the vocabulary, combine short, repetitive sentences into more complex structures, and develop the narrative voice to be more sophisticated while keeping the core meaning intact. Crucially, output ONLY the rewritten text; do not include any introductions, explanations, or other surrounding text.

The original passage is: Maria was learning to add numbers. She liked to add numbers. It was easy to add numbers. She could add one and one. She knew that one and one are two. She knew that two and two are four. She knew that three and three are six. But that was it. She didn't know what four and four are. She asked her mom. Her mom told her that four and four are eight. ""Oh, now I know,"" Maria said. ""I am four years old now. In four more years, I will be eight."" Maria was a fast learner. She wasn't a slow learner.",5.587
0,0,10,"Rewrite this passage for a Grade 10 reading level. Elevate the vocabulary, vary the sentence structure to eliminate repetitive phrasing, and refine the narrative flow while maintaining the core meaning of Maria's learning experience. Do not include any commentary or introductory phrases; output only the rewritten text.",4.700
0,0,12,"Adjust the following passage for a Grade 12 reading level. Elevate the vocabulary, deepen the thematic exploration of learning and mathematical relationships (the concept represented by $4+4=8$), and transition the narrative from simple arithmetic to an introspective reflection on rapid intellectual development. Maintain the core story elements while completely restructuring the prose into a mature, sophisticated style suitable for advanced readers. Output ONLY the rewritten text; do not include any explanations, headers, or transitional phrasing.

The passage is: Maria was learning to add numbers. She liked to add numbers. It was easy to add numbers. She could add one and one. She knew that one and one are two. She knew that two and two are four. She knew that three and three are six. But that was it. She didn't know what four and four are. She asked her mom. Her mom told her that four and four are eight. ""Oh, now I know,"" Maria said. ""I am four years old now. In four more years, I will be eight."" Maria was a fast learner. She wasn't a slow learner.",5.912
0,1,0,"Rewrite this passage for Grade 0 readers. Keep the story simple and very short. Use only easy words and sentences that are easy to read. When you are done, output ONLY the rewritten text; do not include any other words or explanations.",1.315
0,1,2,"Rewrite the following passage for a Grade 2 reading level. Use simple vocabulary, short sentences, and actions that young readers can understand. Output ONLY the rewritten story, nothing else.

It was New Year's Day. He lived in Las Vegas. He drove over to a casino. He walked over to a roulette table. He bought one chip for $100. He flipped a coin. He caught the coin. It was heads. He put the $100 chip on red. The dealer spun the roulette wheel. The wheel went round and round. The dealer pushed the silver ball. The ball went round and round. The wheel slowed down. The ball slowed down. The ball dropped into a red slot. He won! The dealer gave him a $100 chip. He gave the dealer a $10 tip. He cashed in both his chips. He went home. He felt good. It was going to be a good year.",5.390
0,1,4,"Rewrite the following passage for a Grade 4 reading level, using simpler vocabulary and shorter sentences while maintaining the story's meaning. Output only the rewritten text.

Passage: It was New Year's Day. He lived in Las Vegas. He drove over to a casino. He walked over to a roulette table. He bought one chip for $100. He flipped a coin. He caught the coin. It was heads. He put the $100 chip on red. The dealer spun the roulette wheel. The wheel went round and round. The dealer pushed the silver ball. The ball went round and round. The wheel slowed down. The ball slowed down. The ball dropped into a red slot. He won! The dealer gave him a $100 chip. He gave the dealer a $10 tip. He cashed in both his chips. He went home. He felt good. It was going to be a good year.",5.422
0,1,6,"Rewrite the following passage so that it is easily understood by a Grade 6 reading level. Simplify complex vocabulary, use shorter sentence structures, and make the tone engaging while keeping the original meaning intact. Output ONLY the rewritten text; do not include any introduction, explanation, or surrounding commentary.

Passage: It was New Year's Day. He lived in Las Vegas. He drove over to a casino. He walked over to a roulette table. He bought one chip for $100. He flipped a coin. He caught the coin. It was heads. He put the $100 chip on red. The dealer spun the roulette wheel. The wheel went round and round. The dealer pushed the silver ball. The ball went round and round. The wheel slowed down. The ball slowed down. The ball dropped into a red slot. He won! The dealer gave him a $100 chip. He gave the dealer a $10 tip. He cashed in both his chips. He went home. He felt good. It was going to be a good year.",6.289
0,1,8,"Revise the following passage for an 8th-grade reading level. Improve the narrative flow, vary sentence structure, and enrich the vocabulary by adding descriptive detail while keeping the tone straightforward and engaging. Maintain the original plot points. IMPORTANT: Output ONLY the revised text; do not include any explanations, headings, or additional commentary.

[Passage to be inserted here]",4.575
0,1,10,"Rewrite the following passage for a Grade 10 reading level, elevating the vocabulary, expanding the descriptive language, and combining the choppy sentences to create a smoother, more sophisticated narrative flow suitable for high school students. Focus on building atmosphere and internal reflection rather than simply listing actions. Output only the revised text.",5.354
0,1,12,"Rewrite the following passage for an audience of Grade 12 students. Elevate the vocabulary, vary the sentence structure, and enhance the descriptive language to create a more sophisticated narrative flow while maintaining the original plot points. Focus on building tension during the roulette sequence and improving the overall pacing. You must only output the rewritten text; do not include any introductory phrases or explanatory notes.",5.174
0,2,0,"Rewrite the following passage for a Grade 0 reading level. Use very short sentences, simple vocabulary (CVC words encouraged), and basic concepts. The tone should be fun and exciting. After rewriting, output ONLY the rewritten text.

Passage: Soccer is a fun game. It is very popular. It is popular all over the world. It is fun to watch. It is fun to play. It is a simple game. There are two teams. They play on a big grassy field. There is one ball. There are two goals with nets. Each team tries to kick the ball into the other team's net. The players cannot use their hands. They cannot touch the ball with their hands. They use their feet to move the ball. They use their chests to move the ball. They use their heads to move the ball. The players run back and forth. They slide on the grass. They crash into one another. They play to win.",5.625
0,2,2,"Rewrite the following passage for readers in Grade 2. Use simple vocabulary, shorter sentences, and engaging language appropriate for that age group. Your revision must maintain the core message about how soccer is played. Output ONLY the rewritten text, with no introduction or explanation before or after it.

[Passage:]
Soccer is a fun game. It is very popular. It is popular all over the world. It is fun to watch. It is fun to play. It is a simple game. There are two teams. They play on a big grassy field. There is one ball. There are two goals with nets. Each team tries to kick the ball into the other team's net. The players cannot use their hands. They cannot touch the ball with their hands. They use their feet to move the ball. They use their chests to move the ball. They use their heads to move the ball. The players run back and forth. They slide on the grass. They crash into one another. They play to win.",5.655
0,2,4,"Rewrite the following passage so that it is perfectly suited for a Grade 4 reading level. Use simple vocabulary, short sentences, and an engaging tone, but keep all the main facts about playing soccer. Output ONLY the rewritten text; do not include any title, explanation, or additional commentary before or after the text.

[Passage: Soccer is a fun game. It is very popular. It is popular all over the world. It is fun to watch. It is fun to play. It is a simple game. There are two teams. They play on a big grassy field. There is one ball. There are two goals with nets. Each team tries to kick the ball into the other team's net. The players cannot use their hands. They cannot touch the ball with their hands. They use their feet to move the ball. They use their chests to move the ball. They use their heads to move the ball. The players run back and forth. They slide on the grass. They crash into one another. They play to win.]",6.174
0,2,6,"Rewrite the following passage specifically for a Grade 6 reading level. Make sure the language is engaging, descriptive, and uses vocabulary appropriate for this age group while maintaining clarity. Adjust sentence structure to keep the reader interested. **Output ONLY the rewritten text.**",4.078
0,2,8,"Please rewrite the following passage to be appropriate for a Grade 8 reading level. Improve the flow, vary the sentence structure, use more engaging vocabulary, and combine repetitive ideas while maintaining an informative and enthusiastic tone. Do not summarize or change the core facts presented in the text. Output ONLY the rewritten text.

Passage: Soccer is a fun game. It is very popular. It is popular all over the world. It is fun to watch. It is fun to play. It is a simple game. There are two teams. They play on a big grassy field. There is one ball. There are two goals with nets. Each team tries to kick the ball into the other team's net. The players cannot use their hands. They cannot touch the ball with their hands. They use their feet to move the ball. They use their chests to move the ball. They use their heads to move the ball. The players run back and forth. They slide on the grass. They crash into one another. They play to win.",5.883
0,2,10,"Rewrite the following passage on soccer for an audience of Grade 10 students. Elevate the vocabulary and sentence structure to reflect a more mature reading level while maintaining an engaging and informative tone. Combine short, repetitive sentences into more complex descriptions and elaborate slightly on the strategy or physicality of the sport without losing the original meaning. Output ONLY the rewritten text; do not include any introduction, explanation, or heading.

[Passage:] Soccer is a fun game. It is very popular. It is popular all over the world. It is fun to watch. It is fun to play. It is a simple game. There are two teams. They play on a big grassy field. There is one ball. There are two goals with nets. Each team tries to kick the ball into the other team's net. The players cannot use their hands. They cannot touch the ball with their hands. They use their feet to move the ball. They use their chests to move the ball. They use their heads to move the ball. The players run back and forth. They slide on the grass. They crash into one another. They play to win.",5.840
0,2,12,"Rewrite the following passage for a Grade 12 audience. Elevate the vocabulary, vary the sentence structures, and adopt a more descriptive, sophisticated, and analytical tone while retaining all core information about the game. Do not include any introductory text or explanations; output ONLY the rewritten passage.

[Passage to rewrite: Soccer is a fun game. It is very popular. It is popular all over the world. It is fun to watch. It is fun to play. It is a simple game. There are two teams. They play on a big grassy field. There is one ball. There are two goals with nets. Each team tries to kick the ball into the other team's net. The players cannot use their hands. They cannot touch the ball with their hands. They use their feet to move the ball. They use their chests to move the ball. They use their heads to move the ball. The players run back and forth. They slide on the grass. They crash into one another. They play to win.]",6.591
2,0,0,"Rewrite the following passage for a Grade 0 reading level. Use extremely simple vocabulary, very short sentences, and focus on basic action words. You must output only the rewritten text, with no other explanation or introduction.

The passage is: Dad took his son Chris to the baseball game. The Los Angeles Dodgers were playing the San Francisco Giants. The Dodgers were the home team. The Giants were the visiting team. Dad and Chris walked into Dodger Stadium. Many people were there. Most of them wanted to see the Dodgers win. They wanted to see the Giants lose. Dad and Chris found their seats. They sat down. The game had already started. Chris told his dad he was hungry. His dad bought two bags of peanuts for Chris. He bought two hot dogs for Chris. He bought a big soda for Chris. A foul ball came their way. People dived for the foul ball. They knocked Chris' soda over. His dad bought him another soda.",5.501
2,0,2,"Rewrite this passage for a Grade 2 reading level. Use simple vocabulary, very short sentences, and clear actions to make the story easy to follow. Do not include any explanations or introductory text; output only the rewritten story.",5.181
2,0,4,"Rewrite the following passage so that it is appropriate for Grade 4 readers. Your revision should use simpler vocabulary, shorter sentences, and maintain an engaging narrative tone while keeping all the main details intact. Do not include any introductory phrases, explanations, or other text—output only the rewritten story.

The Passage:
Dad took his son Chris to the baseball game. The Los Angeles Dodgers were playing the San Francisco Giants. The Dodgers were the home team. The Giants were the visiting team. Dad and Chris walked into Dodger Stadium. Many people were there. Most of them wanted to see the Dodgers win. They wanted to see the Giants lose. Dad and Chris found their seats. They sat down. The game had already started. Chris told his dad he was hungry. His dad bought two bags of peanuts for Chris. He bought two hot dogs for Chris. He bought a big soda for Chris. A foul ball came their way. People dived for the foul ball. They knocked Chris' soda over. His dad bought him another soda.",5.440
2,0,6,"Rewrite the following passage for a Grade 6 reading level, improving descriptive language, varying sentence structure, and enhancing the overall narrative flow to keep the reader engaged. Ensure the tone is lively and easy to understand. When you are finished, output ONLY the rewritten text and nothing else.

[Passage]: Dad took his son Chris to the baseball game. The Los Angeles Dodgers were playing the San Francisco Giants. The Dodgers were the home team. The Giants were the visiting team. Dad and Chris walked into Dodger Stadium. Many people were there. Most of them wanted to see the Dodgers win. They wanted to see the Giants lose. Dad and Chris found their seats. They sat down. The game had already started. Chris told his dad he was hungry. His dad bought two bags of peanuts for Chris. He bought two hot dogs for Chris. He bought a big soda for Chris. A foul ball came their way. People dived for the foul ball. They knocked Chris' soda over. His dad bought him another soda.",5.867
2,0,8,"Rewrite the following passage to make it accessible and engaging for an estimated Grade 8 reading level. Focus on simplifying sentence structure, upgrading vocabulary while maintaining clarity, and keeping a narrative pace appropriate for the target age group. After rewriting the text, output ONLY the adjusted story; do not include any title, explanation, or introduction.

The passage is:
Dad took his son Chris to the baseball game. The Los Angeles Dodgers were playing the San Francisco Giants. The Dodgers were the home team. The Giants were the visiting team. Dad and Chris walked into Dodger Stadium. Many people were there. Most of them wanted to see the Dodgers win. They wanted to see the Giants lose. Dad and Chris found their seats. They sat down. The game had already started. Chris told his dad he was hungry. His dad bought two bags of peanuts for Chris. He bought two hot dogs for Chris. He bought a big soda for Chris. A foul ball came their way. People dived for the foul ball. They knocked Chris' soda over. His dad bought him another soda.",5.355
2,0,10,"Rewrite the following passage for a Grade 10 reading level. Elevate the vocabulary and sentence structure while deepening the descriptions and narrative flow. Focus on creating more complex language and pacing suitable for an adolescent audience, rather than maintaining simple chapter-book simplicity. Only output the rewritten text; do not include any explanation or surrounding commentary.

[Passage: Dad took his son Chris to the baseball game. The Los Angeles Dodgers were playing the San Francisco Giants. The Dodgers were the home team. The Giants were the visiting team. Dad and Chris walked into Dodger Stadium. Many people were there. Most of them wanted to see the Dodgers win. They wanted to see the Giants lose. Dad and Chris found their seats. They sat down. The game had already started. Chris told his dad he was hungry. His dad bought two bags of peanuts for Chris. He bought two hot dogs for Chris. He bought a big soda for Chris. A foul ball came their way. People dived for the foul ball. They knocked Chris' soda over. His dad bought him another soda.]",6.278
2,0,12,"Rewrite the following passage for a Grade 12 audience. Elevate the language by incorporating more sophisticated vocabulary, varying sentence structure, and enhancing descriptive detail to transform the narrative into mature, evocative prose suitable for advanced high school readers. Do not provide any commentary or additional text; output only the rewritten passage.",5.090
2,1,0,"Rewrite the following passage for Grade 0 readers. Use extremely simple vocabulary, short sentences, and focus on concrete actions. Do not write any explanation or intro text; output ONLY the rewritten dialogue.

Passage: Hi, I would like to know my credit balance.
Of course. May I have your credit card number?
Yes, it's 512879346. My name is John.
Alright, John. You currently have no dues on your credit card.
Really? I finally paid it off?
Yes, sir. Your balance is officially zero.
I must admit I am proud of myself!
Is there anything else you'd like me to check, sir?
Yes, can you change my card status from a college to normal account?
Of course, but you'll have to come to the bank to do that.
Alright, I'll be down first thing tomorrow.
Sounds good, sir. Have a good day.",5.225
2,1,2,"Rewrite this entire dialogue so it is suitable for a Grade 2 reading level. You must simplify all vocabulary and break down complex phrases into very short, simple sentences while keeping the meaning clear. Ensure the tone remains conversational but elementary.

Output only the rewritten text.",4.814
2,1,4,"Rewrite this dialogue so that it is easy for a Grade 4 reader to understand. Simplify any difficult or grown-up words, like ""credit balance,"" ""dues,"" and ""status."" The rewritten passage must maintain the conversation's flow but use simple vocabulary and shorter sentences. Do not include any explanations or extra text; only output the rewritten dialogue.",4.126
2,1,6,"Rewrite the following dialogue for a Grade 6 reading level. Simplify complex financial jargon (like ""credit balance,"" ""dues,"" and ""card status"") while keeping the tone conversational. Make the language clearer and the sentence structure simpler, ensuring the core meaning of the conversation remains intact. Output ONLY the rewritten text.

Passage: Hi, I would like to know my credit balance.
Of course. May I have your credit card number?
Yes, it's 512879346. My name is John.
Alright, John. You currently have no dues on your credit card.
Really? I finally paid it off?
Yes, sir. Your balance is officially zero.
I must admit I am proud of myself!
Is there anything else you'd like me to check, sir?
Yes, can you change my card status from a college to normal account?
Of course, but you'll have to come to the bank to do that.
Alright, I'll be down first thing tomorrow.
Sounds good, sir. Have a good day.",6.650
2,1,8,"Rewrite this dialogue for a Grade 8 reading level, simplifying any complex banking jargon or overly formal language while keeping the meaning clear and natural. Ensure the tone sounds like everyday conversation rather than scripted speech. When you are finished, only provide the revised dialogue text; do not include any introduction, explanation, or title.",4.965
2,1,10,"Rewrite this dialogue passage for Grade 10 readers. Focus on elevating the vocabulary and improving the overall formality and flow while maintaining the natural conversational tone of a bank setting. Adjust any overly casual phrasing to be more professional, ensuring the language is appropriate for this age group but maintains authenticity. Output ONLY the rewritten text; do not include any explanations or surrounding commentary.",4.334
2,1,12,"Rewrite the following dialogue passage for Grade 12 readers. Enhance the vocabulary, refine the professional register, and elevate the syntactical complexity while maintaining the conversational flow and original meaning. The language should sound more sophisticated and polished, suitable for an academic context or a mature screenplay excerpt.

Output ONLY the rewritten text. Do not include any explanations, introductory phrases, or surrounding dialogue.",5.274
2,2,0,"Rewrite this passage for a Grade 0 reading level. Use only the simplest vocabulary, extremely short sentences, and basic concepts. Do not add any explanations or commentary; output ONLY the rewritten text.",4.159
2,2,2,"Rewrite this passage for a Grade 2 reading level. Use simple vocabulary, short sentences, and everyday language suitable for young readers who are learning to read. Do not change the main meaning of the conversation. Only output the rewritten story.",4.670
2,2,4,"Rewrite the following passage for a Grade 4 reading level. Use simpler vocabulary, shorten complex sentences, and keep the natural tone of dialogue. Output ONLY the rewritten dialogue; do not include any explanations or headers.",5.086
2,2,6,"Rewrite the following dialogue passage so that it is easily understandable for a Grade 6 reading level, maintaining its original meaning and conversational tone. Focus on simplifying complex vocabulary and sentence structure where possible. When you are finished, output ONLY the fully rewritten text; do not include any introduction, explanation, or extra notes.

I'm so frustrated. I can't find any books on my research topic at my library.
Why don't you try a different library?
I don't want to waste gas money.
But you might find your book.
What library do you suggest?
I suggest the one near my house.
That is way too far for me.
They have a lot of books. That library has never disappointed me.
I have an idea! Why don't you borrow them for me?
I don't know about that. What if you lose the books?
I won't. I swear on my life.
Wow, you're so serious.",6.189
2,2,8,"Rewrite the following dialogue passage for an audience of Grade 8 readers. Adjust the vocabulary and sentence structure to improve clarity, while maintaining the natural, conversational tone. Ensure that the flow between speakers is smooth. When you are finished, output ONLY the rewritten dialogue; do not include any explanations, introductions, or additional text.

Passage: I'm so frustrated. I can't find any books on my research topic at my library.
Why don't you try a different library?
I don't want to waste gas money.
But you might find your book.
What library do you suggest?
I suggest the one near my house.
That is way too far for me.
They have a lot of books. That library has never disappointed me.
I have an idea! Why don't you borrow them for me?
I don't know about that. What if you lose the books?
I won't. I swear on my life.
Wow, you're so serious.",6.011
2,2,10,"Please rewrite the following dialogue to be appropriate for a Grade 10 reading level. Elevate the vocabulary and improve the sentence structure while maintaining the natural, conversational tone of the conversation. Ensure the rewritten text flows smoothly and clearly articulates the characters' thoughts. Output ONLY the final, revised passage without any introductions, explanations, or labels.

[Passage: I'm so frustrated. I can't find any books on my research topic at my library. Why don't you try a different library? I don't want to waste gas money. But you might find your book. What library do you suggest? I suggest the one near my house. That is way too far for me. They have a lot of books. That library has never disappointed me. I have an idea! Why don't you borrow them for me? I don't know about that. What if you lose the books? I won't. I swear on my life. Wow, you're so serious.]",5.943
2,2,12,"Rewrite the following dialogue for an audience of Grade 12 students, elevating the vocabulary and sentence structure to sound more articulate and sophisticated while maintaining the original conversational intent. Ensure that the tone remains appropriate for mature speakers but removes overly casual or simplistic phrasing. Output only the rewritten passage; do not include any introductory text, explanations, or additional formatting.",4.487
4,0,0,"Rewrite the following passage for a Grade 0 reading level. Use extremely simple vocabulary, very short sentences, and concrete language. The tone must remain friendly. Do not include any introductory remarks, explanation, or other surrounding text; output ONLY the rewritten message.",5.198
4,0,2,"Rewrite the following passage so that it is easy for a Grade 2 reader to understand. Use very simple words, short sentences, and clear language while keeping the friendly tone of the original letter. Do not include any headings, introductions, explanations, or other text—output only the rewritten email.",5.098
4,0,4,"Rewrite the following passage so that it is easily understood by a Grade 4 reader. Use simple vocabulary, shorter sentences, and clear language while keeping the friendly tone and all the main information intact. After rewriting, do not include any commentary or explanation; output ONLY the rewritten email text.

Passage: Hi Samia,
Just a quick email to say that sounds like a great idea. Saturday is better for me because I'm meeting my parents on Sunday. So if that's still good for you, why don't you come here? Then you can see the new flat and all the work we've done on the kitchen since we moved in. We can eat at home and then go for a walk in the afternoon. It's going to be so good to catch up finally. I want to hear all about your new job!
Our address is 52 Charles Road, but it's a bit difficult to find because the house numbers are really strange here. If you turn left at the post office and keep going past the big white house on Charles Road, there's a small side street behind it with the houses 50–56 in. Don't ask me why the side street doesn't have a different name! But call me if you get lost and I'll come and get you.
Let me know if there's anything you do/don't like to eat. Really looking forward to seeing you!
See you soon!
Gregor",6.285
4,0,6,"Rewrite the following email for a Grade 6 reading level. Simplify complex vocabulary, shorten long sentences, and keep the friendly, casual tone while making sure the directions are extremely easy to follow for a young reader. Output ONLY the rewritten text; do not include any introductory explanation or surrounding text.

Passage: Hi Samia,
Just a quick email to say that sounds like a great idea. Saturday is better for me because I'm meeting my parents on Sunday. So if that's still good for you, why don't you come here? Then you can see the new flat and all the work we've done on the kitchen since we moved in. We can eat at home and then go for a walk in the afternoon. It's going to be so good to catch up finally. I want to hear all about your new job!
Our address is 52 Charles Road, but it's a bit difficult to find because the house numbers are really strange here. If you turn left at the post office and keep going past the big white house on Charles Road, there's a small side street behind it with the houses 50–56 in. Don't ask me why the side street doesn't have a different name! But call me if you get lost and I'll come and get you.
Let me know if there's anything you do/don't like to eat. Really looking forward to seeing you!
See you soon!
Gregor",7.524
4,0,8,"Rewrite this passage for a Grade 8 reading level. The language should be clear, natural, and maintain the warm, friendly tone of an informal email. Simplify any overly complex phrasing or conversational slang, ensuring the flow remains easy to follow, especially when giving directions. Do not include any introductions, explanations, or any text other than the fully rewritten letter.",5.340
4,0,10,"Rewrite the following passage for a Grade 10 reading level. Adjust the language to be clearer, more descriptive, and slightly more mature while maintaining its warm and friendly tone. Improve the flow of ideas, especially in the directions section. You must output ONLY the rewritten text; do not include any preamble, explanation, or additional remarks.",5.052
4,0,12,"Revise this casual email as if it were being written by a slightly older, more articulate student preparing for college, suitable for an academic tone at Grade 12 level. Maintain the friendly and personal spirit of the original message, but elevate the vocabulary, refine the phrasing, and improve the overall structural sophistication while retaining its conversational flow. Output only the fully rewritten email text.",5.372
4,1,0,"Rewrite the following passage for Grade 0 readers. Use very simple words, keep sentences short, and focus on concrete action. Simplify all complex dialogue and advanced vocabulary (e.g., change 'childhood' to 'growing up'). The tone must remain fun and engaging but extremely accessible for early readers. Output ONLY the rewritten text; do not include any explanations or additional headers.",4.823
4,1,2,"Rewrite the following passage for a Grade 2 reading level. Use simple vocabulary, short sentences, and clear language suitable for children aged 7 to 8. The tone should remain fun and engaging. Output ONLY the rewritten text; do not include any explanation or additional formatting.",3.997
4,1,4,"Rewrite the following passage for an audience of Grade 4 readers. Simplify the vocabulary and break up any long or complex sentences while keeping the fun, friendly tone intact. Ensure the narrative flows smoothly and the characters' actions are clear to a younger reader. When you are finished, output ONLY the rewritten story, with no additional explanations, introductions, or text.

I had the most wonderful childhood. I grew up in San Diego, where it rains about two days a year, and it's always sunny and bright. I could ride my bike just about any day of the year, and had lots of friends. My best friend was George Kenny. George lived just a few houses down the block from me and we were the same age. Actually, I was about 28 days older than him – a fact that I always threw in his face. ""You must respect your elders,"" I would sometimes tell him. That usually got a nasty response from him. Anyway, George came up to me one day and said, ""Hey Richard, why don't we form a bicycle club?""

I thought about it for a while, and then he said, ""We could give ourselves a cool name and get hats and stickers and have lots of fun. What do you say?"" I immediately fell in love with the idea. ""You bet, Georgie Porgy!"" I used to call him that all the time even though I knew he hated it. Well before we knew it, we got a couple of other guys together and came up with the best name for a club ever. We were the ""White Skulls."" Why we chose that name, I'll never know, but all the kids seemed to like it, so I was okay with it, too.
The four of us went to the local bike shop and we each picked out a skull decal to put on our bikes. I chose a green one, while Georgie Porgy picked red. He shouted: ""I am the red skull! I am the king of the club! If you don't like it, try to take it from me!"" George was a pretty big guy, so no one argued with him. We rode our bikes everywhere and had a great summer. That's how we formed the greatest bike club ever!",8.497
4,1,6,"Rewrite the following passage for an audience of Grade 6 readers. Focus on simplifying the vocabulary, shortening complex sentences, and maintaining a fun, nostalgic tone while keeping the narrator's voice clear. Ensure the revised version is engaging but easily understood by this age group. When you are finished, output ONLY the rewritten text; do not include any introduction or explanation.",4.618
4,1,8,"Rewrite the following passage for a Grade 8 reading level. Focus on maintaining the engaging, nostalgic voice while improving sentence structure and clarifying descriptive details. Adjust the vocabulary so that the language is accessible but mature enough for this age group. Ensure the tone remains lighthearted and conversational, but more polished than the original text. Output ONLY the rewritten text.",4.517
4,1,10,"Rewrite the following passage for a Grade 10 reading level. The revision must elevate the vocabulary, improve sentence structure variety, and deepen the descriptive language while maintaining the original conversational tone and voice. Focus on making the narrative sound more sophisticated without losing its nostalgic charm. Output only the revised text; do not include any commentary or explanation.",4.483
4,1,12,"Rewrite the following passage for a Grade 12 audience. Elevate the diction, vary sentence structure, and refine the tone to be more sophisticated while maintaining the core nostalgic narrative of childhood friendships and adventure. The language should sound mature and polished, but the youthful spirit must remain intact.

Output ONLY the rewritten text. Do not include any introductory phrases, explanations, or conversational framing.",4.528
4,2,0,"Rewrite the following story for a Grade 0 reading level. Use extremely simple words, very short sentences, and focus only on basic actions and feelings (e.g., use ""big"" instead of ""large,"" or turn compound sentences into two separate, simple sentences). The language must be easily understood by a kindergartner. After rewriting the entire passage, output ONLY the new story text; do not include any introduction, explanation, or commentary.",5.691
4,2,2,"Rewrite this passage so that it is easily understood by a Grade 2 reader (around 7-8 years old). Your rewrite must use simple vocabulary, keep sentences short and direct, and focus on action and main characters while eliminating complex details, abstract concepts, or advanced terminology. After rewriting the text, output *only* the rewritten story.",3.901
4,2,4,"Rewrite the following passage for a Grade 4 reading level. Use simple vocabulary, keep the sentences short and clear, and maintain an exciting, engaging tone suitable for that age group. Focus on making the action easy to visualize. When you are done, output ONLY the rewritten story; do not include any titles, explanations, or introductory text.",4.579
4,2,6,"Rewrite the following passage for a Grade 6 reading level. Simplify the vocabulary, shorten complex sentences, and maintain an engaging narrative flow suitable for this age group. Ensure that all descriptive language is clear and accessible while keeping the tone exciting. Output ONLY the rewritten text; do not include any introduction or explanation.

[PASSAGE TO BE ADJUSTED]
Brian Nelson got his first skateboard when he was 9 years old. He started skating right away. He had friends at school that knew how to skate, so he would go to their houses after school. As time went by, Brian got better and better at skating. He could do a lot of tricks on his skateboard, but what Brian really loved was jumping over stairs with his skateboard. His record was 15 stairs, but he wanted to beat that record. Brian and his friends went to the Hollywood 18, where a lot of skaters go to make skating videos.

Brian knew that if he jumped over those stairs, he would become a legend with his friends. As he went up to the stairs, he started counting each stair one by one. He wanted to make sure they passed 15. On his first try, Brian jumped off his skateboard and landed on the grass next to the stairs. He wanted to try again, but he was scared. He finally got the nerve to try it again. This time he actually jumped over some stairs. Unfortunately, he didn't pass the 16th step in the staircase. He fell off his board, but he didn't get that hurt. Some girls were looking at Brian, and asked him if he could do it again. Brian knew he had to get it this time.
As Brian prepared for his jump, he kept looking at the girls that had gathered to see him. He was breathing heavy, but he knew he could do it. The time had arrived. Brian was ready to try it again. He pushed off the pavement, and started pedaling his skateboard faster and faster. He got to the top of the stairs and then he jumped. Brian was in the air for about 5 seconds and then he landed. The girls all applauded, and then Brian stopped his skateboard. He had done it. He beat his record. All the girls went up to give him a hug, but they all stayed away because he smelled. He started laughing. Everyone laughed and congratulated Brian.",7.963
4,2,8,"Rewrite the following passage for a Grade 8 reading level. Enhance the vocabulary, vary the sentence structure, and improve descriptive language while maintaining the fast pace of the narrative. The goal is to make the text engaging and sophisticated enough for an eighth-grade audience without losing the excitement of the story. Output ONLY the rewritten text; do not include any introduction, explanation, or surrounding commentary.

[Passage: Brian Nelson got his first skateboard when he was 9 years old. He started skating right away. He had friends at school that knew how to skate, so he would go to their houses after school. As time went by, Brian got better and better at skating. He could do a lot of tricks on his skateboard, but what Brian really loved was jumping over stairs with his skateboard. His record was 15 stairs, but he wanted to beat that record. Brian and his friends went to the Hollywood 18, where a lot of skaters go to make skating videos.

Brian knew that if he jumped over those stairs, he would become a legend with his friends. As he went up to the stairs, he started counting each stair one by one. He wanted to make sure they passed 15. On his first try, Brian jumped off his skateboard and landed on the grass next to the stairs. He wanted to try again, but he was scared. He finally got the nerve to try it again. This time he actually jumped over some stairs. Unfortunately, he didn't pass the 16th step in the staircase. He fell off his board, but he didn't get that hurt. Some girls were looking at Brian, and asked him if he could do it again. Brian knew he had to get it this time.
As Brian prepared for his jump, he kept looking at the girls that had gathered to see him. He was breathing heavy, but he knew he could do it. The time had arrived. Brian was ready to try it again. He pushed off the pavement, and started pedaling his skateboard faster and faster. He got to the top of the stairs and then he jumped. Brian was in the air for about 5 seconds and then he landed. The girls all applauded, and then Brian stopped his skateboard. He had done it. He beat his record. All the girls went up to give him a hug, but they all stayed away because he smelled. He started laughing. Everyone laughed and congratulated Brian.]",8.117
4,2,10,"Rewrite the following narrative passage for a Grade 10 reading level. Elevate the vocabulary, vary the sentence structure using more complex syntax, and enhance the descriptive language to make the action feel more dramatic and immersive. Focus on deepening Brian's internal conflict and motivations rather than simply stating his feelings. Output ONLY the rewritten text; do not include any introductory phrases, explanations, or additional commentary.",4.724
4,2,12,"Rewrite this narrative passage for an advanced, Grade 12 readership. Your revision must significantly elevate the prose by upgrading the vocabulary, varying sentence structure to incorporate compound and complex sentences, and enhancing descriptive detail. Focus on building tension during Brian's preparation for the jump and deepening the sense of struggle between fear and ambition. Maintain the original plot points while giving the text a more sophisticated, literary flow. Output ONLY the rewritten passage.",7.183
6,0,0,"Rewrite this passage to be easily understood by a Grade 0 reader. Use very simple words, short sentences, and basic vocabulary. Focus on telling a clear story without using complex concepts or large amounts of money details. Do not include any introduction, headings, or explanations—output only the fully rewritten text.",5.451
6,0,2,"Rewrite the following passage so that it is easy for a Grade 2 reader to understand. Use very simple words, short sentences, and focus on concrete actions. Do not add any explanations or descriptions; only output the rewritten story.",4.797
6,0,4,"Rewrite the following passage for a Grade 4 reading level (approx. age 9–10). Simplify all complex vocabulary, shorten long sentences, and explain abstract concepts (like ""foreclosed"" or ""investment"") using simple, child-friendly language while keeping the story clear and engaging. Output ONLY the rewritten text; do not include any additional explanations, introductions, or titles.",6.626
6,0,6,"Rewrite the following passage so that it is easily understood by a Grade 6 reader. Simplify complex vocabulary, break down long sentences, and maintain the original narrative flow while keeping the tone engaging. Do not include any introduction, explanation, or title before or after the rewritten text; output ONLY the revised story.",4.775
6,0,8,"Rewrite the following passage for a Grade 8 reading level. Simplify complex vocabulary, break down long sentences, and ensure the tone remains engaging while making the narrative easy to understand for an eighth-grade student. Maintain all of the original plot points and financial details. Output ONLY the rewritten text; do not include any headings, introductions, or explanations.",4.525
6,0,10,"Rewrite the following passage specifically for Grade 10 readers. Elevate the vocabulary and sentence structure to match a more advanced middle-high school reading level while ensuring the narrative flow remains clear. Correct any grammatical errors present in the original text. Upon completion, output ONLY the revised and polished text; do not include any introductory phrases or commentary.",4.989
6,0,12,"Rewrite the following passage for a Grade 12 readership, elevating the vocabulary, improving the sentence structure and flow, and increasing the overall narrative sophistication while maintaining the original story's core meaning. Do not include any introductory text, explanations, or commentary; output only the completely rewritten passage.

[Insert Passage Here]",3.882
6,1,0,"Rewrite this entire passage for a Grade 0 reading level. Use extremely simple vocabulary and very short sentences to describe the story. Ensure the tone remains narrative but is highly accessible to early readers. Output ONLY the rewritten, simplified text.",3.951
6,1,2,"Rewrite this passage for a Grade 2 reading level. Use simple vocabulary, short sentences, and clear action descriptions suitable for young readers. Maintain the original story's meaning while making it highly accessible. Output ONLY the rewritten text.",5.499
6,1,4,"Rewrite this passage for a Grade 4 reading level. Simplify all vocabulary and break up complex sentences while keeping the story's flow and meaning intact. Your response must include only the rewritten text; do not add any headings, explanations, or introductory phrases.",5.113
6,1,6,"Rewrite the following passage for a Grade 6 reading level. Use simpler vocabulary, shorter sentences, and clearer descriptions while keeping the story's emotional core intact. Output ONLY the fully rewritten text, and nothing else.",3.967
6,1,8,"Rewrite the following passage to match a Grade 8 reading level. Simplify complex vocabulary and shorten lengthy sentences while maintaining the original narrative flow and emotional tone. Only output the rewritten text; do not include any introductory phrases, explanations, or extra commentary.

At precisely 6 a.m., the sound of the alarm clock pierces the air. Sandy drags herself out of bed and begins her morning routine with a quick shower. After her shower, she prepares a simple breakfast. Grabbing a clean bowl from the dishwasher, she empties into it a packet of instant oatmeal. She pours in a cup of milk, stirs and heats the mixture in the microwave. While waiting for her oatmeal to cook, she dresses for the day, mindful of the weather.

Fully dressed now, she removes her oatmeal from the microwave, which has now cooled just enough to suit her taste. It is her favorite flavor, apple cinnamon. As she savors each bite, she is reminded of her mother, who always made sure Sandy ate a warm breakfast before leaving the house in the morning.

Checking the time on her phone, she hurriedly swallows the last few mouthful of oatmeal before heading out. As she steps into the street, a gust of wind blows back her hair. She covers her head with the hood of her coat, tightens the scarf around her neck, and braces for her walk to the train station.

After settling into her seat on the train, memories of her mother stir again. She takes out her phone and texts: ""Hey mom, thanks for the scarf you knit me. It came in real handy this morning. Love always.""",6.750
6,1,10,"Rewrite the following passage for a Grade 10 reading level. Elevate the vocabulary, refine the sentence structures to be more sophisticated, and deepen the descriptive language to enhance the emotional resonance of the characters' thoughts and feelings while maintaining the narrative flow. The tone should remain consistent with reflective storytelling. Do not include any explanations or commentary; output only the rewritten text.

Passage: At precisely 6 a.m., the sound of the alarm clock pierces the air. Sandy drags herself out of bed and begins her morning routine with a quick shower. After her shower, she prepares a simple breakfast. Grabbing a clean bowl from the dishwasher, she empties into it a packet of instant oatmeal. She pours in a cup of milk, stirs and heats the mixture in the microwave. While waiting for her oatmeal to cook, she dresses for the day, mindful of the weather.

Fully dressed now, she removes her oatmeal from the microwave, which has now cooled just enough to suit her taste. It is her favorite flavor, apple cinnamon. As she savors each bite, she is reminded of her mother, who always made sure Sandy ate a warm breakfast before leaving the house in the morning.
Checking the time on her phone, she hurriedly swallows the last few mouthful of oatmeal before heading out. As she steps into the street, a gust of wind blows back her hair. She covers her head with the hood of her coat, tightens the scarf around her neck, and braces for her walk to the train station.

After settling into her seat on the train, memories of her mother stir again. She takes out her phone and texts: ""Hey mom, thanks for the scarf you knit me. It came in real handy this morning. Love always.""",7.491
6,1,12,"Rewrite the following passage to elevate its style and complexity for a Grade 12 readership. Enhance the narrative using sophisticated vocabulary, varying sentence structures, and more descriptive sensory details. Focus on transitioning simple actions into more evocative descriptions of internal thought and external setting. The tone should remain warm yet mature. Output only the rewritten text.",5.278
6,2,0,"Rewrite the following passage for a Grade 0 reader. Use extremely simple vocabulary, very short sentences, and basic concepts. The text should sound like a picture book story. Only output the rewritten text; do not include any introduction or explanation.",4.545
6,2,2,"Rewrite the following passage so it is easy for a Grade 2 reader to understand. Use simple vocabulary and short sentences, keeping the main events clear and exciting. Do not add any explanations or extra details. When you are finished, output ONLY the rewritten story.",4.615
6,2,4,"Rewrite the following passage for a Grade 4 reading level. Your rewrite must use simpler vocabulary, shorter sentences, and clear descriptions of actions and consequences suitable for a child aged nine or ten. Maintain the original story's meaning while simplifying complex language and structures.

Output ONLY the rewritten text; do not include any explanations, headings, or other surrounding text.",5.167
6,2,6,"Rewrite the following passage for a Grade 6 reading level. Your goal is to simplify complex vocabulary, shorten long sentences, and maintain an engaging narrative tone without losing any key information. Use simple, direct language suitable for middle school students. Do not include any introduction, explanation, or any text other than the rewritten story.

The Mexican national soccer team had just won a match against Croatia in the World Cup. This meant that Mexico advanced to the next round. Mexican soccer fans worldwide are known for loyalty to their team. After this win, however, some wonder if they took their loyalty too far.

In Huntington Park, California, fans took to the street after the win. The afternoon crowd grew to almost 200 people. The fans waved flags, yelled, honked their cars, and jumped around the streets. The crowd was so big that they blocked traffic. This caused traffic jams in the area. While most of these fans were just overzealous, a handful were intoxicated. Instead of just celebrating, they began throwing bottles. Some of the fans even began rocking cars parked on the streets. Police were called to the scene. Not only did the local police department send in patrol cars, two police helicopters flew overhead and some police on horseback began to try to disperse the crowd. Someone threw a bottle at a police horse. Police urged shop owners to close their businesses. The police arrested five people. Thankfully no one was hurt.
When Mexico played again the following week, police patrolled the streets in advance. This time they were going to be prepared if Mexico won again. Mexico was playing against the Netherlands. The Dutch team won 2-1. Mexican fans in Huntington Park still took to the streets despite the loss. This time the police were waiting in riot gear. The fans waved flags, chanted, honked horns, rocked cars and even lit firecrackers but no one threw bottles. The police didn't arrest anyone. They did have to close off three blocks to traffic, though. The police were probably secretly glad that Mexico didn't win. In four years, when the next World Cup happens, they'll worry about it again.",8.007
6,2,8,"Adjust the following passage so that it is easily understood by a Grade 8 student while maintaining its narrative flow and exciting tone. Focus on simplifying complex vocabulary, breaking up long sentences without losing meaning, and ensuring clear transitions between events (e.g., from celebration to conflict). You must rewrite the text to be engaging for a middle school audience. Output ONLY the rewritten passage; do not include any introduction, explanation, or additional commentary.",4.923
6,2,10,"Rewrite the following passage to adjust its language and complexity for an educated Grade 10 reading level. Improve transitions, vary sentence structure, and incorporate more sophisticated vocabulary while maintaining a journalistic tone. Ensure the final output consists solely of the rewritten passage.",4.660
6,2,12,"Rewrite the following passage for a Grade 12 audience. Elevate the language by adopting sophisticated vocabulary, utilizing varied and complex sentence structures, and employing stronger transitions to create a more nuanced journalistic narrative. Focus on analyzing the dynamics between fan passion, civil disorder, and law enforcement responses, rather than simply describing events. The resulting text must maintain all key information while achieving an academic tone appropriate for advanced high school students. Output ONLY the rewritten passage; do not include any introduction, explanation, or commentary.",6.949
8,0,0,"Rewrite this entire passage for a Grade 0 reading level. Use very simple words, short sentences, and clear language. Focus on making the descriptions easy for a child to understand. Output ONLY the rewritten story; do not include any title, introduction, or explanation.",2.989
8,0,2,"Rewrite the following passage about wedding receptions for a Grade 2 reading level. Use very simple words, short sentences, and basic vocabulary so that young children can easily understand it. Keep all the main ideas but break down complex concepts into simpler steps. Output ONLY the rewritten text; do not include any introduction, explanations, or extra commentary.",4.929
8,0,4,"Rewrite the following passage for a Grade 4 reading level. Simplify complex vocabulary, shorten long sentences, and use very clear, engaging language that keeps young readers interested. The goal is to maintain all the key information while making it easy to understand. You must ensure that your output contains ONLY the fully rewritten text, with no introductory phrases, explanations, or extra commentary whatsoever.",5.460
8,0,6,"Rewrite the following passage for a Grade 6 reading level. Simplify complex vocabulary, break down long sentences, and ensure the tone is engaging while keeping all the original information about wedding receptions. When you are finished, output ONLY the rewritten text; do not include any introductory phrases or explanations.",4.091
8,0,8,"Rewrite the following passage about wedding receptions for a Grade 8 reading level. Simplify the vocabulary, break down complex sentences, and adjust the tone to be engaging while keeping all the core information accurate. Output only the rewritten text; do not include any introductory phrases or explanations.

[Passage Text: There can be different kinds of entertainment at a wedding reception. Usually there will be a Master of Ceremonies, or MC, who helps move the reception along by making announcements of what will happen next. For example, the MC will announce when the newly married couple enters the reception hall, and all the guests will stand up and applaud. A wedding reception usually has music and guests are expected to dance. The music can be provided by a DJ or by a live band. Sometimes the DJ or live band will accept requests from guests to play a certain song. When the newly married couple enters the reception, they will share a dance by themselves to a song they picked beforehand. Usually the song is something romantic and represents the couple's love for one another. Sometimes the bride will share a dance with her father and the groom will share a dance with his mother. After these special dances, the guests are invited to the dance floor.

Food at a wedding reception can be buffet style, where everyone serves himself or herself, or it can be a sit-down meal served by waiters. Guests get to choose among a meat, chicken or fish deal. Guests generally make their choices when they respond to the initial wedding invitations.
During a wedding, guests shouldn't expect to spend too much time with the bride and groom. The new couple is usually very busy greeting all of their guests. Sometimes the couple doesn't even get a chance to eat. What almost every newly married couple does get to eat at their wedding reception is the wedding cake. The bride and groom traditionally cut through the wedding cake together, and then feed the other person a bite.]",8.072
8,0,10,"Rewrite the following passage for a Grade 10 reading level. Elevate the vocabulary, improve the sentence structure to ensure variation and flow, and enhance the overall academic tone while maintaining clarity. Pay particular attention to creating smoother transitions between describing the reception activities (music/dances) and the meal arrangements (buffet/sit-down). When you are finished, output ONLY the revised text; do not include any introductory phrases, explanations, or additional commentary.

[Passage provided here: There can be different kinds of entertainment at a wedding reception...]",4.858
8,0,12,"Revise the following passage specifically for a Grade 12 reading level. Elevate the vocabulary, enhance sentence complexity, and adopt a more formal, descriptive tone while maintaining clarity and flow. Ensure the rewritten text is sophisticated enough for an advanced high school audience but remains accessible.

Output ONLY the completely rewritten text. Do not include any introductory phrases, explanations, or notes.",9.549
8,1,0,"Rewrite the following passage for a Grade 0 reading level. Use extremely simple vocabulary, short sentences, and basic concepts that are easy for young children to understand. Do not add any explanations or introductory text. Only output the completely rewritten, simplified text.",11.553
8,1,2,"Rewrite the following passage about Valentine's Day so that it is easy for a Grade 2 reader to understand. Use simple words, short sentences, and fun examples suitable for young children. Focus on the ideas of love, friendship, and giving cards/gifts. Do not include any commentary or additional text; output ONLY the rewritten story.

**Passage:**
Valentine's Day, February 14, is a holiday that celebrates love and friendship in the United States. Most people think of it as a romantic day to show the one you love how much you care by purchasing cards and gifts. Valentine's Day is also an extremely commercial holiday. People spend money on flowers, balloons, chocolate, stuffed animals, and jewelry. People also go out for expensive dinners. Valentine's Day is even celebrated by school children, who give thank-you cards to their teachers. Some high schools have Valentine's Day dances. Classmates give each other little cards. These cards can be purchased at any store with famous cartoon characters. It is considered much more thoughtful to have kids make handmade cards to give to friends and teachers.
 
Valentine's Day is also a great day to announce your love to someone like a secret crush. Some people even get married on Valentine's Day. However, you don't have to be in love to share in the festivities. You can say ""Happy Valentine's Day"" to friends and coworkers.
Valentine's Day is not an official holiday though in the U.S., meaning government offices and schools are open as usual. The date used to be the celebration of a Saint named Valentine who allegedly saved a young girl's life. It wasn't until the Middle Ages that romance somehow got mixed in with the date and lovers would send each other handwritten love notes. Back then you couldn't just go to the store and buy a card the way you can now.
You know Valentine's Day is around the corner when stores begin to decorate with red and pink hearts and the symbol of Cupid, a winged ancient Roman god said to strike the hearts of people Now it seems Cupid goes straight after your wallet because you will also see many more jewelry ads as Valentine's Day approaches.",19.760
8,1,4,"Rewrite the following passage so that it is easy for a Grade 4 student to read and understand. Use simple words, shorter sentences, and engaging language. Make sure to simplify complex vocabulary and historical details while keeping the main ideas clear. Output ONLY the rewritten text; do not include any introductions, explanations, or notes.

Passage: Valentine's Day, February 14, is a holiday that celebrates love and friendship in the United States. Most people think of it as a romantic day to show the one you love how much you care by purchasing cards and gifts. Valentine's Day is also an extremely commercial holiday. People spend money on flowers, balloons, chocolate, stuffed animals, and jewelry. People also go out for expensive dinners. Valentine's Day is even celebrated by school children, who give thank-you cards to their teachers. Some high schools have Valentine's Day dances. Classmates give each other little cards. These cards can be purchased at any store with famous cartoon characters. It is considered much more thoughtful to have kids make handmade cards to give to friends and teachers.

Valentine's Day is also a great day to announce your love to someone like a secret crush. Some people even get married on Valentine's Day. However, you don't have to be in love to share in the festivities. You can say ""Happy Valentine's Day"" to friends and coworkers.

Valentine's Day is not an official holiday though in the U.S., meaning government offices and schools are open as usual. The date used to be the celebration of a Saint named Valentine who allegedly saved a young girl's life. It wasn't until the Middle Ages that romance somehow got mixed in with the date and lovers would send each other handwritten love notes. Back then you couldn't just go to the store and buy a card the way you can now.

You know Valentine's Day is around the corner when stores begin to decorate with red and pink hearts and the symbol of Cupid, a winged ancient Roman god said to strike the hearts of people Now it seems Cupid goes straight after your wallet because you will also see many more jewelry ads as Valentine's Day approaches.",19.537
8,1,6,"Rewrite the following passage for Grade 6 readers. Your goal is to simplify the vocabulary and break down complex sentences while keeping all of the original information about Valentine's Day—its meaning, its history, why it is commercial, and how different people celebrate it. Use an engaging, straightforward tone suitable for a middle-grade curriculum. Output ONLY the rewritten text; do not include any headings, introductions, or explanations.

Valentine's Day, February 14, is a holiday that celebrates love and friendship in the United States. Most people think of it as a romantic day to show the one you love how much you care by purchasing cards and gifts. Valentine's Day is also an extremely commercial holiday. People spend money on flowers, balloons, chocolate, stuffed animals, and jewelry. People also go out for expensive dinners. Valentine's Day is even celebrated by school children, who give thank-you cards to their teachers. Some high schools have Valentine's Day dances. Classmates give each other little cards. These cards can be purchased at any store with famous cartoon characters. It is considered much more thoughtful to have kids make handmade cards to give to friends and teachers.

Valentine's Day is also a great day to announce your love to someone like a secret crush. Some people even get married on Valentine's Day. However, you don't have to be in love to share in the festivities. You can say ""Happy Valentine's Day"" to friends and coworkers.

Valentine's Day is not an official holiday though in the U.S., meaning government offices and schools are open as usual. The date used to be the celebration of a Saint named Valentine who allegedly saved a young girl's life. It wasn't until the Middle Ages that romance somehow got mixed in with the date and lovers would send each other handwritten love notes. Back then you couldn't just go to the store and buy a card the way you can now.

You know Valentine's Day is around the corner when stores begin to decorate with red and pink hearts and the symbol of Cupid, a winged ancient Roman god said to strike the hearts of people Now it seems Cupid goes straight after your wallet because you will also see many more jewelry ads as Valentine's Day approaches.",23.151
8,1,8,"Rewrite the following passage for a Grade 8 reading level. Your revision should maintain all key facts about Valentine's Day—including its commercial nature, its historical origins, and its meaning beyond romantic relationships—but simplify the vocabulary, improve sentence structure, and make the tone more engaging and accessible for young teenagers. Focus on clarity and readability without losing detail.

Output ONLY the rewritten text; do not include any introductory phrases, explanations, or other commentary.",11.022
8,1,10,"Adjust the following passage for an academic audience of Grade 10 students. Elevate the vocabulary, improve sentence complexity and variety, and refine the tone to be maturely informative while maintaining all key points regarding Valentine's Day's history, celebration facets, and commercial aspects. Output only the rewritten text.",13.550
8,1,12,"Rewrite the following passage on Valentine's Day for an academic audience of Grade 12 students. Elevate the vocabulary, improve sentence complexity, and refine the tone from conversational to analytical, discussing the commercialization and cultural significance of the holiday in depth. Ensure smooth transitions between historical context, modern practices, and social commentary. Output only the rewritten text; do not include any introductory remarks, explanations, or accompanying commentary.

Passage: Valentine's Day, February 14, is a holiday that celebrates love and friendship in the United States. Most people think of it as a romantic day to show the one you love how much you care by purchasing cards and gifts. Valentine's Day is also an extremely commercial holiday. People spend money on flowers, balloons, chocolate, stuffed animals, and jewelry. People also go out for expensive dinners. Valentine's Day is even celebrated by school children, who give thank-you cards to their teachers. Some high schools have Valentine's Day dances. Classmates give each other little cards. These cards can be purchased at any store with famous cartoon characters. It is considered much more thoughtful to have kids make handmade cards to give to friends and teachers.

Valentine's Day is also a great day to announce your love to someone like a secret crush. Some people even get married on Valentine's Day. However, you don't have to be in love to share in the festivities. You can say ""Happy Valentine's Day"" to friends and coworkers.

Valentine's Day is not an official holiday though in the U.S., meaning government offices and schools are open as usual. The date used to be the celebration of a Saint named Valentine who allegedly saved a young girl's life. It wasn't until the Middle Ages that romance somehow got mixed in with the date and lovers would send each other handwritten love notes. Back then you couldn't just go to the store and buy a card the way you can now.

You know Valentine's Day is around the corner when stores begin to decorate with red and pink hearts and the symbol of Cupid, a winged ancient Roman god said to strike the hearts of people Now it seems Cupid goes straight after your wallet because you will also see many more jewelry ads as Valentine's Day approaches.",20.817
8,2,0,"Rewrite the following passage for a Grade 0 reading level. Use extremely simple words and very short sentences. Keep the meaning, but make it easy to understand. Output ONLY the rewritten text.",10.553
8,2,2,"Rewrite this passage so that it is easy for a Grade 2 reader to understand. Use simple words, short sentences, and clear explanations. Make sure the tone is fun but respectful. When you are done rewriting the text, output ONLY the rewritten story, with no headings, introductions, or extra explanation.",11.841
8,2,4,"Rewrite the following passage for a Grade 4 reading level. Use simpler vocabulary, shorter sentences, and clear language to ensure the ideas are easily understood by an elementary school student. Keep the main message intact while simplifying complex concepts like ""reliving,"" ""occasion,"" or ""stereotype."" Output ONLY the rewritten text; do not include any introductions, explanations, or headings.",10.876
8,2,6,"Rewrite the following passage for a Grade 6 reading level. Simplify complex vocabulary, shorten long sentences, and adjust the tone to be engaging and educational for middle school students, while keeping the core message about theme parties intact. After rewriting the text, output ONLY the rewritten passage. Do not include any other commentary or introduction.",13.637
8,2,8,"Rewrite the following passage for a Grade 8 reading level. Simplify complex vocabulary and restructure long sentences while maintaining all key information. Ensure the tone is engaging but informative. After rewriting the text, output ONLY the revised version; do not include any commentary or explanation.",10.468
8,2,10,"Rewrite the following passage for a Grade 10 reading level. Enhance the vocabulary, improve the flow and structure, and maintain an engaging, informative tone suitable for this age group. Ensure that the crucial advice about cultural sensitivity is handled with appropriate maturity and seriousness. Do not provide any commentary or explanation; output ONLY the revised text.

[Passage: Who says adult parties have to be boring. More and more adults are reliving their childhoods or creating memories they didn't have as children by having theme parties for their birthday or other occasions.
Theme parties are based on an idea, a television show, a fictional character, or really anything. Sometimes guests are expected to dress according to the theme as well. For example, the Toga party is a type of theme party where guests are expected to dress in togas, really just white sheets. Toga parties used to be especially popular among college students. In a masquerade party, everyone wears a mask and has to guess who is behind it. The mystery is part of the fun. Speaking of mystery, there are murder mystery parties, where the guests have to solve a fake murder. Some adults throw parties based on seasons. A summer beach party, for example, might feature guests wearing their swimsuits. Another popular type of theme party is the game night party. In this type of party, people get together to play various board games. A variation of the game night party is the casino party, where adults play games typically found in a casino-like blackjack or poker.
Another theme party could focus on a specific region or country. For example, a Mexican theme party might feature tacos, the colors of the Mexican flag and Mexican music. Guests should be careful when dressing up for these types of theme parties though. Dressing up like a certain ethnic or racial group is usually considered offensive. It's better to just enjoy the food, and not portray a stereotype.]",23.255
8,2,12,"Rewrite the following passage for a Grade 12 academic reading level. Elevate the vocabulary, enhance sentence complexity, and refine the overall tone to be more formal and expository while retaining all core information about various theme parties and appropriate cultural considerations. Ensure that you maintain structural clarity and flow when discussing the diverse types of themed events (e.g., toga, masquerade, murder mystery, seasonal, regional).

Output *only* the rewritten text; do not include any introductions, headers, or explanations.",10.535
10,0,0,"Rewrite this passage for a Grade 0 reading level. Use only very short sentences, simple words, and basic concepts that a young child can understand. You must simplify all jargon and complex ideas. When you are finished, output ONLY the rewritten text; do not include any introduction or explanation.",11.180
10,0,2,"Rewrite the following passage for a Grade 2 reading level. Use very simple words and short sentences that are easy for young children to understand. Focus only on what happens with the zombies and who the new main characters are. Do not use any big words or technical terms (like ""executive producer,"" ""prequel,"" or ""development season""). You must output ONLY the rewritten text, with nothing else included.

[Passage to be inserted here]",13.474
10,0,4,"Rewrite the following article passage for an audience of Grade 4 readers. Simplify all technical language, complex vocabulary, and industry jargon (like ""prequel,"" ""executive producer,"" or ""companion series"") using simple analogies where necessary. Maintain the main story points (what show is starting, what it's about, and who is in it), but remove unnecessary production details (like specific network codes, release years/dates like ""2016,"" or lists of producers' roles). The resulting text should be highly engaging and easy for a 9-10 year old to understand. Output ONLY the rewritten text.",15.408
10,0,6,"Rewrite the following passage so that it is easy for an average Grade 6 student to understand. Use simpler words, shorter sentences, and clear explanations for industry jargon (like ""executive producer"" or ""prequel""). Make sure the tone remains informative and engaging, like a kid-friendly news report. Output ONLY the rewritten text; do not include any headings, introductions, or extra explanation.

[Paste the provided passage here]",12.549
10,0,8,"Rewrite this passage so that it is easily understood by Grade 8 readers. Simplify the complex vocabulary (e.g., ""prequel,"" ""showrunner,"" ""flagship series,"" ""executive producer"") and shorten the sentence structure while keeping all the essential details intact. Maintain an exciting, journalistic tone suitable for a teen audience. Output ONLY the rewritten text; do not include any introductory remarks or explanations.",10.980
10,0,10,"Rewrite the following passage for an engaging Grade 10 reading level. Simplify specialized vocabulary (e.g., ""preemptively renewed,"" ""executive producer,"" ""showrunner""), clarify industry jargon, and maintain an exciting, journalistic tone while keeping all essential factual information intact. The language should be clear and accessible to a high school student. Output ONLY the rewritten text—do not include any additional commentary or explanations.",13.478
10,0,12,"Rewrite the following passage, adapting the language, tone, and complexity for an academic audience of Grade 12 students. Ensure that the rewritten text maintains all factual information—the title announcement, key cast members, plot details, production roles, and release dates—but elevates the vocabulary and syntax to be sophisticated and formal. The goal is to transform pop culture reporting into a polished, readable article suitable for advanced high school comprehension.

Output ONLY the rewritten text.",13.151
10,1,0,"Write a complete rewrite of this passage for Grade 0 readers. Your goal is to use extremely simple vocabulary, short sentences, and concrete concepts so that a five-year-old can understand the main ideas. Use basic sentence structures and focus on emotional or very clear actions (e.g., ""People left,"" ""It is fun there,"" instead of complex metrics). You must only output the rewritten text; do not include any introduction, explanation, or heading.",15.987
10,1,2,"Rewrite the following passage so that a Grade 2 student can easily understand it. Use very simple words and short sentences. Focus on explaining the main idea: Big websites like Facebook are losing people's attention because kids and adults want to try fun new things online. The rewritten text must be easy for children to read aloud. Output ONLY the rewritten text, nothing else.

Passage: ﻿Facebook has lost millions of users per month in its biggest markets, independent data suggests, as alternative social networks attract the attention of those looking for fresh online playgrounds. As Facebook prepares to update investors on its performance in the first three months of the year, with analysts forecasting revenues up 36% on last year, studies suggest that its expansion in the US, UK and other major European countries has peaked. In the last month, the world’s largest social network has lost 6m US visitors, a 4% fall, according to analysis firm Socialbakers. In the UK, 1.4m fewer users checked in in March, a fall of 4.5%. The declines are sustained. In the last six months, Facebook has lost nearly 9m monthly visitors in the US and 2m in the UK. Users are also switching off in Canada, Spain, France, Germany and Japan, where Facebook has some of its biggest followings. A spokeswoman for Facebook declined to comment. “The problem is that, in the US and UK, most people who want to sign up for Facebook have already done it,” said new media specialist Ian Maude at Enders Analysis. “There is a boredom factor where people like to try something new. Is Facebook going to go the way of MySpace? The risk is relatively small, but that is not to say it isn’t there.” Alternative social networks such as Instagram, the photo-sharing site that won 30m users in 18 months before Facebook acquired the business, have seen surges in popularity with younger age groups. Path, the mobile phone-based social network founded by former Facebook employee Dave Morin, which restricts its users to 150 friends, is gaining 1m users a week. It has recently topped 9m users, with 500,000 Venezuelans downloading the app in a single weekend. Facebook is still growing fast in South America. Monthly visitors in Brazil were up 6% in the last month to 70m, according to Socialbakers, whose information is used by Facebook advertisers. India has seen a 4% rise to 64m – still a fraction of the country’s population, leaving room for further growth. But in developed markets, other Facebook trackers are reporting declines. Analysts at Jefferies bank have developed an algorithm that interfaces directly with Facebook software and it “suggests user levels in [the first quarter] may have declined from peak”. Jefferies saw global numbers peak at 1.05bn a month in January, before falling by 20m in February. Numbers rose again in April. The network has now lost nearly 2m visitors in the UK since December, according to research firm Nielsen, with its 27m total flat on a year before. The number of minutes Americans spend on Facebook appears to be falling, too. The total was 121 billion minutes in December 2012, but that fell to 115 billion minutes in February, according to comScore. As Facebook itself has warned, the time spent on its pages from those sitting in front of personal computers is declining rapidly because we are switching our screen time to smartphones and tablets. While smartphone minutes have doubled in a year, to 69 a month, that growth is not guaranteed to compensate for dwindling desktop usage. Facebook is the most authoritative source on its own user numbers, and the firm will update investors on its performance for the quarter. Wall Street expects revenues of about $1.44bn, up from $1.06bn in 2012. Shareholders will be particularly keen to learn how fast Facebook’s mobile user base is growing, and whether advertising revenues are increasing at the same rate. Mobile usage represented nearly a quarter of Facebook’s advertising income at the end of 2012, and the network had 680m mobile users a month in December. The company warned in recent stockmarket filings that it might be losing “younger users” to “other products and services similar to, or as a substitute for, Facebook”. Wary of competition from services that were invented for the mobile phone rather than the PC, founder Mark Zuckerberg has recently driven through a series of new initiatives designed to appeal to smartphone users. The most significant is Facebook Home, software that can be downloaded onto certain Android phones to feed news and photos from friends – and advertising – directly to the owner’s locked home screen.",39.522
10,1,4,"Please rewrite the following passage so that it is easily understood by a Grade 4 student (around 9–10 years old). You must simplify all complex vocabulary, convert lengthy statistical information into simple concepts, and use short, engaging sentences. The tone should be conversational, like telling a story. Focus on explaining *what* Facebook is struggling with and *why* people might be moving to other apps, without using any of the specific numbers or jargon (like ""algorithms,"" ""revenue,"" ""declines,"" or ""quarter""). Output ONLY the rewritten text.",18.565
10,1,6,"Rewrite the following passage so that it is easy for a Grade 6 reader to understand. Your goal is to simplify all complex vocabulary, break down difficult concepts (like ""revenue"" or ""declines""), and maintain an engaging, clear narrative suitable for this age group. The tone should be informative but conversational.

Output ONLY the rewritten text; do not include any introductions, explanations, headings, or other text.",12.467
10,1,8,"Rewrite this passage so that it is easily understandable for a Grade 8 reader (approximately 13–14 years old). Simplify all specialized vocabulary and technical jargon (e.g., ""algorithm,"" ""declines are sustained,"" ""revenue,"" ""desktop usage"") while keeping the core facts intact. The tone should be engaging, like a simplified news report. You must only output the rewritten text; do not include any explanations, introductions, or headings.",17.464
10,1,10,"Rewrite the following passage so that it is easily understood by a Grade 10 student. When revising, focus on simplifying complex vocabulary, breaking down long or run-on sentences, and explaining any industry jargon (such as ""analysts,"" ""quarterly performance,"" or ""revenue""). The revised text must maintain an informative, journalistic tone while being highly accessible. Output ONLY the rewritten passage; do not include any headings, explanations, or introductory phrases.",20.336
10,1,12,"Rewrite this passage for an advanced high school audience (Grade 12). Your goal is to improve clarity and readability without sacrificing intellectual depth. Simplify overly dense technical jargon while maintaining a sophisticated, journalistic tone suitable for academic readers. Break up run-on sentences and clarify complex arguments (e.g., the relationship between mobile usage decline/growth) while preserving all key facts and statistics. Output only the rewritten text.",20.327
10,2,0,"Rewrite the following passage for a Grade 0 reading level. Use extremely simple vocabulary, short sentences, and concrete concepts. Focus on basic sight words and simple actions. After rewriting, output ONLY the rewritten text. Do not include any titles, explanations, or additional words.

Passage: Stephanie recently took a weekend trip to Los Angeles, California. Los Angeles is a coastal city situated along the Pacific Ocean. Many celebrities earned their claim to fame here. Although the town offers many attractions centered around Hollywood culture, there is a lot to see and visit in Los Angeles.
Of course, all things related to Hollywood are popular tourist attractions. The Hollywood Sign, located the Hollywood Hills of the Santa Monica Mountains, is a famous landmark for this star-studded town. Once in downtown Hollywood, it’s possible to take a stroll along the Hollywood Walk of Fame. This landmark contains more than 2500 brass stars dedicated to celebrities who have made a significant impact on the entertainment industry. In Hollywood, visitors can even take tours of popular movie studios. Stephanie had a chance to visit Universal Studios, which produces her favorite films.
Los Angeles is also a popular beach town, offering plenty of opportunities for sunbathing and surfing. A common beach destination is the Santa Monica Pier, which offers rides and attractions to its visitors. Here, Stephanie rode the iconic Ferris wheel, which offered her a spectacular view of the city and coast.
These are just some of the things Stephanie experienced during her visit to Los Angeles. She loved her trip, and she hopes to return someday soon.",25.121
10,2,2,"Rewrite the following passage so that it is easy for a Grade 2 reader to understand. Use very simple words, short sentences, and clear descriptions. Ensure the tone remains engaging and descriptive of Stephanie's fun trip. When you are finished rewriting the text, output ONLY the rewritten story—do not include any title, introduction, or extra explanation.

Passage:
Stephanie recently took a weekend trip to Los Angeles, California. Los Angeles is a coastal city situated along the Pacific Ocean. Many celebrities earned their claim to fame here. Although the town offers many attractions centered around Hollywood culture, there is a lot to see and visit in Los Angeles. Of course, all things related to Hollywood are popular tourist attractions. The Hollywood Sign, located the Hollywood Hills of the Santa Monica Mountains, is a famous landmark for this star-studded town. Once in downtown Hollywood, it’s possible to take a stroll along the Hollywood Walk of Fame. This landmark contains more than 2500 brass stars dedicated to celebrities who have made a significant impact on the entertainment industry. In Hollywood, visitors can even take tours of popular movie studios. Stephanie had a chance to visit Universal Studios, which produces her favorite films. Los Angeles is also a popular beach town, offering plenty of opportunities for sunbathing and surfing. A common beach destination is the Santa Monica Pier, which offers rides and attractions to its visitors. Here, Stephanie rode the iconic Ferris wheel, which offered her a spectacular view of the city and coast. These are just some of the things Stephanie experienced during her visit to Los Angeles. She loved her trip, and she hopes to return someday soon.",23.961
10,2,4,"Rewrite the following passage so that it is easy for a Grade 4 reader to understand. Use simple vocabulary, shorter sentences, and clear descriptions while keeping all the main information. After rewriting the text, output only the revised story. Do not include any explanations or headings.

[The Passage]: Stephanie recently took a weekend trip to Los Angeles, California. Los Angeles is a coastal city situated along the Pacific Ocean. Many celebrities earned their claim to fame here. Although the town offers many attractions centered around Hollywood culture, there is a lot to see and visit in Los Angeles. Of course, all things related to Hollywood are popular tourist attractions. The Hollywood Sign, located the Hollywood Hills of the Santa Monica Mountains, is a famous landmark for this star-studded town. Once in downtown Hollywood, it’s possible to take a stroll along the Hollywood Walk of Fame. This landmark contains more than 2500 brass stars dedicated to celebrities who have made a significant impact on the entertainment industry. In Hollywood, visitors can even take tours of popular movie studios. Stephanie had a chance to visit Universal Studios, which produces her favorite films. Los Angeles is also a popular beach town, offering plenty of opportunities for sunbathing and surfing. A common beach destination is the Santa Monica Pier, which offers rides and attractions to its visitors. Here, Stephanie rode the iconic Ferris wheel, which offered her a spectacular view of the city and coast. These are just some of the things Stephanie experienced during her visit to Los Angeles. She loved her trip, and she hopes to return someday soon.",22.366
10,2,6,"Rewrite the following passage for a Grade 6 reading level. Use simpler vocabulary, shorter sentences, and clearer explanations while maintaining all of the original meaning. You must output only the rewritten text; do not include any introductions, headers, or additional explanations.

Passage: Stephanie recently took a weekend trip to Los Angeles, California. Los Angeles is a coastal city situated along the Pacific Ocean. Many celebrities earned their claim to fame here. Although the town offers many attractions centered around Hollywood culture, there is a lot to see and visit in Los Angeles.
Of course, all things related to Hollywood are popular tourist attractions. The Hollywood Sign, located the Hollywood Hills of the Santa Monica Mountains, is a famous landmark for this star-studded town. Once in downtown Hollywood, it’s possible to take a stroll along the Hollywood Walk of Fame. This landmark contains more than 2500 brass stars dedicated to celebrities who have made a significant impact on the entertainment industry. In Hollywood, visitors can even take tours of popular movie studios. Stephanie had a chance to visit Universal Studios, which produces her favorite films.
Los Angeles is also a popular beach town, offering plenty of opportunities for sunbathing and surfing. A common beach destination is the Santa Monica Pier, which offers rides and attractions to its visitors. Here, Stephanie rode the iconic Ferris wheel, which offered her a spectacular view of the city and coast.
These are just some of the things Stephanie experienced during her visit to Los Angeles. She loved her trip, and she hopes to return someday soon.",24.628
10,2,8,"Rewrite this passage for a Grade 8 reading level. Simplify the vocabulary and adjust sentence structures to improve clarity and flow, ensuring the language is engaging yet accessible for that age group. Maintain all the key information while adopting a more straightforward narrative tone. After rewriting the text, output ONLY the rewritten article; do not include any introduction, explanation, or headings.",16.911
10,2,10,"Rewrite the following passage for a Grade 10 reading level. Elevate the vocabulary and improve the overall flow while maintaining the descriptive tone of a travel narrative. Ensure the language is engaging but appropriate for mature teenagers. Output only the rewritten text.

Passage: Stephanie recently took a weekend trip to Los Angeles, California. Los Angeles is a coastal city situated along the Pacific Ocean. Many celebrities earned their claim to fame here. Although the town offers many attractions centered around Hollywood culture, there is a lot to see and visit in Los Angeles.
Of course, all things related to Hollywood are popular tourist attractions. The Hollywood Sign, located the Hollywood Hills of the Santa Monica Mountains, is a famous landmark for this star-studded town. Once in downtown Hollywood, it’s possible to take a stroll along the Hollywood Walk of Fame. This landmark contains more than 2500 brass stars dedicated to celebrities who have made a significant impact on the entertainment industry. In Hollywood, visitors can even take tours of popular movie studios. Stephanie had a chance to visit Universal Studios, which produces her favorite films.
Los Angeles is also a popular beach town, offering plenty of opportunities for sunbathing and surfing. A common beach destination is the Santa Monica Pier, which offers rides and attractions to its visitors. Here, Stephanie rode the iconic Ferris wheel, which offered her a spectacular view of the city and coast.
These are just some of the things Stephanie experienced during her visit to Los Angeles. She loved her trip, and she hopes to return someday soon.",23.811
10,2,12,"Revise the following passage for an academic audience of Grade 12 students. The revision must elevate the language by using sophisticated vocabulary, varying sentence structures, and adopting a more analytical or descriptive tone rather than a purely casual narrative voice. Ensure the rewritten text is cohesive, maintaining all key geographical and cultural information while sounding mature and academically polished. Output ONLY the fully revised passage.",16.374
12,0,0,"Rewrite this entire passage for a Grade 0 reading level. Use extremely simple vocabulary, very short sentences, and focus only on the most basic ideas. You must simplify all concepts of art museums, real estate development, finance, and community growth into terms a young child can understand (e.g., ""A big building shows cool pictures,"" instead of discussing donation specifics). Output ONLY the rewritten, simplified text.",17.817
12,0,2,"Rewrite this entire passage for an audience of Grade 2 readers. Simplify all vocabulary and sentence structures, using short sentences and clear concepts that a nine-year-old can easily understand. Focus on the core story: how a wealthy person is helping make Miami a wonderful place to see art. Maintain an engaging, storytelling tone throughout the piece. Only output the rewritten text; do not include any introductory phrases, explanations, or notes.",23.915
12,0,4,"Rewrite this entire passage for Grade 4 students. The language must be simple, clear, and engaging. Break down long paragraphs and complex ideas (like real estate development or naming disputes) into very short, digestible chunks. Focus on telling a story about how Miami is getting better because of art. Replace all specialized vocabulary with common words that a fourth grader would understand. Do not include any explanation or introduction; output only the rewritten text.",20.545
12,0,6,"Rewrite the following passage for a Grade 6 reading level. Your revision must achieve the following goals: 1) Simplify complex vocabulary and technical jargon (e.g., 'hydroponic,' 'revitalization,' 'capital campaign') using common language. 2) Break down long, complicated sentences into shorter, clearer statements. 3) Maintain a clear, narrative flow while simplifying the core story—how Jorge Pérez is helping Miami become a major art center. Do not include any explanations or details unnecessary for this age group. Output ONLY the rewritten text.",24.767
12,0,8,"Adjust the following passage so that it is easily understood by Grade 8 readers. When rewriting, you must:
1. Simplify complex vocabulary without losing meaning (e.g., replace jargon like ""revitalization,"" ""hydroponic,"" or ""capital campaign"").
2. Shorten long sentences and break up dense paragraphs into smaller, more digestible sections.
3. Maintain the narrative flow while simplifying highly detailed background information (such as specific dates, financial figures, or complex name-change arguments).
4. Keep the tone informative but engaging for a middle school audience.

Output ONLY the rewritten text; do not include any title, explanation, or framing language.",20.552
12,0,10,"Adjust the following passage for a Grade 10 reading level. The goal is to make the complex ideas—including real estate finance, art market terminology, and philanthropic disputes—accessible without losing the historical depth or the narrative flow. Simplify specialized vocabulary (e.g., ""hydroponic,"" ""capital campaign,"" ""urban planner"") while maintaining an engaging, journalistic tone. Structure the piece into clear sections that explain *who* Jorge Pérez is, *what* the museum represents for Miami's future, and *why* the name debate occurred. Ensure the rewritten text reads like a cohesive article suitable for a high school literature or social studies assignment. Output ONLY the fully rewritten passage.",23.830
12,0,12,"Rewrite the following passage for an audience of Grade 12 students. The revision must elevate the vocabulary, improve structural flow, and deepen the analysis of themes like cultural patronage, urban revitalization, and the relationship between art and commercial development. Focus on maintaining a sophisticated journalistic tone while simplifying technical jargon without sacrificing intellectual depth. When you are finished, output only the rewritten text; do not include any introduction, explanation, or header material.",22.841
12,1,0,"Rewrite the following passage entirely for Grade 0 readers (kindergarten level). Use very simple words, short sentences, and concrete concepts so a young child can easily understand it. Do not use any complex vocabulary or historical jargon. Focus on making the main message clear and gentle. Output ONLY the rewritten text; do not include any introduction, explanation, or title.

[Passage]: Affectionately known in his home city of Madrid as the wise man of Hortaleza, Luis Aragones left the legacy of helping Spain's ascension to the top of world football.
Aragones, whose death at the age of 75 was announced Saturday, coached his national side to the European Championship title in 2008 -- the country's first success at a major tournament in more than 40 years.
That breakthrough was continued by his successor Vicente del Bosque, who continued with the tiki taka passing style Aragones introduced, as La Roja won the 2010 World Cup and the 2012 European crown.
Without a doubt, he marked the road in this final successful phase. I felt a great deal of appreciation towards him, Del Bosque told the national team's official website.
I knew he had some health problems, but I never imagined it would lead to this.
Always with us, Luis, led the website tribute of Atletico Madrid, the club where Aragones played for a decade between 1964-74 and was head coach on four occasions, most recently 2001-03.
He guided Atletico to the La Liga title in 1977 and the Spanish Cup on three occasions.
Luis Aragones was a great player and coach, but before all that a great person and a friend, said the team's president Enrique Cerezo.
First and foremost he was Atletico. We want to express on behalf of the whole club our condolences to his family.
Aragonesfinal coaching job was with Turkish side Fenerbahce, which ended in mid-2009, and late last year he announced his retirement from the game -- in which he started out at Getafe in 1957.
He was reportedly taken to a Madrid hospital last week with a serious illness, from which he did not recover.
Aragones will be buried at a private ceremony on Sunday. Atletico will observe a minute's silence ahead of the home match against Real Sociedad, in which the team will seek to go top of the table above another of his former teams, Barcelona.
I wish to express our sorrow at the loss of one of football's greatest men and one of the most charismatic and likeable managers we remember, Barca president Josep Maria Bartomeu said before his side's 3-2 defeat by Valencia -- its first at home in the league since April 2012.
As a club, we had the honor of his services, albeit for a very short time, in the 1987-88 season, when we won the Spanish Cup.
We much appreciate his respect for Barca, its model and our players. Euro 2008, with Puyol, Xavi, Iniesta and so many others, is a great example.
Aragonesappreciation of Barca's tiki taka style -- started by Johann Cruyff and developed by Pep Guardiola -- was borne out by the number of the players from the Catalan club he selected for the national team.
But his heart lay in the nation's capital, where he was on the books of Atletico's big rival Real Madrid from 1958-60 as a player -- though he spent most of that time out on loan to other clubs.
The loss of Luis Aragones saddens all of us who love football, said Real president Florentino Perez.
Today is a day of mourning for this sport, but it should also be a day of recognition for a legendary figure who was vital in giving us a glorious period with our Spanish national team.
He ennobled this sport and all Spanish fans owe him gratitude and respect. His personal and professional career was always characterized by honesty and hard work.
The only blot on his international career was an incident in 2004, when he was accused of making a racial comment -- which was caught on television cameras -- about France striker Thierry Henry while he was trying to motivate his players in training ahead of a World Cup qualifying match.
Aragones was fined by European football's ruling body UEFA and subsequently apologized to Henry, insisting he had not intended to make a racial insult.",49.797
12,1,2,"Rewrite the following article about Luis Aragonés for an audience of Grade 2 readers. Use very simple language, short sentences, and easy vocabulary. Explain difficult concepts like ""national team"" or ""football legend"" in a way a child can understand. Keep the tone respectful but fun. Focus on his success (helping Spain's team win big games) and being a great person. Only output the simplified text.",5.499
12,1,4,"Simplify the following passage about Luis Aragonés so that it is easily understood by Grade 4 readers (approximately 9-10 years old). Use short sentences, simple vocabulary, and clear explanations. Do not lose the main facts of his life or career. Output ONLY the rewritten text.",5.102
12,1,6,"Rewrite this passage to be easily understood by Grade 6 students. Simplify the language, use shorter sentences, and break up large paragraphs. Explain complex sports terms or historical references (like ""tiki taka,"" ""European Championship,"" or specific league names) in simple terms so that a middle-school reader can follow the story of Luis Aragones' life and career. Focus on clarity and maintaining an engaging tone suitable for young readers. Output ONLY the rewritten text, with no extra commentary or explanations.",5.159
12,1,8,"Rewrite the following passage about Luis Aragones so that it is easily understood by an eighth-grade reader. Your revision must simplify complex vocabulary, break up overly long sentences, and ensure clear flow while keeping the respectful tone of a tribute. When simplifying technical or foreign terms (like ""tiki taka"" or ""La Roja""), provide brief, natural explanations for the target audience. Do not include any introductory text, notes, or explanations with your output; output ONLY the completely rewritten passage.",6.077
12,1,10,"Rewrite the following passage so that it is clear and engaging for Grade 10 students, while maintaining its informative and respectful tribute tone. Simplify complex vocabulary and phrasing without losing any essential historical details. Ensure that specific football terminology (like ""tiki taka"" or major tournament names) are presented clearly.

Output only the rewritten text. Do not include any headers, explanations, or additional commentary.",5.892
12,1,12,"Rewrite the following passage into a cohesive, sophisticated narrative article suitable for Grade 12 readers. The tone must be respectful, commemorative, and highly journalistic. Your goal is not merely paraphrasing, but restructuring the material by:
1. Eliminating redundant or overly dense direct quotes while retaining the core sentiments of the tributes (e.g., ""great person,"" ""vital role"").
2. Improving the flow between historical facts (his career at Atletico/Real Madrid), his national team achievements (European Championship 2008, World Cup 2010), and personal anecdotes.
3. Maintaining clarity regarding specialized football terminology like ""tiki-taka.""
4. Ensuring the final text reads as a single, polished feature article rather than an aggregation of disconnected quotes.

Output ONLY the rewritten passage; do not include any introduction, commentary, or transition text.",7.313
12,2,0,"Rewrite the following passage for a Grade 0 reading level. Use extremely simple words, very short sentences, and clear, basic concepts. Do not use complex vocabulary or long clauses. Focus only on explaining that bad things happened and people were hurt. When you are finished, output ONLY the rewritten text.",4.924
12,2,2,"Rewrite the following news report so that it is easily understood by a Grade 2 student. Use very simple words, short sentences, and basic vocabulary. Focus only on explaining the main events (the attacks) without going into complex political history or details about religious groups, unless absolutely necessary for context. Do not include any introductions, headings, or notes; output ONLY the rewritten text.

[Original Passage: Seven police officers were killed and nine were injured Tuesday in a series of attacks at security checkpoints in the western Iraqi province of Anbar, police said. The attacks happened in the town of al-Rutba, a predominantly Sunni Muslim community that for a few years was an al Qaeda stronghold after the 2003 U.S-led invasion of the country. In Tuesday's first attack, a suicide car bombing at a police checkpoint in northern al-Rutba killed four police officers and injured three others, said police officials in Ramadi, the provincial capital. Gunmen later attacked several security checkpoints in the town, killing three police officers and wounding six, police said. Information about the attackerscasualties, beyond the suicide bomber, was n't available. Al-Rutba is about 435 kilometers -LRB- 270 miles -RRB- west of the country's capital, Baghdad. Also Tuesday, a car bomb exploded near a busy market in the central Iraqi town of Musayyib in Babil province, killing one person and injured 11, police in Baghdad said. Musayyib, a largely Shiite town, is about 70 kilometers -LRB- 43 miles -RRB- south of Baghdad. Iraq has seen a sharp increase in tension between its Shiite and Sunni populations since April, when security forces raided a site used by Sunni protesters to demonstrate against the Shiite-led government. Sunnis, who represent a minority of Iraqis, have felt politically marginalized since the overthrow of Saddam Hussein in 2003. Shiites make up a majority of Iraqis. So far in 2013, more than 6,000 people have been killed in Iraq. More than 350 of those deaths came this month, and almost 1,000 happened in September. Journalist Mohammed Adnan in Falluja contributed to this report.]",8.561
12,2,4,"Rewrite the following passage for an audience of Grade 4 students. Use simple vocabulary, shorter sentences, and clear explanations for complex concepts like political groups (Sunni, Shiite) or historical terms. The tone should be informative but easy to understand. Ensure all details from the original text are maintained but simplified.

Output ONLY the rewritten text. Do not include any introduction, explanation, or section headers with your response.

Passage: Seven police officers were killed and nine were injured Tuesday in a series of attacks at security checkpoints in the western Iraqi province of Anbar, police said.
The attacks happened in the town of al-Rutba, a predominantly Sunni Muslim community that for a few years was an al Qaeda stronghold after the 2003 U.S-led invasion of the country.
In Tuesday's first attack, a suicide car bombing at a police checkpoint in northern al-Rutba killed four police officers and injured three others, said police officials in Ramadi, the provincial capital.
Gunmen later attacked several security checkpoints in the town, killing three police officers and wounding six, police said.
Information about the attackerscasualties, beyond the suicide bomber, was n't available. Al-Rutba is about 435 kilometers -LRB- 270 miles -RRB- west of the country's capital, Baghdad.
Also Tuesday, a car bomb exploded near a busy market in the central Iraqi town of Musayyib in Babil province, killing one person and injured 11, police in Baghdad said.
Musayyib, a largely Shiite town, is about 70 kilometers -LRB- 43 miles -RRB- south of Baghdad.
Iraq has seen a sharp increase in tension between its Shiite and Sunni populations since April, when security forces raided a site used by Sunni protesters to demonstrate against the Shiite-led government.
Sunnis, who represent a minority of Iraqis, have felt politically marginalized since the overthrow of Saddam Hussein in 2003. Shiites make up a majority of Iraqis.
So far in 2013, more than 6,000 people have been killed in Iraq. More than 350 of those deaths came this month, and almost 1,000 happened in September.
Journalist Mohammed Adnan in Falluja contributed to this report.",9.862
12,2,6,"Rewrite the following passage for a Grade 6 reading level. Use simple vocabulary, break down complex sentences, and explain difficult concepts (like ""sectarian"" or ""political marginalization"") clearly. Focus on maintaining the core facts about the violence, but make the explanation easy for an 11 or 12-year-old to understand. Output ONLY the rewritten text; do not include any introduction, notes, or explanations.

[Passage: Seven police officers were killed and nine were injured Tuesday in a series of attacks at security checkpoints in the western Iraqi province of Anbar, police said. The attacks happened in the town of al-Rutba, a predominantly Sunni Muslim community that for a few years was an al Qaeda stronghold after the 2003 U.S-led invasion of the country. In Tuesday's first attack, a suicide car bombing at a police checkpoint in northern al-Rutba killed four police officers and injured three others, said police officials in Ramadi, the provincial capital. Gunmen later attacked several security checkpoints in the town, killing three police officers and wounding six, police said. Information about the attackerscasualties, beyond the suicide bomber, was n't available. Al-Rutba is about 435 kilometers -LRB- 270 miles -RRB- west of the country's capital, Baghdad. Also Tuesday, a car bomb exploded near a busy market in the central Iraqi town of Musayyib in Babil province, killing one person and injured 11, police in Baghdad said. Musayyib, a largely Shiite town, is about 70 kilometers -LRB- 43 miles -RRB- south of Baghdad. Iraq has seen a sharp increase in tension between its Shiite and Sunni populations since April, when security forces raided a site used by Sunni protesters to demonstrate against the Shiite-led government. Sunnis, who represent a minority of Iraqis, have felt politically marginalized since the overthrow of Saddam Hussein in 2003. Shiites make up a majority of Iraqis. So far in 2013, more than 6,000 people have been killed in Iraq. More than 350 of those deaths came this month, and almost 1,000 happened in September. Journalist Mohammed Adnan in Falluja contributed to this report.]",9.238
12,2,8,"Rewrite the following news article passage for a Grade 8 reading level. Simplify complex vocabulary, break down long sentences, and clarify political jargon while keeping all factual information accurate and objective. You must output ONLY the rewritten text; do not include any introduction, explanation, or concluding remarks.

[Passage goes here]",4.925
12,2,10,"Rewrite the following passage for a Grade 10 reading level. Your goal is to improve clarity, simplify complex vocabulary, break down long, dense sentences, and provide basic definitions or context for specialized terms (such as ""Sunni,"" ""Shiite,"" ""al Qaeda stronghold,"" or specific historical figures/events). Maintain all key factual information while making the tone engaging and easy for a high school student to understand.

Output ONLY the fully rewritten passage; do not include any introduction, explanation, headings, or other text before or after the rewrite.",5.917
12,2,12,"Revise the following journalistic passage to adopt a sophisticated, academic tone suitable for Grade 12 readers. Enhance clarity by improving transitions between the different reported incidents and contextual details (e.g., linking the political marginalization of Sunnis directly to the current instability). Elevate the vocabulary and sentence structure while maintaining journalistic objectivity. Do not include any commentary or headings—output only the completely rewritten, polished text.",5.858
