0,0,0,"Maria is learning to add numbers. It's fun to add numbers. Adding is easy. You can add one and one. One and one are two. Two and two are four. Three and three are six. But what about four and four? Maria didn't know that. She asked her mom. Her mom said, ""Four and four are eight."" Maria was happy now.",1.170
0,0,2,"Maria is learning to add numbers. She likes adding numbers. Adding numbers is easy. Maria can add one and one. One and one make two. Two and two are four. Three and three are six. But then she got stuck. Four and four? What's that? She asked her mom for help. Her mom said, ""Four and four are eight."" Maria was happy. Now she knows. When I am four years old now, in four more years, I will be eight. Maria learns fast.",1.385
0,0,4,"Maria was learning to add numbers. She liked adding numbers. Adding numbers is easy. She could add one and one. One plus one makes two. Two plus two are four. Three plus three are six. But she didn't know what four plus four were. So, she asked her mom. Her mom said four plus four are eight. Maria was happy now. ""I'm glad I know,"" Maria said.",1.219
0,0,6,"Maria was learning to add numbers. She liked doing math. Adding numbers is easy. Maria could add 1 and 1. She knew that made 2. She also knew that 2 + 2 = 4. And 3 + 3 = 6. But she didn't know what happened when you added 4 together. So, she asked her mom. Her mom told her that 4 + 4 = 8. ""Now I get it!"" Maria said. When you're four years old and add four more years, you'll be eight! Maria was a good learner.",1.521
0,0,8,"Maria was learning to add numbers. She enjoyed adding numbers. It was simple to add numbers once you understood the basics. For example, one plus one equals two. Two plus two is also four. Three added to three makes six. However, when she tried four and four, she got confused. Her mom helped her figure it out. Four plus four really does equal eight. ""Now I understand,"" Maria said with a smile. ""If I'm four years old now, in four more years I'll be eight."" It was clear that Maria picked up things quickly.",1.504
0,0,10,"Maria was learning to add numbers as part of her basic arithmetic skills. She enjoyed the process of combining numbers and found it relatively easy to do so. Initially, she could only add simple numbers like one and one, which equaled two. As she progressed, she discovered that adding equal numbers resulted in double their value: two and two made four, while three and three yielded six. However, when she encountered the concept of four and four, she was unsure of the correct outcome. This led her to ask her mother for clarification. Her mother explained that four and four indeed equaled eight. Maria's understanding was now complete, and with this newfound knowledge, she was able to visualize a future scenario where, at age 8, she would be twice as old as her current self. Maria demonstrated a natural aptitude for learning, quickly grasping complex concepts without much difficulty or delay.",2.011
0,0,12,"Maria had been studying arithmetic, specifically the concept of addition. Her enthusiasm for mastering this skill was evident in her diligence and eagerness to grasp its underlying principles. Initially, she found it straightforward to add numbers together, effortlessly calculating that one plus one equaled two. She also quickly grasped the notion that three added to itself yielded six. However, when confronted with more complex combinations, such as four and four, she encountered difficulties understanding their sum. Seeking guidance, Maria approached her mother, who explained that the total of four and four was indeed eight. Maria's confidence and knowledge were restored by this explanation. As a child who had already demonstrated rapid progress in learning to count, it was not surprising that she was able to quickly adapt to this new information, exhibiting an aptitude for mathematical reasoning that would likely serve her well in the years to come.",1.998
0,1,0,He lived in Las Vegas. He went to a casino. He played at the roulette table. He bought one chip for a lot of money. He flipped a coin. The coin spun around. Heads came up. He put his money on red. A man with a big smile spun the wheel. It went round and round. He pushed a ball into it. The ball went round and round too. Then it stopped. It fell in a red hole. He was happy! The dealer gave him another chip. He gave the dealer some extra money. He got his chips back and went home.,1.548
0,1,2,"It was New Year's Day. A man lived in Las Vegas. He drove to a casino. He walked to a special table with spinning wheels. He bought one chip for $100. He flipped a coin, caught it, and saw that it was heads. He put the chip on red.

The dealer spun the wheel around and around. The dealer pushed a silver ball. It went round and round too. 

The wheel slowed down. The ball slowed down. Then it fell into a red slot. He won! The dealer gave him another $100 chip.

He gave the dealer some money as a thank you. He cashed in his chips. He went home. He felt happy. It was going to be a good year.",1.829
0,1,4,It was New Year's Day. A man lived in Las Vegas. He drove to a casino. He walked to a roulette table. He bought one chip for $100. He flipped a coin and caught it. The coin was heads up. He put the $100 chip on red. The dealer turned the wheel around. The ball went round and round too. Then it slowed down. It fell into a red slot. He won! The dealer gave him another $100 chip. He gave the dealer some money for helping him. He exchanged both chips for real money. He went home feeling happy. He thought his year would be good.,1.653
0,1,6,"It was New Year's Day. He lived in Las Vegas. He drove to a casino and walked over to a roulette table. He bought one chip for $100 and flipped it. The coin landed on heads, so he put his money on red. The dealer spun the wheel and the ball. They went round and round, then slowed down and stopped. The ball fell into a red slot - he won! The dealer gave him another $100 chip. He tipped the dealer $10 and cashed in both chips. Then he went home feeling happy. It was going to be a good year.",1.593
0,1,8,"It was New Year's Day, and he lived in Las Vegas. He drove over to a casino nearby. When he got there, he walked over to the roulette table. He bought one chip for $100, then flipped a coin into the air. It landed on heads, so he decided to bet on red. The dealer spun the big wheel around and round until it finally slowed down. Next, the dealer pushed the silver ball out towards the edge of the wheel. The ball rolled in a circle too before slowly falling down into a red slot. He was lucky - he won! The dealer gave him another $100 chip as his prize. Feeling happy, he left the dealer a $10 tip and cashed in both chips. After that, he went home feeling good about the new year ahead of him.",1.964
0,1,10,"It was New Year's Day, and he had decided to start it with some luck. In Las Vegas, where he lived, there were numerous casinos to choose from. He drove over to one of them, eager to test his fortune. As he walked towards the roulette table, he couldn't help but feel a sense of excitement building up inside him.

He placed a $100 bet on red, after flipping a coin and catching it - heads, the lucky side. The dealer spun the wheel, releasing the silver ball into its circular journey. Round and round it went, with the wheel and ball seemingly oblivious to their surroundings.

As they slowed down, anticipation filled the air. Finally, the ball dropped into a red slot, a sound of cheers erupting from the crowd as he let out a triumphant yell - he had won! The dealer handed him a $100 chip as his prize, which he gladly accepted. Feeling generous, he gave the dealer a $10 tip for his good fortune.

He decided to cash in both chips and head home, feeling invigorated by his unexpected win. It was indeed going to be a great year, filled with promise and potential.",2.580
0,1,12,"It was January 1st, New Year's Day, and he resided in Las Vegas, a city renowned for its casinos and entertainment venues. As a means of celebrating the beginning of another year, he decided to visit one of these establishments. He drove to a prominent casino and made his way to the roulette table, where patrons eagerly awaited their turn to place wagers.

He purchased a single chip valued at $100 and flipped it into the air, catching it deftly as it landed. The coin revealed its face, displaying heads, which he took as an auspicious omen. Based on this sign, he placed his bet, wagering the entire value of the chip on the color red.

The croupier spun the wheel, a large and intricate contraption adorned with various numbers and symbols. As it rotated rapidly, the dealer then pushed the silver ball into its path. The two continued to rotate in tandem, their movement seemingly chaotic but eventually slowing down as they drew closer to coming to rest.

Finally, the ball dropped onto one of the numbered slots, this time landing in a red compartment, which meant that he had emerged victorious. The dealer rewarded him with another chip worth $100, and as a token of appreciation for his good fortune, he handed over a small gratuity of $10 to the dealer.

With his winnings now in hand, he chose to exchange both chips for cash, after which he departed the casino, feeling elated and optimistic about the prospects that lay ahead. It seemed likely that this would indeed be a productive year.",3.280
0,2,0,"Here is the rewritten passage at Flesch-Kincaid Grade level 0:

Soccer is fun. It's a popular game. Everybody likes it. We like to watch soccer. We like to play soccer too. Soccer is easy. There are two teams. They play on a big field. They kick a ball. The ball goes in a net. Each team wants the ball to go into their friend's net. You can't use your hands to hit the ball. You kick it with your feet.",1.432
0,2,2,Soccer is a fun game. Many people like it. It's played all over the world. Watching soccer is fun. Playing soccer is fun too. Soccer is an easy game. There are two teams. They play on a big grass field. There is one ball. The teams have goals with nets. Each team tries to kick the ball into the other team's net. Players can't use their hands. They use their feet to move the ball. They kick it and run around.,1.361
0,2,4,"Soccer is a fun game. Many people like it. It's popular everywhere in the world. Watching soccer can be fun too. Playing soccer is fun as well. Soccer is an easy game to understand.

There are two teams that play together. They have games on a big grassy field with goals at each end. There is one ball they all share. Each team tries to kick the ball into the other team's goal. The players can't use their hands. They move the ball with their feet, chest, or head.

The players run back and forth quickly. Sometimes they slide on the grass. When two players crash into each other, it's exciting! Both teams want to win when they play soccer.",1.774
0,2,6,"Here is the rewritten text at Flesch-Kincaid Grade scale 6:

Soccer is a fun sport. It's very popular all around the world. People like watching it. Kids enjoy playing it too. The game is easy to understand. Two teams take part in soccer. They play on a big grassy field. One ball is used for each game. Each team tries to kick the ball into their opponent's goal. The players can't use their hands to touch the ball. Instead, they use their feet, chest, or head to move it around. Players run fast and try to score goals. They sometimes slide on the grass and bump into each other. But most of all, soccer is a game where teams work together to win!",1.877
0,2,8,"Soccer is a fun game that people all around the world enjoy. Many consider it a popular sport, which has been enjoyed for generations. Watching soccer can be entertaining, but playing it can also be exciting. The rules are relatively simple. Two teams face off against each other in a match. Each team tries to score more goals than the other by kicking or heading the ball into their opponent's goal. A standard soccer field is large and usually made of grass. There are two goals with nets, one at each end of the field. To move the ball around the field, players use their feet, chests, or heads. They can't pick up the ball with their hands; that's not allowed in soccer. Players often run back and forth across the field while chasing after the ball. Sometimes they slide on the grass to try to get control of it quickly. As they play, they might crash into each other or fall down, but they keep going because winning is what matters most.",2.250
0,2,10,"Soccer is a popular team sport that is enjoyed by millions of people worldwide. Its universal appeal lies in its simplicity and fast-paced action. Typically, two teams with eleven players each compete against each other in a match. The objective of the game is for one team to score more goals than the opposing team by kicking or heading the ball into their net.

The rules of soccer emphasize fair play and sportsmanship. Players are not allowed to use their hands to control the ball, except for the goalkeeper who guards the net. Instead, they utilize various techniques with their feet, legs, and heads to move the ball around the field. The game requires a combination of physical fitness, strategy, and teamwork.

During a match, players continually move back and forth across the grassy field, often colliding with each other in an attempt to gain possession of the ball or block shots on goal. They may slide or dive to tackle opponents and protect the ball from being intercepted. The ultimate goal is for one team to outscore their opponent by scoring more goals within the allotted time frame.

The sport demands skill, agility, and endurance as players engage in a physically demanding activity that pushes them to their limits. As a result, soccer is an exciting and thrilling game to watch and play, with its universal appeal making it a beloved pastime for people of all ages and backgrounds.",2.924
0,2,12,"Here is a rewritten version of the passage at a Flesch-Kincaid Grade level of 12:

Soccer, also known as football in many parts of the world, is a highly captivating and physically demanding sport enjoyed by millions globally. Its widespread popularity can be attributed to its simplicity, yet strategic complexity. The objective of the game is for two teams to score more goals than their opponents by kicking or heading the ball into the opponent's goal.

Each team consists of players who utilize various techniques to control the ball, including using their feet, chests, and heads. However, they are prohibited from utilizing their hands, as this would be in contravention of the game's fundamental rules.

The game is played on a large, grassy field with two goals at each end, each equipped with a net. The players engage in intense physical activity, running back and forth, sliding on the ground, and sometimes colliding with one another in their pursuit of victory.

Ultimately, the team that scores more goals than its opponent within the allotted time frame is declared the winner.",2.409
2,0,0,"Dad took his boy to the baseball game. The Dodgers were playing the Giants. The Dodgers were home. The Giants were visitors. Dad and boy walked into the stadium. Many people were there. They wanted the Dodgers to win. They did not want the Giants to win. Dad and boy sat down. The game was on already. Boy said he was hungry. His dad got him peanuts, hot dogs and a big soda. A bad ball came by. People tried to get it. They knocked over boy's soda. His dad bought him another soda.",1.510
2,0,2,Dad took his son to the baseball game. The Dodgers and Giants were playing. The Dodgers played at home. The Giants came from a different place. Dad and his son walked into the stadium. Many people were there. People wanted the Dodgers to win. They did not want the Giants to win. Dad and his son found their seats. They sat down. The game had started already. Chris said he was hungry. His dad bought him some peanuts. He got hot dogs too. He also got a big drink. A ball went into the stands. People jumped for the ball. They knocked over Chris' drink. His dad bought him another drink.,1.674
2,0,4,"Dad took his son Chris to see a baseball game. The Los Angeles Dodgers were playing the San Francisco Giants. The Dodgers played at home and the Giants visited them. Dad and Chris went into Dodger Stadium. Many people were there. They all wanted the Dodgers to win and the Giants to lose. Dad and Chris sat down in their seats. The game was already going on. Chris said, ""I'm hungry."" His dad bought him two bags of peanuts and two hot dogs. He also got a big drink for Chris. A foul ball came flying towards them. People jumped up to catch it and knocked over Chris' drink. His dad bought him another drink.",1.698
2,0,6,"Dad took his son Chris to watch a baseball game. The Los Angeles Dodgers were playing against the San Francisco Giants. The Dodgers played at home and the Giants were visiting. Dad and Chris walked into the stadium where many people were already there. Everyone wanted the Dodgers to win and the Giants to lose. Dad and Chris found their seats and sat down. The game had started before they got there. Chris told his dad he was hungry, so his dad bought him peanuts, hot dogs, and a soda. A foul ball came flying towards them and people tried to catch it, but they knocked over Chris' soda instead. His dad bought him another soda.",1.637
2,0,8,"Dad took his son, Chris, to the baseball game at Dodger Stadium. The Los Angeles Dodgers were playing against the San Francisco Giants. Since they were playing at home, the Dodgers were the home team and the Giants were the visitors. As they walked into the stadium, Dad noticed that many people had come to watch the game. Most of them wanted to see the Dodgers win and the Giants lose.

Dad and Chris found their seats and sat down just in time for the second half of the game. Chris told his dad he was hungry, so Dad bought two bags of peanuts and two hot dogs for him. He also got a large soda to share with Chris.

Just as they were getting comfortable, a foul ball came flying towards them. Many fans tried to catch it, but in the excitement, someone accidentally knocked over Chris' soda. Don't worry, his dad was prepared and bought him another one right away.",2.180
2,0,10,"Dad took his son, Chris, to the baseball game at Dodger Stadium in Los Angeles. The Dodgers were competing against the Giants from San Francisco, who were considered the visiting team. Upon entering the stadium, they were surrounded by a large crowd of enthusiastic fans. Most spectators were rooting for the home team, eager to see the Dodgers emerge victorious and the Giants suffer defeat.

As Chris and his dad made their way through the sea of people, they eventually found their designated seats. However, before settling in, Chris expressed his hunger to his father, who promptly purchased two bags of peanuts and two hot dogs for him to enjoy. Additionally, he bought a large soda to quench Chris's thirst.

Just as the game was underway, an errant foul ball came hurtling towards them. Panicked spectators scrambled to catch it, resulting in a commotion that inadvertently knocked over Chris's soda. Undeterred, his dad quickly rectified the situation by purchasing another soda for his son to enjoy.",2.301
2,0,12,"Dad accompanied his son, Chris, to the baseball game at Dodger Stadium. The Los Angeles Dodgers were hosting the San Francisco Giants in a highly anticipated match. As the home team, the Dodgers had an inherent advantage, but the visiting Giants were determined to secure a win. Upon entering the stadium, Dad and Chris joined the throngs of enthusiastic spectators eager to see the Dodgers emerge victorious. Conversely, the opposing fans fervently wished for their team's defeat.

After securing their seats, they sat down to observe the game that had already commenced. During intermission, Chris expressed his hunger to his dad, who promptly made a purchase of peanuts, hot dogs, and a large soda to satiate his son's cravings.

Unforeseen circumstances soon arose when a foul ball careened towards them. In an attempt to salvage it, several fans leapt into action, inadvertently knocking over Chris' drink in the process. Dad quickly rectified the situation by acquiring another soda for his son.",2.278
2,1,0,"Here is the rewritten text at Flesch-Kincaid Grade scale 0:

Hi! How much money do I owe?
You want to know your credit card balance?
Yes. My number is 512879346.
I am John.
Good job, John. You don't have any money you owe on your card.
Really? I paid it all!
That's right, sir. Your bill is zero now.
I am happy I paid my bill.
Can I see something else?
Change your card from a college card to a regular one?
Yes, but you need to go to the bank for that.
Okay! See you tomorrow.
Good day, sir!",1.694
2,1,2,"Here is the rewritten passage at Flesch-Kincaid Grade scale 2:

Hi, can you tell me my money in my credit card?
Of course! What's your credit card number?
It's 512879346. My name is John.
Okay, John. You owe no money on your card.
Really? I paid it all off!
Yes, sir. Your balance is zero now.
I'm happy with myself!
Is there something else you want me to check?
Can you make my card normal instead of for college students?
Yes, but you have to come to the bank tomorrow.
Okay, I'll be there soon.
Good day!",1.673
2,1,4,"Here is the rewritten text at Flesch-Kincaid Grade scale 4:

Hi! I want to know how much money I owe.
Okay. What's your credit card number?
It's 512879346. My name is John.
Great, John. You don't have to pay anything on your card right now.
Really? I'm glad I paid it off!
That's good news. Your balance is zero.
I feel proud of myself!
Can you check something else for me?
Yes, can we make my account normal instead of a college one?
Okay, but you need to come to the bank in person for that.
Great, I'll be there tomorrow morning.
Sounds good, John! Have a nice day.",1.855
2,1,6,"Here is the rewritten text at Flesch-Kincaid Grade scale 6:

Hi! Can you tell me how much money I owe?
Okay. What's your credit card number?
It's 512879346. My name is John.
Great, John! You don't have to pay any money right now.
Really? That means I paid it all off!
Yes, sir. Your account is fully paid.
I'm happy about that!
Is there anything else you'd like me to check for you?
Actually, can you change my credit card from a college account to a regular one?
Okay, but you'll need to go to the bank in person to do that.
Alright, I'll be there tomorrow morning.
Sounds good, sir. Have a nice day!",1.925
2,1,8,"Here is the rewritten text at an Flesch-Kincaid Grade level of 8:

Hi, I'd like to know my current credit balance.
Of course! May I see your credit card number?
Yes, it's 512879346. My name is John.
Alright, John. Your account doesn't have any outstanding dues right now.
Really? I just paid off the debt.
That's correct, sir. Your balance is zero.
I'm happy to hear that!
Is there anything else you'd like me to check for you?
Yes, could you change my card status from a college account to a regular one?
Actually, you'll need to come into the bank in person for that.
Okay, I'll be down tomorrow morning.
Sounds good, sir. Have a great day!",1.926
2,1,10,"Here is the rewritten passage at Flesch-Kincaid Grade level 10:

Hello, I'm interested in inquiring about my current credit balance.

Of course, I'd be happy to assist you with that. Could you please provide your credit card number?

It's 512879346, and my name is John.

Alright, John, according to our records, you have no outstanding dues on your credit card.

You've managed to pay it off completely? Congratulations are in order.

Your balance has been officially settled at zero, sir.

I'm quite proud of myself for paying it off on time!

Is there anything else I can assist you with today?

Actually, I was wondering if you could update my account status from a college card to a standard personal account.

Of course, but as per our policy, you'll need to visit the bank in person to make that change.

Alright, I'll head down to the bank first thing tomorrow morning.

Sounds like a plan, sir. Have a great day!",2.308
2,1,12,"Here is the rewritten text at Flesch-Kincaid Grade scale 12:

Hello, I would like to inquire about my current credit balance.

I'd be happy to assist you with that. Could you please provide me with your credit card number?

It's 512879346. My name is John Smith.

Thank you, Mr. John. I've checked on your account, and it appears that all outstanding dues have been settled.

Indeed? Congratulations are in order then! Your account balance has indeed been reduced to zero.

I must commend myself on finally eliminating my debt!

Is there anything else I can assist you with at this time?

Actually, yes. Could you please modify the account type from a college-specific account to a standard credit account for me?

That's a reasonable request. However, the change will need to be processed in person at our bank location.

I'll plan on visiting the bank tomorrow morning.

Sounds like a plan, Mr. John. Have a good day and thank you again for your prompt payments!",2.349
2,2,0,"I am sad. My library does not have any books I need.

Try a different library.

No. I do not want to use gas money.

But maybe you can find what you are looking for there.

Which other library should I go to?

Go to the one near my house.

That is too far away from me.

That library has many, many books.

I have an idea! Maybe you can borrow them for me!

No. What if you lose them?

Okay, okay. I promise I will take care of them.

You look very serious.",1.484
2,2,2,"Here is the rewritten text at Flesch-Kincaid Grade scale 2:

I am mad. I can't find a book in our library.
Try another library.
I don't want to ride far.
You might find your book.
Which library do you say?
Go near my house.
That is too far for me.
They have lots of books.
I like that library.
What's a good idea!
Why don't I get it for you?
No, what if we lose the books?
Don't worry. I promise.
You are very serious!",1.531
2,2,4,"Here is the rewritten text at Flesch-Kincaid Grade level 4:

I'm frustrated because I can't find a book for school in our library.

How about trying another library?

That's a good idea, but it takes too much gas money to drive there.

Maybe you'll find what you need instead.

Which other library do you think is best?

There's one near my house that has lots of books. It never lets me down.

But it's really far from here.

I have an idea! Can I borrow the book for you instead?

That might not be a good idea. What if someone loses the book?

I promise I'll take care of it. My word is honest.

You look very serious today!",1.788
2,2,6,"Here is the rewritten passage at Flesch-Kincaid Grade scale 6:

I'm very frustrated because I can't find any books on my topic at our library.

Why don't we try a different library?

I don't want to use gas money.

But you might be able to find your book there.

Which library do you suggest we go to?

You could visit the one near your house.

That is too far for me to travel.

They have a lot of books. I've never been disappointed by that library.

Let's think! Why don't you borrow them for me instead?

I'm not sure about that. What if they get lost?

Don't worry, I promise I'll take good care of them.

You're really serious about this, aren't you?",1.930
2,2,8,"Here is the rewritten passage at Flesch-Kincaid Grade level 8:

""I'm frustrated because our library doesn't have any books on my research topic. A different library might have what we need. I don't want to waste gas money driving there. But maybe you'll find a book that will help us. Which library do you think we should try? The one near your house is huge and has lots of great books, but it's too far from here. It's a good choice, though - people always say they have what they need. If you borrowed some for me, I wouldn't lose them, I promise! I'm not joking. You seem serious about this.""",1.751
2,2,10,"Here's a revised version of the passage at a Flesch-Kincaid Grade level of 10:

I'm feeling frustrated because my library doesn't have any books related to my research topic.

Perhaps you could try visiting a different library instead?

I'd rather not waste fuel on a long trip, but it might be worth it if you can find the book I need.

Which library do you think would be a good option for me?

I recommend the one that's conveniently located near my home.

Unfortunately, it's a bit too far from your location.

That library has an impressive collection and has never failed to meet my expectations.

Here's an idea: why don't I ask if they can lend the book to you instead of you traveling all the way there?

I'm not sure that's such a good idea. What if you lose or damage the book?

Don't worry, I promise it won't happen on my life.",2.207
2,2,12,"Here is the rewritten passage at a Flesch-Kincaid Grade level of 12:

My frustration is palpable; I've been unable to locate any pertinent texts related to my research within my local library's catalog.

Suggesting an alternative library may be prudent, given their more extensive collection and proximity to your residence.

The cost of fuel necessitates careful consideration, but the potential benefits of accessing that library's resources cannot be overstated.

Which library would you propose as a viable alternative?

I recommend the one situated near my own abode; it boasts an impressive repository of texts and has never failed to meet my expectations.

That option is unfeasible for me due to its considerable distance from my location.

Notwithstanding the potential drawbacks, that library's collection is substantial and warrants exploration.

A novel solution presents itself: why not procure those texts on my behalf?

I'm hesitant to entertain this proposal; what if you fail to return them or sustain damage to the volumes in some manner?

Rest assured, I possess a strong sense of responsibility and would never recklessly abandon borrowed items.

Your seriousness is quite endearing, but let's focus on finding a solution to your research conundrum.",2.612
4,0,0,"Hi Samia,

I think it is a good idea to meet on Saturday. My parents are coming Sunday so Saturday is better for me. You can come to my house then.

You can see the new flat and the kitchen where we worked hard when we moved in. We can eat at home and go out later. I want to hear about your job!

My address is 52 Charles Road. It's hard to find because numbers are weird here. Turn left by post office, pass big house, then look for small street behind with houses 50-56. Ask me if you get lost.

Tell me what food you like or no like. I'm happy to see you soon!

See you soon!
Gregor",1.806
4,0,2,"Hi Samia,
I like your idea. Saturday is better for me because I see my mom on Sunday. So, if you want, come to my house then. You can see the new flat and our kitchen. We fixed it up since we moved in. We'll have lunch at home and go for a walk later. It's nice to talk with you finally.

You need to find number 52 Charles Road. The numbers are strange here. Go left at the post office, past the big white house. There is a small street behind it. Houses 50-56 are there. Don't ask me why the street doesn't have a name!

Call me if you get lost and I will come to help you.

What do you like for lunch?

See you soon!
Gregor",1.965
4,0,4,"Hi Samia,

This is just a quick message. Saturday would be better for me because my parents are coming on Sunday. If it's still okay with you, why don't you come here? You can see our new flat and the things we've done in the kitchen since moving in.

We can have lunch at home and then go for a walk outside. It will be nice to catch up finally. I want to hear about your new job!

Our address is 52 Charles Road, but it's hard to find because the numbers on the houses are weird here. If you turn left at the post office and keep going past the big white house on Charles Road, there's a small street behind it with houses 50-56.

If you get lost, just call me and I'll come pick you up. Let me know if you have any favorite foods or not. I'm really looking forward to seeing you!

See you soon!
Gregor",2.188
4,0,6,"Hi Samia,
That sounds like a great idea. Saturday is better for me because I'm meeting my parents on Sunday. If that works for you too, why don't you come over? You can see our new flat and the kitchen we've fixed up since moving in. We can eat at home and then go for a walk later.

Our address is 52 Charles Road, but it's tricky to find because the house numbers here are weird. If you turn left by the post office and keep going past the big white house on Charles Road, there will be a small street behind it with houses 50-56. Don't ask me why this little street doesn't have its own name! If you get lost, just call me and I'll come find you.

Let me know if you like any particular foods or not. Can't wait to see you!
See you soon,
Gregor",2.122
4,0,8,"Hi Samia,

I think your idea sounds great. Saturday works better for me because I'm meeting my parents on Sunday. If that's still okay with you, how about you come over? You can see our new flat and the changes we've made to the kitchen since we moved in. We can have a meal at home and then take a walk in the afternoon.

I'm really looking forward to catching up and hearing about your job. Our address is 52 Charles Road, but it might be tricky to find because the house numbers are unusual here. If you turn left by the post office and keep walking past the big white house on Charles Road, there's a small side street behind it with houses numbered from 50 to 56. The weird thing is that the side street doesn't have its own name!

If you get lost, just give me a call and I'll come pick you up. Let me know what kind of food you like or dislike so we can plan something good.

I'm really looking forward to seeing you soon!
See you Saturday,
Gregor",2.423
4,0,10,"Hi Samia,

I'm glad you're interested in visiting my new flat, but unfortunately, Sunday won't work for me as I'll be meeting my parents. Saturday would be ideal because it's more convenient for both of us.

You can come over on Saturday and we can catch up while having lunch at home. Afterward, we could take a walk in the nearby area. I'd love to hear about your new job and share some stories about our recent experiences.

The address is 52 Charles Road, but be aware that the numbering system here can be somewhat confusing. To find my place, turn left at the post office and proceed down the main road past the big white house on Charles Road. Look for a small side street behind it; the houses are numbered 50 to 56. I'm not sure why this side street doesn't have its own name!

If you get lost or need any assistance, feel free to give me a call and I'll come to pick you up.

Let me know if there's anything specific you'd like for lunch or prefer to avoid eating; it will make things easier for us. I'm really looking forward to seeing you soon!

Best regards,
Gregor",2.691
4,0,12,"Dear Samia,

I wanted to express my enthusiasm for your suggestion. Saturday works better for me, as I have a prior commitment with my parents on Sunday. If that still suits you, would you consider visiting our new flat? This way, you can witness the renovations we've undertaken in the kitchen firsthand and observe how it's been incorporated into our living space.

We can host dinner at home before taking an afternoon stroll. It will be wonderful to finally catch up and hear about your experiences in your new role. I'm eager to learn more about your endeavors.

The address is 52 Charles Road, although navigating the area can be somewhat perplexing due to its unique house numbering system. To find us, turn left at the post office and continue past the large white residence on Charles Road. A small side street behind it features houses numbered 50–56; unfortunately, it bears the same name as the adjacent thoroughfare.

If you encounter any difficulties, please don't hesitate to contact me, and I'll ensure your safe arrival.

Please let me know about any culinary preferences or dislikes in advance. I'm greatly looking forward to our meeting!

Best regards,
Gregor",2.609
4,1,0,"I have good memories when I was little. I lived in San Diego. It rains very few days there. The sun shines all the time. I could ride my bike every day if I wanted to.

My friend's name is George. He lives next door. We are the same age. I am a little bit older than him. I would tell him, ""You should respect your elders."" 

One day George said to me, ""Let's make a club for people who ride bikes!"" I thought about it and then he said, ""We can be cool! We can get hats and stickers and have fun!"" I loved the idea.

George and I got some other friends. We made up a name for our club. Our name is ""White Skulls."" I don't know why we chose that name, but everyone liked it.

We went to a bike shop and put stickers on our bikes. My sticker is green. George's sticker is red. He said, ""I am the king of the club!"" We rode our bikes all around and had fun in the summer. That's how we made our bike club.",2.629
4,1,2,"I had a super fun childhood. I grew up in San Diego. It doesn't rain much there. The sun shines every day. I could ride my bike all the time. I had lots of friends.

My best friend was George Kenny. He lived close to me. We were the same age. Well, almost the same age. I was a little bit older than him. I liked to say ""You must respect your elders!"" But he didn't like it when I said that.

One day, George came up to me and said, ""Hey Richard, let's start a bike club!"" He thought it would be fun if we made up a cool name for our club and got stickers. I loved the idea! I said ""You bet, Georgie Porgy!""

We asked some other kids to join us. We came up with a great name: The White Skulls. Why we chose that name, I don't know! But it sounded cool, so I was happy.

We went to the bike shop and got stickers for our bikes. George picked a red sticker. He said ""I'm the king of the club!"" He was a big guy, so no one argued with him. We rode our bikes everywhere and had a super fun summer. That's how we started The White Skulls!",2.991
4,1,4,"I grew up in San Diego. It doesn't rain very often there - only about two days a year. The sun shines bright every day. I could ride my bike almost any time of the year, because it was always sunny. I had lots of friends when I was growing up.

One of my best friends was George Kenny. We lived close to each other and were about the same age. He's actually 28 days younger than me! I liked to tease him about that by saying ""You must respect your elders."" That usually made him mad.

George came to me one day and said, ""Hey Richard, let's form a bike club!"" I thought it was a great idea. We could have fun together and be famous in our neighborhood. He said we could even get hats and stickers with our club name on them. I loved the idea right away.

Before long, we found some other friends to join us. We came up with a super cool name for our club - ""The White Skulls."" I'm not sure why we chose that name, but everyone liked it, so that was okay by me.

We went to a bike shop and put a skull sticker on each of our bikes. George picked a red one and said he was the king of the club. We all rode our bikes everywhere and had a great summer. That's how ""The White Skulls"" were born!",3.106
4,1,6,"I had a super happy childhood. I lived in San Diego where it doesn't rain very often. The sun shines bright every day of the year. I could ride my bike whenever I wanted, and I had lots of friends. My best friend was George Kenny. He lived just a few houses away from me, and we were almost the same age. I was only 28 days older than him.

George came up to me one day and said, ""Hey Richard, let's start a bike club!"" I thought about it for a while, and then he said, ""We can give ourselves a cool name, get hats and stickers, and have lots of fun."" I loved the idea right away. ""You bet, Georgie Porgy!"" I used to call him that all the time, even though he didn't like it.

Before we knew it, we got some other guys together and came up with a really cool name for our club. We were called the ""White Skulls."" I'm not sure why we chose that name, but everyone liked it, so I was okay with it too.

The four of us went to the local bike shop and picked out skull decals for our bikes. I got a green one, while George chose red. He said, ""I'm the red skull! I'm the king of the club!"" We rode our bikes everywhere and had an amazing summer. That's how we started the best bike club ever!",3.213
4,1,8,"I grew up in San Diego, where it almost never rains. The sun is always shining, making every day perfect for riding my bike. I had lots of friends in my neighborhood, but one of my best friends was George Kenny. We lived just a few houses apart and were about the same age. I liked to tease him by saying I was 28 days older than him, which made him roll his eyes.

One day, George came up to me with an idea: ""Hey Richard, let's start a bicycle club!"" At first, I thought it over, but then he added that we could have cool names, hats, and stickers. That sounded like so much fun! I immediately agreed. We quickly gathered some other friends, and we decided on the perfect name for our club: the White Skulls.

We went to a local bike shop and picked out skull decals to put on our bikes. I chose a green one, while George picked red. He loved it when he shouted, ""I'm the red skull! I'm the king of the club!"" We didn't dare argue with him because he was quite big for his age.

We rode our bikes all around town and had an amazing summer. That's how we formed the best bike club ever!",2.841
4,1,10,"I experienced an idyllic childhood in San Diego, where precipitation is scarce and sunlight is abundant. I spent most days riding my bike due to the pleasant weather year-round. My closest friend was George Kenny, who resided just a few houses away from me. Although we shared similar ages, I often boasted about being 28 days older than him. This claim occasionally elicited an irate response from George.

One day, he approached me with a proposal: ""Why not establish a bicycle club, Richard?"" I contemplated this idea before responding enthusiastically. We could create our own identity by selecting a unique name and acquiring distinctive gear, such as hats and stickers, thereby enhancing our enjoyment. Upon hearing his suggestion, I was immediately captivated.

George and I soon rallied a few friends to join us, and we collectively determined the ideal moniker for our club: the White Skulls. Although it remains unclear why we chose this name, it resonated with other kids in the neighborhood, so I accepted it without reservation.

The four of us visited the local bike shop, where each member selected a skull decal to adorn their bicycles. While George opted for a red decal and proclaimed himself the ""red skull"" and king of the club, I chose green. He proudly declared: ""Who dares challenge my supremacy?"" Given his stature, none dared dispute his claim.

As we rode our bikes extensively throughout the summer, our camaraderie was undeniable. The establishment of the White Skulls bicycle club proved an unforgettable experience for me and a testament to the power of friendship.",3.373
4,1,12,"I had an idyllic childhood in San Diego, where the annual rainfall barely exceeds two days. Consequently, the climate is perpetually sunny and bright, allowing me to ride my bike virtually any day of the year amidst a circle of friends. My closest companion was George Kenny, who resided a few houses down from me and shared a similar age. Although I was marginally older – by approximately 28 days – I often exploited this fact, remarking, ""You must respect your elders,"" which inevitably elicited an irate response from him.

One day, George approached me with the proposal to establish a bicycle club. Initially, I entertained the idea for some time before he emphasized the benefits: we could adopt a distinctive name, acquire insignia and caps, and enjoy numerous fun experiences together. Upon hearing this, my enthusiasm was palpable. ""You're on, Georgie Porgy!"" I exclaimed, employing a moniker that, despite his aversion to it, had become an integral part of our camaraderie.

Before we knew it, we managed to recruit a few more individuals and collectively arrived at a most ingenious name: the White Skulls. The reasoning behind this choice eludes me, yet the other youngsters seemed enamored with it, so I was content with the decision as well.

The four of us visited the local bicycle shop, where each member selected an emblem to affix to their bike. While I opted for a green decal, George – the self-proclaimed red skull and purported king of our club – exclaimed, ""If you don't like it, attempt to take it from me!"" His imposing stature precluded any dissent, and thus we embarked on countless adventures throughout that summer, forming an unforgettable bicycle club.",3.759
4,2,0,"Brian got a skateboard when he was 9 years old. He skated right away. His friends at school could skate. They would go to each other's houses after school. As time went by, Brian got better at skating. He did tricks on his board. But what Brian liked best was jumping over stairs with his skateboard.

His record was 15 stairs. He wanted to do more. Brian and his friends went to the Hollywood 18. A lot of skaters go there to make videos.

Brian knew he would be a hero if he jumped high. He counted each step on the stairs. He wanted to jump over many stairs. On his first try, Brian fell down. But he got up and tried again. This time he jumped some stairs. But he didn't get past 16 steps. He fell off his board.

Some girls watched Brian. They asked him to try again. Brian knew he could do it this time. He prepared for the jump. The girls were watching him. He was breathing hard, but he knew he could do it.

It was time to try again. Brian pushed off and started pedaling fast. He got to the top of the stairs and jumped. Brian was in the air for a little while. Then he landed. The girls clapped. Brian stopped his skateboard. He had beaten his record! Everyone cheered for him.",3.101
4,2,2,"Here is the rewritten text at Flesch-Kincaid Grade scale 2:

Brian got a skateboard when he was 9 years old. He skated right away. His friends at school could skate, so he went to their houses after school. Brian got better and better at skating. He did lots of tricks on his board, but jumping over stairs was fun for him. He jumped over 15 stairs, but he wanted to jump over more.

Brian wanted to be a hero with his friends. They all went to the Hollywood 18, where skaters make videos. Brian knew if he jumped over many stairs, they would think he's cool. He counted each step as he went up the stairs. He wanted to make sure he passed 15 steps.

On his first try, Brian fell off his board and landed on the grass. He was scared, but he tried again. This time, he jumped over some stairs! But he didn't jump over 16 steps. He fell down, but it was okay. Some girls watched him and asked him to do it again.

Brian looked at the girls as he got ready to try again. He breathed hard, but he knew he could do it. The time came for his big jump. Brian pushed off the ground and skated fast up the stairs. Then he jumped! He was in the air for a little while, and then he landed.

The girls clapped for him. Brian stopped his board and said ""I did it!"" All the girls wanted to hug him, but they stayed away because he smelled bad. Brian laughed with them. Everyone cheered for him and said good job, Brian!",3.598
4,2,4,"Here is the rewritten passage at the Flesch-Kincaid Grade scale 4:

Brian got his first skateboard when he was 9 years old. He started skating right away. He had friends who skated, so he would go to their houses after school. As time went by, Brian got better and better at skating. He loved jumping over stairs with his skateboard. His record was 15 stairs.

Brian wanted to jump over more stairs and be a legend with his friends. He went to the Hollywood 18, where many skaters make videos. When he saw the stairs, he started counting them one by one. On his first try, Brian fell off his board on the grass next to the stairs. But he didn't give up.

Brian took a deep breath and tried again. This time he jumped over some stairs, but not all of them. He was scared, but he kept trying. The girls watching him asked if he could do it again. Brian said he would try once more.

Brian prepared for his jump and looked at the girls who were cheering him on. When the time came, he pushed off the pavement and started skating fast. He jumped up and landed safely. Everyone clapped for him! Brian had beaten his record. The girls all hugged him, but then they moved away because he smelled bad. Everyone laughed and cheered for Brian.

Note: I made significant changes to simplify the vocabulary and sentence structure to make it easier for a 4th-grade reader to understand.",3.272
4,2,6,"Brian Nelson got his first skateboard when he was 9 years old. He liked skating right away. Some of his friends at school knew how to skate too, so he would go to their houses after school. As time went by, Brian got better and better on his skateboard. He could do a lot of tricks, but what Brian really loved was jumping over stairs.

He wanted to jump over as many stairs as he could. His record was 15 stairs, but he wanted to beat it. Brian and his friends went to the Hollywood 18, where some skaters make videos. Brian knew that if he jumped those stairs, he would be a hero with his friends.

As he stood at the top of the stairs, Brian counted each one. He made sure they were more than 15. On his first try, Brian fell off his skateboard and landed on the grass. He was scared to try again, but he finally did. This time he jumped over some stairs, but not all of them. He fell off his board, but he wasn't hurt.

Some girls saw him trying and asked if he could do it again. Brian knew he had to get it right this time. As he got ready to jump, he looked at the girls who were watching. They started cheering him on. The time had come for Brian to try again. He pushed off the pavement and pedaled his skateboard fast.

He jumped over some stairs, but not all of them. But then something special happened. Brian landed safely and everyone clapped. He beat his record! All the girls went up to give him a hug, but they stepped back because he smelled bad. Everyone laughed and cheered for Brian.",3.630
4,2,8,"Brian Nelson got his first skateboard when he was 9 years old. He began skating right away. He had friends at school who knew how to skate, so after classes, he would visit their homes. As time passed, Brian improved more and more at skateboarding. He could do a lot of tricks on his board, but what he enjoyed most was jumping over stairs with it. His record was 15 stairs, but Brian wanted to break that record.

Brian thought that if he jumped over those stairs, he would become famous among his friends. As he approached the stairs, he started counting each step one by one. He made sure they had gone beyond 15. On his first attempt, Brian fell off his board and landed on the grass next to the stairs. He wanted to try again but was too nervous. Finally, he gathered his courage to give it another shot. This time, he managed to jump over some stairs, but unfortunately, he didn't quite reach the 16th step in the staircase. He fell off his board but wasn't hurt badly.

Some girls were watching Brian, and they asked him if he could do it again. Brian knew he had to succeed this time. As Brian prepared for his next jump, he kept looking at the girls who had gathered to see him skate. He was breathing heavily, but he knew he could do it. The moment arrived. Brian was ready to try once more. He pushed off the pavement and started pedaling his board faster and faster. He reached the top of the stairs and then jumped. Brian was airborne for about 5 seconds before landing safely on his board. The girls all clapped, and then Brian stopped his skateboard. He had done it – he broke his record! All the girls went up to give him a hug, but they kept their distance because he smelled bad. Brian started laughing, and everyone else joined in, congratulating him on his achievement.",4.075
4,2,10,"Brian Nelson received his first skateboard at the age of 9. Initially, he began skating promptly. His classmates who were skilled in skateboarding would welcome him to their homes after school hours. As time progressed, Brian's proficiency significantly improved. He was capable of performing an array of tricks on his board, but what truly captivated him was executing jumps over staircases with his skateboard.

His record stood at 15 stairs; however, he sought to surpass this mark. Brian and his acquaintances frequented the Hollywood 18, a well-known destination for skaters who often recorded their skateboarding videos.

Brian understood that successfully jumping over these stairs would elevate his status among his peers as a legend in the eyes of his friends. As he approached the staircase, he began counting each step meticulously to ensure they exceeded the 15th. During his inaugural attempt, Brian misjudged and landed awkwardly on the adjacent grass. Despite this setback, he was resolute to retry.

Brian's second try was thwarted by fear; yet, he eventually summoned the courage to attempt it once more. This time, he successfully cleared a few stairs, but unfortunately, he fell short of clearing the 16th step. He dismounted his board, though thankfully not sustaining any substantial injury. A group of girls had gathered to witness Brian's efforts and requested that he repeat the feat.

Brian acknowledged that he needed to accomplish it on his subsequent attempt. As he prepared for his next jump, Brian continued to glance at the girls who had assembled to observe him. His breathing was labored, yet he remained confident in his abilities. The moment of truth arrived, and Brian was ready to give it another shot.

He propelled himself off the pavement, increasing the speed of his skateboard significantly. Reaching the top of the stairs, Brian launched himself into the air, suspended for approximately 5 seconds before landing safely. The girls applauded enthusiastically as he came to a stop with his board. He had triumphantly broken his record. The girls approached him, intent on offering their congratulations, but they refrained due to his lingering odor. Brian burst into laughter, and everyone present shared in the moment of merriment and admiration for his accomplishment.",4.560
4,2,12,"Brian Nelson acquired his initial skateboard at the age of nine, and promptly began to skate. He was fortunate in that several classmates were proficient skaters, which provided him with an opportunity to observe their techniques and learn from them on a regular basis. As time elapsed, Nelson's skills improved steadily. He became adept at executing a variety of tricks on his skateboard, but the activity he enjoyed most was attempting to clear vertical obstacles by jumping over stairs with his board in tow.

He had previously established a personal best by clearing 15 stairs, but Nelson was determined to surpass this record. Consequently, he and his friends made their way to Hollywood 18, a popular destination for skaters who seek to capture footage of themselves executing impressive stunts on film.

Nelson's primary motivation for attempting to clear the stairs at Hollywood 18 was to establish himself as an accomplished skateboarder in the eyes of his peers. As he approached the staircase, Nelson began to count each step individually, carefully monitoring his progress in order to ensure that he surpassed the mark of 15.

During his first attempt, Nelson failed to execute a successful jump and fell onto the adjacent grass. Although he was initially hesitant to try again due to his earlier failure, he eventually gathered the courage to make another attempt. Unfortunately, this effort also ended in failure, as he failed to clear the 16th step before losing control of his skateboard.

However, Nelson's determination remained unshaken, and he was spurred on by the encouragement of a group of girls who were observing him from the sidelines. These spectators, intrigued by Nelson's attempt to break his own record, encouraged him to try again.

Nelson's subsequent attempts were motivated in part by a desire to impress these young women, as well as his own ambition to succeed where he had previously failed. As he prepared for his next jump, he was acutely aware of the audience watching him and felt an increased sense of pressure to perform.

The moment of truth finally arrived when Nelson pushed off from the pavement and began to accelerate down the stairs. He executed a successful jump, clearing the required number of steps and landing safely on the other side. The girls in attendance applauded his achievement, and Nelson was subsequently mobbed by well-wishers who sought to congratulate him on his success.

However, despite their enthusiasm, the girls were forced to maintain a safe distance from Nelson due to his pungent body odor. This unexpected twist merely served to add another layer of humor to an already lighthearted situation, as Nelson and those around him burst out laughing in response to the awkward circumstances.",5.285
6,0,0,"Bob bought a house in a bad neighborhood. There were gangs and shootings there before. The house was cheap because it used to belong to someone who didn't pay for it.

After Bob moved in, he saw that some things in his new house weren't really fixed good. The people who fixed the house put in nice kitchen things but not new wires. So when Bob washed dishes and made coffee, the power went out. He paid a lot of money to fix the wires.

The carpet was fake on top of old floors. Bob took it up and fixed the floors himself. This cost him another big sum of money.

The house was hot in summer and cold in winter because the windows were bad. Bob got new good windows put in and fans too. He also put solar panels on his roof to save money and make his house worth more.

Bob spent over $20,000 to fix up his house but it went up $100,000 in value. He thought he made a smart choice when he bought the house because it will sell for more than he paid later.",2.496
6,0,2,"Bob bought a house in a bad neighborhood. There was a lot of violence there before. That's probably why the house was cheap. The people who owned it before couldn't pay for it anymore. Some other people fixed up the house and sold it to Bob.

After Bob moved in, he saw that some things weren't good enough. The people who fixed up the house just made it look nice. They didn't fix the electricity. So when Bob used his dishwasher and coffee machine at the same time, all the power went out. He had to pay someone $1,000 to make the electricity work.

The house had new carpets, but they were put over old floors. Bob thought the carpets looked bad, so he took them up and made the floors look nice again. That cost him $3,000.

The house was hot in summer and cold in winter. The windows the people who fixed it up got were not good enough. Bob got new windows and ceiling fans put in. He also put solar panels on his roof to save money on electricity. This made his home worth more money.

In two years, Bob spent $20,000 making his house better. But when he sold the house, it was worth $100,000 more than what he paid for it. So Bob thought he did a good job fixing up the house.",2.927
6,0,4,"Here is the rewritten text at a Flesch-Kincaid Grade scale 4:

Bob bought a house in a neighborhood that was once bad. There were shootings and gangs there. That's probably why the house was so cheap. The people who owned it before had to give it back because they couldn't pay their mortgage.

The new owners fixed up the house, but not everything was new. They just made it look new. They put in fancy appliances, but didn't fix the electrical system. So every time Bob used his dishwasher and coffee maker, the whole house went dark. He had to spend $1,000 to make the electricity work right.

The people who fixed up the house also put in new carpet over old floors. But the floors were nice, so Bob took out the carpet and made them shine again. That cost another $3,000.

The house was too hot in summer and too cold in winter. The windows let all the heat go outside. So Bob got some special windows that help keep warm air in and cool air out. He also put fans on the ceiling to make it cooler.

To save money on his electric bill, Bob got solar panels for his roof. They cost him a little bit of money every month, but he saved more than that on his bill. And when he sold the house, it was worth almost $100,000 more than what he paid for it!",3.081
6,0,6,"Bob bought a house in a neighborhood that had problems with gangs and violence. The houses were often broken into and some people even got shot. Because of this, the house was cheaper than other places. The person who owned it before Bob lost the house because they couldn't pay their mortgage. Some new owners came in and fixed up the house, making it look nice but not really fixing anything important.

After moving in, Bob noticed that the people who fixed the house didn't do a good job. They put in new kitchen appliances, but the electricity was still bad. Every time Bob used the dishwasher and coffee maker at the same time, the power would go out. He had to spend $1,000 to fix it.

The carpets were also fake - they went over the real floors that needed to be fixed. Bob took them out and refinished the old floors for another $3,000.

The house was hot in the summer and cold in the winter because of old windows. The people who fixed the house put in cheap ones. Bob got new double-pane windows installed and also added fans on the ceiling for another few thousand dollars. He wanted to save money on his electricity bill by being more energy efficient.

He even put solar panels on his roof, which helped lower his bills and make his house worth more. In two years, all of these changes cost him over $20,000, but made his house worth almost $100,000 more! Bob was happy he spent the money because he knew he would get it back when he sold his house.",3.403
6,0,8,"Bob bought a house in a neighborhood known for gang violence and crime. The previous owners had to give it up because they couldn't pay their mortgage. This might be why the price was so low. Some people who make houses more valuable by fixing them up bought the property, fixed it, and then sold it to Bob.

After he moved in, Bob noticed that some of the things the house flippers did were just for show. They put new appliances in the kitchen, but they didn't fix the electrical system. So every time Bob used his dishwasher and coffee maker at the same time, the power would go out. He had to spend over $1,000 to get the electrical work fixed.

The house also had some problems with its floors. The people who sold him the house put new carpeting down, but it was covering up old hardwood floors that were still good. Bob decided to take out the ugly carpet and refinish the original floors. This cost another $3,000.

The house is made of stucco and gets really hot in the summer and cold in the winter. The people who sold him the house put in some cheap windows, so Bob hired someone to install new double-pane storm windows and ceiling fans. This added a few thousand dollars to the cost.

To make his energy bills lower, Bob rented solar panels that were installed on the roof. They not only saved him money each month but also increased the value of his home.

In just two years, all the things Bob fixed up in his house had cost him more than $20,000. But the price of his house went up almost $100,000 in that time. Bob felt good about making this investment because he knew he would make even more money when he sold the house.",3.750
6,0,10,"Here is the rewritten passage at a Flesch-Kincaid Grade scale 10 level:

Upon purchasing the house, Bob was aware that it resided in an area with a notorious history of gang-related violence. The neighborhood had experienced numerous instances of shootings, which likely contributed to the home's low price point. Unfortunately, the property had been foreclosed upon by its previous owners and subsequently sold to investors at a significantly reduced cost.

After settling into his new residence, Bob began to notice that many of the renovations performed by the house flippers were superficial in nature. While they had installed modern stainless steel appliances in the kitchen, they failed to address underlying electrical issues, resulting in power outages whenever multiple appliances were used simultaneously. To rectify this problem, Bob hired a contractor to rewire the entire house at an estimated cost of $1,000.

Additionally, Bob discovered that the new carpets installed by the flippers merely concealed the original hardwood floors beneath. He chose to remove the unsightly oatmeal-colored carpets and refinish the existing flooring, an expenditure of approximately $3,000.

The stucco home was notorious for its tendency to become excessively hot in summer and frigidly cold during winter. In an effort to mitigate this issue, Bob hired a contractor to replace the subpar windows with more energy-efficient double-pane storm windows and installed ceiling fans throughout the house, an additional investment of several thousand dollars.

Furthermore, Bob leased solar panels for his roof, not only reducing his monthly utility bills but also increasing the home's market value. After two years, the cumulative cost of these improvements exceeded $20,000; however, the property's worth had appreciated by nearly $100,000 during that same period. Convinced that he had made a shrewd investment, Bob anticipated recouping his expenses and then some when he eventually sold the home.",3.952
6,0,12,"Bob was aware that the house he recently acquired was situated in an area with a notorious history of gang violence, which had led to numerous instances of shootings and other forms of mayhem. Consequently, it is probable that the property's low price point was directly related to this troubled past. The previous owners had indeed faced foreclosure, after which the house was purchased by speculative investors at a rock-bottom price who then renovated and resold it for a tidy profit.

Following his move in, Bob began to notice that many of the renovations were superficial rather than substantive. Although the kitchen boasted new high-end appliances, the electrical infrastructure remained unchanged, resulting in frequent power outages whenever he ran both the dishwasher and coffee maker simultaneously. To rectify this issue, Bob spent over $1,000 on a comprehensive rewiring of the house.

Additionally, the house flippers had opted for cheap flooring that masked the original hardwood beneath. Bob made the astute decision to remove these aesthetically unpleasing carpets and restore the underlying floors, an undertaking that cost him another $3,000.

The stucco-clad property, as one might expect, proved woefully inefficient in terms of temperature regulation during both the scorching summer months and frigid winters. To mitigate this issue, Bob hired a contractor to install high-quality double-paned storm windows and ceiling fans, further expenditures that totaled several thousand dollars.

In an effort to improve energy efficiency, Bob leased solar panels for installation on his roof, which not only reduced his monthly electricity bill but also significantly enhanced the resale value of his home. Over the course of two years, all these renovations collectively exceeded $20,000 in cost, yet simultaneously boosted the property's worth by nearly $100,000.

Upon reflection, Bob felt confident that he had made a prudent investment, knowing that once he sold the house, he would reap a substantial profit on his initial outlay.",3.976
6,1,0,"Here is the rewritten text at Flesch-Kincaid Grade scale 0:

It is 6 o'clock in the morning. The alarm clock makes a loud sound. Sandy gets out of bed. She takes a shower. Then she eats breakfast.

She gets a clean bowl from the dishwasher. She puts oatmeal in the bowl. She pours milk on it. She heats it up in the microwave.

While the oatmeal is hot, Sandy gets dressed. She looks at the weather. It is windy outside.

Sandy's oatmeal is ready. It tastes good to her. She remembers her mom. Her mom made breakfast for her every morning.

Sandy checks the time on her phone. She eats the last of her oatmeal and leaves the house.

When she goes out, the wind blows her hair back. She puts her hood up and tightens her scarf. She gets on the train.

On the train, Sandy thinks about her mom again. She sends a text to her mom: ""Thank you for my scarf. I wore it this morning. Love you.""",2.483
6,1,2,"At 6 a.m., Sandy hears her alarm clock ring. She gets up from bed and washes her face. Then she eats breakfast. She takes out a bowl from the dishwasher and puts some oatmeal into it. She adds milk and heats it in the microwave.

When the oatmeal is ready, Sandy dresses for school. She looks at the weather forecast on her phone to see if it will be sunny or rainy today.

After eating all of her oatmeal, Sandy checks her watch. Then she goes outside. The wind blows back her hair, so she puts up her hood and tightens her scarf.

When she gets on the train, Sandy thinks about her mom again. She sends a text to her phone: ""Hi Mom! Thanks for making me this scarf. It helped keep my neck warm today.""",2.050
6,1,4,"At 6 a.m., the alarm clock goes off. Sandy gets out of bed. She takes a quick shower to start her day. After the shower, she eats breakfast. She puts oatmeal in a bowl from the dishwasher. Then she adds milk and heats it up in the microwave.

She waits for the oatmeal to cook while getting dressed. She thinks about the weather. When she's finished dressing, she takes out the oatmeal from the microwave. It's her favorite flavor: apple cinnamon.

As she eats, Sandy remembers her mom. Her mom always made sure Sandy ate a warm breakfast in the morning. Sandy checks the time on her phone and swallows the last of her oatmeal quickly.

Then she goes outside into the wind. The wind blows back her hair. She covers her head with her coat's hood and tightens her scarf around her neck.

Sandy gets on the train and thinks about her mom again. She takes out her phone and sends a text: ""Thanks for the scarf, Mom. It helped me this morning. Love you.""",2.459
6,1,6,"At 6 a.m., the alarm clock goes off loudly. Sandy gets out of bed and starts getting ready for the day. First, she takes a quick shower. After her shower, she makes some breakfast. She grabs a clean bowl from the dishwasher and pours in some instant oatmeal. Then she adds milk and puts it in the microwave to heat up.

While the oatmeal is cooking, Sandy gets dressed. She looks out the window to see what the weather is like today. When the oatmeal is ready, she eats it and thinks about her mom. Her mom always made sure Sandy had a warm breakfast before leaving the house.

Sandy checks her phone for the time and swallows the last of her oatmeal quickly. Then she heads out into the street. The wind blows back her hair, so she puts up the hood on her coat and tightens her scarf around her neck. She gets ready to walk to the train station.

When Sandy gets on the train, she thinks about her mom again. She takes out her phone and sends a text: ""Hey Mom, thanks for the scarf you made me. It helped this morning! Love you.""",2.627
6,1,8,"At exactly 6 a.m., a loud alarm clock goes off. Sandy slowly gets out of bed and starts her morning routine by taking a quick shower. After her shower, she makes herself some breakfast. She takes an unopened packet of instant oatmeal from the dishwasher and pours it into a clean bowl. Next, she adds milk to the bowl and heats up the mixture in the microwave. While the oatmeal is cooking, she gets dressed for the day, thinking about the weather.

Once she's fully dressed, Sandy takes her oatmeal out of the microwave. It's now cooled down just right for her taste. She loves this flavor - apple cinnamon. As she eats each bite, she remembers her mom. Her mom always made sure Sandy ate a warm breakfast before leaving the house in the morning.

Sandy checks the time on her phone and swallows the last of her oatmeal quickly. Then, she heads out into the street. A strong wind blows back her hair, so she puts up her hood to cover her head. She tightens her scarf around her neck and gets ready for her walk to the train station.

After settling into a seat on the train, Sandy thinks about her mom again. She takes out her phone and texts: ""Hey Mom, thanks for the scarf you made me. It really came in handy this morning. Love you always.""",2.994
6,1,10,"At exactly 6 a.m., the sound of the alarm clock shatters the silence. Sandy struggles to extricate herself from bed and commences her morning ritual with a brief shower. Following her shower, she prepares a straightforward breakfast. She retrieves a clean bowl from the dishwasher and pours in a packet of instant oatmeal. Next, she adds a cup of milk, stirs, and heats the mixture in the microwave. As she waits for her oatmeal to cook, she dresses for the day, taking into account the current weather conditions.

Once fully attired, Sandy removes her oatmeal from the microwave, which has cooled sufficiently to meet her taste preferences. Her favorite flavor is apple cinnamon. While savoring each bite, memories of her mother resurface. It's a recollection that reminds her of her childhood, when her mother would ensure she had a warm breakfast before leaving for school every morning.

Glancing at the time on her phone, Sandy hastily finishes her oatmeal and makes a hasty exit. As she steps into the street, a strong gust of wind blows back her hair. She adjusts her coat's hood to shield herself from the wind and tightens the scarf around her neck, preparing for her walk to the train station.

After settling into her seat on the train, memories of her mother resurface once more. Sandy takes out her phone and sends a text: ""Hey mom, thanks for knitting me that scarf. It proved to be really useful this morning. Love always.""",3.245
6,1,12,"At precisely 6 a.m., the piercing sound of her alarm clock breaks through the silence. Sandy drags herself out of bed and commences her morning routine with a swift shower to invigorate herself. Following her refreshing shower, she prepares a straightforward breakfast to fuel her day.

Grabbing a clean bowl from the dishwasher, she carefully pours in a packet of instant oatmeal and adds a cup of milk. She stirs the mixture, then heats it in the microwave until it reaches her desired temperature. As she waits for her oatmeal to cook, she thoughtfully dresses for the day, considering the unpredictable weather.

Once fully dressed, she retrieves her oatmeal from the microwave, which has cooled sufficiently for her taste. This particular flavor, apple cinnamon, holds sentimental value as it reminds her of her mother's efforts to ensure she started each day with a warm breakfast.

Glancing at the time on her phone, she quickly swallows the last morsels of oatmeal before departing. As she steps out into the street, a strong gust of wind blows back her hair. She shields her head with the hood of her coat and tightens the scarf around her neck to shield herself from the elements.

Once settled in her train seat, memories of her mother resurface. She retrieves her phone and sends a text: ""Mom, thanks for the thoughtful scarf – it proved particularly useful this morning.""",3.077
6,2,0,"The Mexican team played soccer against Croatia in the big game. They won! This means Mexico gets to play again soon. People who like the Mexican team are very happy and want to celebrate.

A lot of people went out into the streets after the win. There were almost 200 people there. They waved flags, made loud noises, and even drove their cars crazy. The crowd was so big that it blocked traffic. This caused a problem with cars getting where they wanted to go.

Most of these fans were just happy. But some were drinking too much. Instead of celebrating, they started throwing bottles. Some people even tried to knock over parked cars! Police came to the area and sent in special cars to help. They also had helicopters fly overhead and police on horses to try and calm down the crowd. Someone threw a bottle at a horse. The police asked shop owners to close their stores. Five people got arrested. No one was hurt.

Next time Mexico played, the police were ready. They watched the streets before the game just in case Mexico won again. This time they played against the Netherlands and lost 2-1. But fans still went out into the streets. The police wore special suits to help them do their job. Fans waved flags, made noise, and even lit fireworks. Nobody threw bottles this time. The police didn't arrest anyone. They did have to close some streets so cars couldn't go through.",3.147
6,2,2,"The Mexican soccer team won a game against Croatia. This means Mexico gets to play in the next round of the World Cup. People who like Mexican soccer are very loyal. They cheer for their team.

When Mexico won the game, fans in Huntington Park, California were happy. Over 200 people went outside to celebrate. They waved flags and cheered. Some people even drove their cars around the block and honked the horn.

But some fans were too excited. A few of them were also a little bit drunk. Instead of just being happy, they started throwing bottles. Some people even broke into parked cars. The police came to the scene.

The police had to use special cars and helicopters to calm down the crowd. One person threw a bottle at a police horse! The police asked store owners to close their stores for now. They arrested five people because of what was happening.

The next week, Mexico played again against the Netherlands. This time, the police were ready in case there was trouble. But Mexico lost 2-1. Still, the fans went out to celebrate. The police were wearing special suits and helmets this time.

The fans waved flags, cheered, and even lit some firecrackers. But no one threw bottles or did anything bad. The police didn't have to arrest anyone. They had to close three blocks of streets because it was too crowded, though.",3.061
6,2,4,"The Mexican soccer team won a game against Croatia in the World Cup. This meant they got to play another round. Mexicans love their soccer team very much. After winning this game, some people thought the fans might be too excited.

In California, where many Mexicans live, there was a big celebration. Almost 200 people were on the streets waving flags and yelling. Some even honked their cars and danced around. But the crowd got too big and blocked traffic. This caused problems with traffic in the area. Most of these fans were just really happy, but some had been drinking too much. Instead of being joyful, they started throwing bottles. A few people even tried to knock over parked cars. The police came to calm down the situation.

Two police helicopters flew overhead and some officers on horseback tried to move the crowd. Someone threw a bottle at a police horse. The police told shop owners to close their stores. They arrested five people, but thankfully no one got hurt.

When Mexico played again the next week, the police were ready. This time they patrolled the streets before the game started. Mexico was playing against another team from the Netherlands. Unfortunately, the Dutch team won 2-1. Despite losing, Mexican fans in California still took to the streets. The police were prepared this time and wore special gear to keep everyone safe. The fans waved flags, cheered, honked horns, rocked cars, and even lit firecrackers. But no one threw bottles. The police didn't arrest anyone. They did have to close three blocks of traffic, though. Maybe the police were happy Mexico didn't win this time! In four years, when the next World Cup comes around, they'll worry about it all over again.",3.694
6,2,6,"The Mexican soccer team won a game against Croatia in the World Cup. This meant they would play another round of games. People who like Mexican soccer are very loyal to their team. But some people wonder if they love them too much.

In Huntington Park, California, many fans went out into the street after the win. There were almost 200 people there. They waved flags and shouted loudly. Some even honked their car horns and jumped around in the streets. The crowd was so big that it blocked traffic. This caused problems with driving in the area.

Most of these fans were just very excited, but a few had too much to drink. Instead of celebrating, they started throwing bottles. A few people also began rocking cars parked on the street. Police came to the scene and said some of them would send police cars and even helicopters to help keep things under control. One person threw a bottle at a police horse. The police told shop owners to close their stores.

The police arrested five people that day. Luckily, nobody got hurt.

When Mexico played again the following week, police went out in the streets before the game started. They were ready for anything if Mexico won again. This time they were playing against the Netherlands. The Dutch team won 2-1. But Mexican fans in Huntington Park still came out into the street to celebrate. Even though their team lost, the police were prepared and wore special armor. The fans waved flags, shouted loudly, and even set off firecrackers. However, nobody threw bottles this time. The police didn't arrest anyone that day. They did have to close some streets to traffic. Maybe the police were a little relieved Mexico didn't win again!",3.661
6,2,8,"The Mexican national soccer team won a match against Croatia in the World Cup. This meant that Mexico moved on to the next round of competition. Fans of the Mexican team all over the world are known for their loyalty. After this win, however, some people wondered if they had gone too far with their enthusiasm.

In Huntington Park, California, fans celebrated by going into the streets. The crowd grew to nearly 200 people. They waved flags and cheered loudly, even blowing horns from their cars and jumping up and down in the street. The crowd was so big that it blocked traffic, causing traffic jams in the area. While most of these fans were just being overly excited, a few were intoxicated. Instead of just celebrating, they started throwing bottles at each other. Some fans even went as far as to rock cars parked on the streets. Police were called to the scene.

The local police department sent patrol cars to the area and two helicopters flew overhead. The police also brought in some officers on horseback to try to get the crowd under control. Unfortunately, someone threw a bottle at one of the police horses. The police asked shop owners to close their stores early for safety reasons. Five people were arrested during the chaos.

When Mexico played again the following week, the police were prepared just in case they won again. This time they had set up extra security measures before the game. Mexico was playing against the Netherlands, and the Dutch team ended up winning 2-1. Despite losing, Mexican fans in Huntington Park still took to the streets to celebrate. The police, who were wearing riot gear this time, watched them closely but no one got arrested. However, the police did have to close off several blocks of traffic. It was likely that the police were relieved that Mexico didn't win again. In four years, when the World Cup comes around again, they'll worry about the fans' excitement all over again.",4.029
6,2,10,"The Mexican national soccer team secured a crucial victory against Croatia in the World Cup, earning them a spot in the next round. This triumph has consistently demonstrated the unwavering loyalty of Mexican soccer fans worldwide. However, concerns have been raised about whether their enthusiasm occasionally crosses the line into fanaticism.

Following this win, a large crowd gathered in Huntington Park, California, with nearly 200 people taking to the streets to celebrate. Fans brandished flags, yelled, honked their car horns, and even jumped around the streets. Unfortunately, the sheer size of the crowd caused traffic congestion in the area. While most fans were simply overzealous, a few were intoxicated, leading some individuals to engage in destructive behavior.

Instead of peaceful celebration, a small number of fans began throwing bottles and vandalizing parked vehicles. The authorities had to intervene, with police patrolling on horseback, in helicopters, and on foot attempting to disperse the crowd. When someone hurled a bottle at a police horse, officers urged local business owners to close their establishments. Five individuals were apprehended by the police, but fortunately, no one was injured.

To prevent a recurrence of this situation when Mexico played again the following week against the Netherlands, police took proactive measures and deployed officers in riot gear ahead of time. Despite Mexico's loss with a score of 2-1, fans in Huntington Park still poured onto the streets to show their support for their team. While some might view this as excessive enthusiasm, others see it as an expression of their passion.

The fact that no incidents were reported during this game may have come as a relief to the authorities, who now face the prospect of facing another enthusiastic crowd in four years when the next World Cup takes place.",3.682
6,2,12,"The Mexican national soccer team's victory over Croatia in the World Cup marked a pivotal moment in their campaign, securing their advancement to the subsequent round. Mexican supporters worldwide are renowned for their unwavering loyalty to their team; however, some raise questions regarding the extent of their dedication.

In Huntington Park, California, a jubilant crowd amassed on the streets following Mexico's triumph. The afternoon gathering swelled to nearly 200 individuals, who enthusiastically displayed flags, vociferously chanted, activated their vehicle horns, and engaged in exuberant jumping. Unfortunately, this fervor resulted in significant disruptions, as the crowd obstructed vehicular traffic, thereby generating substantial congestion in the surrounding areas.

While the vast majority of these enthusiasts merely exhibited excessive enthusiasm, a small subset had indulged in intoxication, which led them to precipitate destructive behavior instead of merely celebrating. Some fans initiated the hurling of bottles, while others engaged in rocking parked vehicles. In response to this escalating situation, law enforcement officials were summoned to the scene.

The local police department dispatched patrol units, accompanied by two aerial units and officers on horseback, who endeavored to disperse the crowd. Regrettably, a bottle was hurled at a mounted police officer. The authorities advised merchants to close their businesses temporarily. In consequence of this tumultuous event, five individuals were apprehended.

When Mexico participated in their next match against the Netherlands a week later, law enforcement personnel anticipated and prepared for potential disruptions by deploying patrol units in advance. Unfortunately, the Dutch team emerged victorious with a score of 2-1. Despite Mexico's defeat, Mexican supporters in Huntington Park persisted in celebrating, albeit somewhat subdued compared to their previous exuberance.

This time, the police were strategically positioned in riot gear, pre-empting any potential for disorderly conduct. While some fans continued to display flags and chant, activate horns, rock cars, and even ignite firecrackers, none resorted to destructive behavior such as hurling bottles. As a result of their vigilant presence, law enforcement officials did not apprehend anyone; however, they were compelled to restrict vehicular access to three blocks.

It is likely that the authorities secretly welcomed Mexico's loss in this instance. In four years, when the World Cup will next be held, they will undoubtedly renew their preparations for potential disturbances stemming from enthusiastic fan support.",4.762
8,0,0,"Here is the rewritten passage for Flesch-Kincaid Grade scale 0:

There are things to do at a wedding party. A man named MC helps run the party. He tells people when to stand up and cheer. People dance to music. The music comes from a machine called DJ or from live singers.

People can choose what song they want to hear. Some people share a special dance with their friends. Sometimes the mom shares a dance with her son, and his wife shares a dance with her dad.

Food is served at the party. People eat off tables or serve themselves. You pick what you like when you get the invitation. The happy couple eats cake and feeds each other. They cut the cake together and take a bite of it.",1.942
8,0,2,"There can be fun things at a wedding party. There's usually someone in charge called an MC who says what happens next. For example, when the new couple comes into the hall, everyone stands up and claps.

A wedding party has music so people dance. The music can be from a machine or live people playing. Sometimes they play songs that guests want to hear. When the new couple comes in, they dance together to a special song. It's often a happy song about love.

The food is sometimes you serve yourself, and sometimes waiters bring it to your table. You usually pick what you want when you get an invitation. The bride and groom don't always have time to talk to everyone. They're very busy saying hello.

At every wedding, the new couple eats a special cake. They cut it together and feed each other a bite.",2.087
8,0,4,"There are different kinds of entertainment at a wedding party. There's usually someone in charge called the Master of Ceremonies, or MC. They help things run smoothly by making announcements about what's coming next.

For example, when the newly married couple comes into the room, the MC will say so and everyone will stand up and clap. A wedding party often has music, and people are expected to dance.

The music is usually provided by a special machine that plays records or a live band. Sometimes they'll play songs that guests have asked for. When the newly married couple first comes in, they'll dance together to a song they chose ahead of time. This song is often something romantic that shows how much they love each other.

Sometimes the bride dances with her dad and the groom dances with his mom. After those special dances, everyone is invited to dance too.

Food at a wedding party can be served buffet-style, where people get their own food, or it can be eaten while sitting down. Guests usually choose what kind of meat they want when they send back their invitations.

Guests shouldn't expect to spend much time with the bride and groom because they're usually busy saying hello to everyone else. Sometimes they even miss dinner! But one thing that almost every newly married couple gets to eat at their wedding is a special cake. They cut it together and then feed each other a piece.",3.058
8,0,6,"Here's how a wedding reception can be fun for guests: There might be music and dancing when you arrive. A special person called an MC will help keep things moving along by making announcements about what's happening next. When the happy couple walks in, everyone stands up and applauds.

There will likely be music at the reception. Sometimes it comes from a DJ or live band who plays songs people request. The new husband and wife often pick a special song to dance to together when they first arrive. This song is usually very romantic and shows how much they love each other.

After the couple's special dance, guests are invited onto the dance floor. They can also get up and dance whenever they want! 

Food at a wedding reception comes in two ways: some people serve themselves from a big table with lots of food, while others have their meals brought to them by waiters. When you get an invitation to the wedding, you usually choose what kind of meal you want.

When you're at the wedding, don't expect to spend too much time talking to the bride and groom because they are busy saying hello to all their guests. They might even be too busy to eat!

One thing that almost every newly married couple does get to eat is the special wedding cake. The bride and groom take turns cutting the cake and feeding each other a bite, which is a sweet tradition!",3.006
8,0,8,"Here's how a wedding reception usually goes: There are often different kinds of entertainment. A Master of Ceremonies (or MC) helps things run smoothly by making announcements about what's coming up next. For instance, when the newly married couple enters the hall, everyone stands and applauds.

Music is also a key part of most wedding receptions. Guests expect to dance, and it can be either a DJ or a live band that provides the music. Sometimes, they'll take requests from guests to play specific songs. When the newlyweds arrive, they often share their first dance as a couple. This is usually a romantic song that represents their love for each other.

Sometimes, there are special dances too - like when the bride dances with her father or the groom dances with his mom. After these special moments, everyone's invited to join in on the dancing fun.

As for food, it can be either a buffet where you serve yourself or a sit-down meal served by waiters. You usually make your choice when you RSVP (respond) to the wedding invitation. Most of the time, guests get to choose between a meat, chicken, or fish option.

It's worth noting that during a wedding, you might not get much one-on-one time with the bride and groom - they're often busy greeting all their guests! Sometimes, they don't even have time for food. But what every new couple does enjoy at their reception is the wedding cake. They traditionally cut through it together and feed each other a bite.",3.280
8,0,10,"There are various forms of entertainment that can be found at a wedding reception. A Master of Ceremonies, commonly referred to as an MC, typically facilitates the event by announcing upcoming activities. For instance, when the newlyweds enter the reception hall, the MC will announce their arrival and guests will stand up to applaud.

Music is often present at weddings, with guests encouraged to dance. The music can be provided by a professional DJ or live band. Sometimes, the musicians will accommodate special requests from attendees to play specific songs.

Upon entering the reception, the newlyweds usually share a romantic first dance to a song they have preselected beforehand. Occasionally, the bride may also dance with her father and the groom with his mother. Following these initial dances, guests are invited to join the dance floor.

The type of cuisine at a wedding can be either buffet-style or a sit-down meal served by waiters. Guests typically select their preferred main course when responding to their wedding invitations. This usually includes options such as meat, chicken, or fish.

During a wedding reception, it's generally understood that the newlyweds are busy greeting guests and may not have much time for individual interactions. In some cases, they might even miss out on eating altogether. However, one tradition that nearly all couples participate in is cutting the wedding cake together. This ritual involves them feeding each other a slice, often with great fanfare.",3.114
8,0,12,"There are various forms of entertainment that may be featured at a wedding reception. A Master of Ceremonies (MC) typically oversees proceedings, making announcements to keep events on schedule. For instance, when the newlywed couple enters the reception hall, the MC announces their arrival, prompting guests to rise and applaud in recognition.

Music is a staple at most weddings, with attendees expected to participate in dancing. DJs or live bands often provide the soundtrack, occasionally taking requests from guests for specific songs. The newlyweds usually reserve a romantic tune as their first dance together, one they have selected beforehand to commemorate their union.

Additionally, special dances are often held between the bride and her father and between the groom and his mother. These emotional moments typically occur early in the reception and precede an invitation for guests to join the other dancers on the floor.

In terms of cuisine, wedding receptions may offer buffet-style dining or a more formal, seated meal with waitstaff service. Typically, guests select their preferred protein (beef, chicken, or fish) when responding to initial wedding invitations.

During the celebration, newlyweds rarely have ample time for socializing with their guests due to the demanding schedule of greeting acquaintances. They often go without a chance to dine on food prepared specifically for them.

However, there is one tradition shared by nearly all married couples: indulging in the wedding cake. The couple traditionally participates in cutting the cake together and feeding each other a bite as a symbolic gesture.",3.246
8,1,0,"Valentine's Day is on February 14. It's a special day for love and friends in America. Most people think about showing love with cards and gifts. Many things are bought like flowers, balloons, chocolate, toys, and jewels. People go out to eat at nice restaurants.

Kids celebrate too! They give thank-you cards to teachers. Some schools have dances on Valentine's Day. Kids trade little cards with friends. These cards have cartoon characters.

It's a good day to say ""I love you"" or get married. But you don't need to be in love. You can say ""Happy Valentine's Day"" to friends and coworkers too.

Valentine's Day is not a real holiday, but government offices and schools are open like usual. A long time ago, it was about a kind man named Saint Valentine who helped someone. Now it's about showing love with cards and gifts.

When stores get ready for Valentine's Day, they put up red and pink hearts and pictures of Cupid. Cupid is an old god from Rome who hits people in the heart. But now he also makes people buy more jewels!",2.585
8,1,2,"Here is the rewritten text at Flesch-Kincaid Grade scale 2:

Valentine's Day is a special day on February 14. It's about love and friends. Many people think it's a day to buy cards and gifts for someone they love.

Some stores sell lots of things for Valentine's Day: flowers, balloons, candy, stuffed animals, and jewelry. People go out for dinner too.

Kids in school make special cards for their teachers. Some high schools have dances on Valentine's Day. Friends give each other little cards with cartoon characters on them.

It's kinder to make your own card for friends and teachers. You can say ""Happy Valentine's Day"" to friends and family.

Some people get married on Valentine's Day. But you don't have to be in love to celebrate. You can just say happy Valentine's Day to anyone.

Valentine's Day isn't an official holiday, so schools and offices are still open. A long time ago, a Saint named Valentine helped someone, and now we celebrate that day with love notes.

When stores decorate for Valentine's Day, you'll see red hearts and pictures of Cupid. That's because people want to buy jewelry and cards!

Note: I made the following changes:

* Simplified vocabulary
* Shortened sentence length
* Removed complex phrases and sentences
* Added more basic language and repetition for clarity",3.042
8,1,4,"Here is the rewritten passage at Flesch-Kincaid Grade scale 4:

Valentine's Day is on February 14th. It's a holiday where people show love and friendship in America. Most people think of it as a day to buy cards and gifts for someone they care about. This holiday is also very commercial, which means people spend a lot of money on flowers, chocolates, stuffed animals, jewelry, and expensive dinners.

Even kids celebrate Valentine's Day at school by giving thank-you cards to their teachers. Some high schools have dances where classmates give each other small cards with cartoon characters on them. It's nice when kids make handmade cards for friends and teachers instead of buying them.

Valentine's Day is a good day to tell someone you like them, or even get married! But it's okay if you're not in love - you can still say ""Happy Valentine's Day"" to your friends and coworkers.

Even though Valentine's Day isn't an official holiday, stores start decorating with hearts and Cupid pictures when they know it's coming up. Cupid is a little winged god from ancient Rome who is supposed to make people fall in love. Now he seems to be trying to get into our wallets too!",2.775
8,1,6,"Here is the rewritten text at the Flesch-Kincaid Grade scale 6:

Valentine's Day is on February 14th. It's a special day to show love and friendship. Most people think of it as a romantic day. They buy cards and gifts for their loved ones. Many people spend money on flowers, balloons, chocolates, stuffed animals, and jewelry. They also go out for expensive dinners.

Kids celebrate Valentine's Day too! They give thank-you cards to their teachers and classmates. Some schools even have dances where kids can dance with friends. It's a nice idea to make handmade cards instead of buying them in stores.

You don't have to be in love to say ""Happy Valentine's Day"" to your friends and coworkers. Some people even get married on this day! But it's not an official holiday, so schools and government offices stay open as usual.

A long time ago, February 14th was the day of a Saint named Valentine who saved someone's life. Back then, people didn't have stores to buy cards from. They wrote love notes by hand.

When stores start decorating with hearts and pictures of Cupid, you know Valentine's Day is coming! Cupid is a winged god that Romans believed could make people fall in love. Now it seems like he also makes people spend money on jewelry and ads!",3.021
8,1,8,"Valentine's Day is on February 14th in the United States. It's a holiday that celebrates love and friendship. Most people think of it as a romantic day to show someone they care by buying cards, gifts, or going out for dinner.

Many stores have special sales on flowers, balloons, chocolate, stuffed animals, and jewelry. People also use this day to thank their teachers with handmade or store-bought cards. Some high schools even have dances where classmates give each other cards.

Valentine's Day is a popular time to tell someone you have feelings for them. In fact, some people get married on this day! But it's not just about romance - you can say ""Happy Valentine's Day"" to friends and coworkers too.

Although the holiday isn't officially recognized by the government, schools and offices usually stay open as usual. The idea of celebrating love on February 14th started many years ago when a Saint named Valentine helped someone in need.

Now, stores show off their decorations with red and pink hearts and pictures of Cupid, an ancient Roman god who's said to make people fall in love. When you see these symbols, it means Valentine's Day is coming soon!",2.722
8,1,10,"Here is the rewritten passage at the Flesch-Kincaid Grade level 10:

Valentine's Day, celebrated on February 14, commemorates love and friendship in the United States. While it is often associated with romantic gestures, such as purchasing greeting cards and gifts for a loved one, Valentine's Day has become an extremely commercialized holiday. People expend considerable sums on flowers, balloons, chocolates, stuffed animals, jewelry, and dining out.

Even students participate in the celebrations, presenting their teachers with thank-you notes or attending school dances where classmates exchange small cards featuring popular cartoon characters. However, creating handmade cards is often regarded as a more considerate gesture.

Valentine's Day is also an ideal occasion to publicly express one's feelings for someone, such as a secret crush. Some individuals even get married on this day; however, it's not necessary to be in love to participate in the festivities. You can simply wish friends and colleagues ""Happy Valentine's Day.""

Although it is not an official federal holiday, the United States observes Valentine's Day on February 14. This date originated as a commemoration of Saint Valentine, who allegedly saved the life of a young girl. Over time, romance became intertwined with the celebration, and people began exchanging handwritten love letters during the Middle Ages.

When stores start adorning their windows with red and pink hearts and depictions of Cupid, it's a clear indication that Valentine's Day is approaching. Cupid, an ancient Roman deity, was said to possess the power to strike people's hearts. Today, however, Cupid seems more focused on emptying wallets, as numerous advertisements for jewelry emerge in anticipation of the holiday.",3.523
8,1,12,"Valentine's Day, which falls on February 14, is a holiday that celebrates love and affection in the United States. While most individuals perceive it as an occasion to express romantic sentiments towards their loved ones through gift-giving and card purchasing, it has also become an extremely commercialized celebration. People expend substantial amounts of money on flowers, balloons, chocolates, stuffed animals, and jewelry, with many opting for expensive dining experiences.

Schoolchildren participate in the festivities by presenting thank-you cards to their educators, while high schools may host Valentine's Day dances, where classmates exchange cards adorned with popular cartoon characters. However, it is generally considered more thoughtful to create handmade cards, showcasing creativity and effort.

Valentine's Day serves as an ideal opportunity for individuals to confess their love or propose marriage to someone they have been secretly admiring. In fact, some couples choose to tie the knot on this day. Nevertheless, one doesn't need to be in a romantic relationship to participate in the celebrations; friends and coworkers can extend warm wishes by saying ""Happy Valentine's Day.""

It is worth noting that despite its widespread observance, Valentine's Day is not an officially recognized federal holiday in the United States. Consequently, government offices and schools remain operational on this day.

Historically, February 14 was commemorated as the feast day of a Saint named Valentine, who allegedly rescued a young girl from execution. Subsequently, during the Middle Ages, the notion of romance became intertwined with the date, prompting lovers to exchange handwritten love letters. In stark contrast to the present day, when commercial cards and gifts are readily available, individuals were once required to invest time and effort into crafting their own sentiments.

As Valentine's Day draws near, one can anticipate the proliferation of red and pink hearts, as well as Cupid, the winged Roman deity associated with love. Unfortunately, this festive atmosphere is often accompanied by an increase in advertising for jewelry and other luxury items, leaving a substantial impact on individuals' wallets.",4.090
8,2,0,"People have fun at grown-up parties. More people are acting like kids again or making memories by having special party days.

Parties can be about anything: an idea, a TV show, a character, or something else. Sometimes you must wear clothes that fit the party. A toga party is one kind. You wear a white sheet and pretend it's a toga. College students used to like these parties.

A masquerade party has people wearing masks so others don't know who they are. It's fun to guess who is behind a mask. Some parties have mystery and you try to solve a fake crime. People have summer beach parties where they wear swimsuits. They also have game nights where people play board games. Another type of party is like a casino, with games like blackjack or poker.

You can have parties based on countries too. A Mexican party has tacos and music from Mexico. Just remember to be careful what you wear. It's not nice to dress up like someone from another country.",2.347
8,2,2,"Adults can have fun at their birthday party or other special days by having themed parties. A lot of grown-ups are doing this now. They dress up as superheroes, cartoon characters, or even from movies and TV shows.

Guests might be asked to wear costumes too. Like at a toga party where people wear white sheets like ancient Greeks. College students used to love these parties a long time ago.

Some people go to a masquerade ball where they wear masks and try to guess who's behind them. It's fun to solve puzzles. There are even mystery parties where we have to figure out who did something bad.

Other adults have parties for summer or winter. If it's summer, guests might come in swimsuits like at the beach. We can also play games together like Monopoly or Scrabble. Some people go to a casino and play games they see on TV.

We can even have parties from faraway places like Mexico with Mexican food, music, and decorations. But we should be careful when dressing up as someone from another country. It's not nice to copy what others do and pretend to be them. Let's just enjoy the yummy food and fun!",2.672
8,2,4,"Who says adult parties are boring? More and more adults have fun by going back to their childhoods or making new memories with theme parties for birthdays or other events.

Theme parties come from ideas, TV shows, characters, or anything else. Sometimes guests dress up like the theme too! For example, at a Toga party, people wear togas - which are just white sheets. College students used to love these parties!

At a masquerade party, everyone wears a mask and tries to guess who's behind it. It's fun not knowing! There are even murder mystery parties where guests have to solve a fake crime.

Some adults throw parties based on the season. A summer beach party might be in swimsuits. Another type is game night, where people play board games together. Some like casino nights with games like blackjack or poker.

You can also do theme parties for countries or regions. For example, a Mexican party could have tacos and music from Mexico. But remember to respect other cultures when dressing up - it's better to just enjoy the food than pretend to be someone you're not!",2.538
8,2,6,"Who says adult parties have to be boring? More and more adults are having fun by throwing theme parties on their birthdays and other special occasions.

A theme party can be about anything - an idea, a TV show, a book, or even a favorite character from a movie. Guests might be asked to dress up according to the theme too. For example, at a Toga party, everyone wears white sheets like ancient Greeks.

There are many kinds of theme parties. At a masquerade party, people wear masks and try to guess who's behind them. It's fun to figure out who's who! Some parties are even mysteries - guests have to solve a fake crime.

Some people throw summer parties where everyone wears swimsuits and has fun in the sun. Others like game nights, where friends play board games together. There's also casino night, where adults can play games like blackjack or poker.

Parties can be about specific countries too. A Mexican party might have tacos, music from Mexico, and decorations with the colors of the Mexican flag. But remember: it's not a good idea to dress up in a costume that makes fun of another culture. Let's just enjoy the food and have fun!",2.706
8,2,8,"Who says adult parties have to be dull? More and more adults are having fun by throwing theme parties on their birthday or other special occasions.

Theme parties can be based on almost anything - a favorite movie, book, TV show, or even a hobby. Sometimes guests are asked to dress up according to the theme. For example, a Toga party is where everyone wears togas, which are basically just white sheets. These types of parties used to be super popular in college.

In a masquerade party, everyone wears a mask and has to guess who's behind it. The mystery adds to the excitement! There are also murder mystery parties where guests have to solve a fake crime.

Some adults like to throw parties based on seasons. A summer beach party might feature people wearing swimsuits. Another fun type of party is game night, where friends get together to play board games. A variation of this is casino night, where people play games like blackjack or poker.

Theme parties can also be based on a specific country or region. For example, a Mexican theme party could have tacos, the colors of the flag, and traditional music. However, it's essential for guests to be respectful when dressing up. Avoiding stereotypes and just enjoying the culture is usually best.",2.776
8,2,10,"Adults are finding new ways to have fun at parties by embracing their inner child through themed events. These celebrations can be based on any idea, TV show, book character, or concept. Some parties require guests to dress in accordance with the theme, such as donning togas for a classic Greek-inspired party or wearing masks and elaborate costumes for a masquerade ball.

Murder mystery parties are another type of themed event where guests play the roles of suspects and detectives to solve a mock crime. Seasonal themes, like summer beach parties with water games and tropical decorations, are also popular among adults. Another favorite is game night, where friends gather to play board games or compete in casino-style tournaments.

Some theme parties focus on international cultures, like a Mexican fiesta featuring traditional music, food, and decor. However, it's essential for guests to be respectful and sensitive when choosing costumes or cultural elements. Portraying stereotypes can be hurtful, so it's best to appreciate the culture without pretending to be part of it.",2.416
8,2,12,"Here is the rewritten passage at Flesch-Kincaid Grade scale 12:

While some might assume adult gatherings are inherently mundane, an increasing number of adults are reviving their childhood nostalgia or creating novel experiences by hosting themed parties for their birthdays or other occasions.

These events often derive from a concept, television show, fictional character, or any other inspiration. Guests may be encouraged to dress accordingly, as is the case with the Toga party, where participants don white sheets and attempt to embody ancient Greek attire. Such gatherings used to be particularly popular among college students.

In contrast, masquerade parties rely on mystery, where attendees conceal their identities behind masks, adding an air of intrigue to the evening. Murder mystery events also cultivate suspense, as guests must collectively solve a fabricated crime. Parties centered around seasonal themes, such as summer beach bashes or winter festivals, often feature attire and decorations reflective of the season.

Game nights are another common type of themed party, where individuals gather to engage in various board games or card games, including casino staples like blackjack and poker. Regional or country-specific themes can also be employed, such as a Mexican fiesta featuring traditional cuisine, music, and decor. However, it is essential for guests to approach these events with sensitivity, avoiding cultural appropriation and stereotypes by instead immersing themselves in the authentic experiences and traditions of the chosen theme.",3.010
10,0,0,"AMC's new show is called Fear The Walking Dead. It is a sister show to The Walking Dead. 

The new show starts before the first show. This means it happens before all of the other characters and storylines on The Walking Dead.

Some big names are working on this show. They include Robert Kirkman, who made The Walking Dead comic series. He co-wrote the pilot with Dave Erickson from Sons of Anarchy.

The new show is about a teacher named Sean Cabrera. He lives in Los Angeles and his son Nick has trouble with drugs. 

Other actors are playing other characters on the show. They include Cliff Curtis, Kim Dickens, Frank Dillane, and Alycia Debnam Carey.

Fear The Walking Dead will come out this summer. A second season is planned for 2016.",2.099
10,0,2,"-LRB- The Hollywood Reporter -RRB- It's true: AMC's Walking Dead friend show has a name.
The show, which is before the first one, will be called Fear The Walking Dead.
This news comes as the show was being made and got picked up to go on TV. It even got renewed for two seasons before it was finished.
Robert Kirkman said that the show will be about new people in Los Angeles when the zombies come out.
Cliff Curtis is playing a teacher named Sean. He shares a son with his ex-wife.
Kim Dickens plays Nancy, a school counselor who likes Sean. She also sees him romantically.
Frank Dillane and Alycia Debnam Carey are part of the show too. They play two kids whose mom is Nancy.
The show will come out in the late summer. Season two will be next year.",2.150
10,0,4,"Here is the rewritten text at Flesch-Kincaid Grade scale 4:

AMC's new TV show has a name. It's called Fear The Walking Dead. Robert Kirkman said this on Friday. This show is like a sister to The Walking Dead, but it comes first.

Kirkman and his friend Dave Erickson wrote the first episode. They will be in charge of the whole show with other people. The show starts when zombies are just beginning to appear. It's set in Los Angeles.

Some actors will play new characters. Cliff Curtis plays a teacher named Sean. He has a son, but he doesn't live with him. Kim Dickens plays Nancy, who is a school counselor and likes Sean. She also has two kids: Nick and Ashley.

Nick had problems with drugs, but he's trying to be better. Ashley wants to leave Los Angeles when the zombies come. She wants to go to college in Berkeley.

The show will start in late summer. The second season will be in 2016.",2.429
10,0,6,"AMC's new show about zombies has a title. It is called Fear The Walking Dead. The show starts before the events of The Walking Dead and will be on TV this summer.

The creator of The Walking Dead, Robert Kirkman, wrote the first episode with Dave Erickson from Sons of Anarchy. They are making it together with other people who worked on The Walking Dead.

The new show is about a teacher named Sean Cabrera, played by Cliff Curtis, and his family. His ex-wife is seeing him romantically and they have children together. One child has struggled with drugs and the other wants to leave Los Angeles when the zombies come.

Fear The Walking Dead will be on TV in late summer, and season two will be in 2016.",1.979
10,0,8,"Here is the rewritten passage at Flesch-Kincaid Grade level 8:

AMC's new TV show, which is a companion to The Walking Dead, now has an official title: Fear The Walking Dead. This news comes after months of development and was announced on March 9 by Robert Kirkman, one of the show's producers.

Kirkman co-wrote the first episode with Dave Erickson, who worked on Sons of Anarchy. They will be in charge of making sure the show is well-made, along with other people like Gale Anne Hurd and Dave Alpert from The Walking Dead. Adam Davidson will direct the first episode, while Greg Nicotero, known for his work on special effects, will also help make decisions.

The show takes place in Los Angeles at the beginning of a zombie outbreak. It follows new characters as they deal with this crisis. We know that Cliff Curtis plays Sean Cabrera, a teacher who has a son with his ex-wife. He shares some scenes with Kim Dickens, who plays Nancy, a guidance counselor who is also romantically involved with Sean.

Frank Dillane plays Nick, Nancy's rebellious teenage son, and Alycia Debnam Carey plays Ashley, her ambitious daughter. They are both interesting characters because they are very different from each other. The first season of Fear The Walking Dead will come out in the late summer, while the second season is scheduled for 2016.",3.162
10,0,10,"Here is the rewritten passage at a Flesch-Kincaid Grade scale level of 10:

AMC's companion series to The Walking Dead has been given an official title: Fear The Walking Dead. According to executive producer Robert Kirkman, the prequel series will be set in Los Angeles during the early stages of the zombie outbreak. Kirkman co-wrote the pilot with Dave Erickson, who will serve as showrunner, and Adam Davidson will direct the first episode.

The series features a diverse cast, including Cliff Curtis, Kim Dickens, Frank Dillane, and Alycia Debnam Carey. The storylines are expected to be new and separate from those of the original series. While AMC has remained tight-lipped about specific details, sources indicate that the drama will explore how individuals cope with the onset of a zombie apocalypse in Los Angeles.

The Walking Dead creators have assembled an experienced team to bring this companion series to life. Greg Nicotero, a visual effects expert from The Walking Dead, will executive produce alongside Kirkman and Erickson. Gale Anne Hurd and Dave Alpert will also serve as executive producers.

Fear The Walking Dead is set to premiere in late summer 2015, with the second season already confirmed for 2016.",2.898
10,0,12,"Here is the rewritten text adjusted to a Flesch-Kincaid Grade scale of 12:

AMC's forthcoming companion series, ""Fear The Walking Dead,"" has been officially titled by executive producer Robert Kirkman. This development follows several months of production and was preceded by code names such as ""Cobalt"" and ""Fear The Walking Dead."" Initially, the series was shrouded in secrecy, with only vague descriptions provided by AMC regarding its premise.

The companion series will be set in Los Angeles at the outbreak of the zombie epidemic. According to sources familiar with the project, it will focus on novel characters and storylines. The show's production team includes Kirkman, who is also responsible for creating ""The Walking Dead"" comic book series. Kirkman co-wrote the pilot episode with Dave Erickson, a writer known for his work on ""Sons of Anarchy.""

Erickson has been appointed as the showrunner, while Adam Davidson will direct the pilot. Greg Nicotero, a key figure in the visual effects of ""The Walking Dead,"" will also serve as an executive producer. Cliff Curtis and Kim Dickens have been cast in leading roles, with Curtis portraying Sean Cabrera, a high school teacher. Dickens will play Nancy, his love interest, who works as a guidance counselor at the same school.

Other notable cast members include Frank Dillane as Nick, Nancy's son who has struggled with addiction issues, and Alycia Debnam Carey as Ashley, Nancy's ambitious daughter who is eager to escape Los Angeles for Berkeley when the apocalypse occurs. The series will premiere in late summer, with season two scheduled for 2016.",3.544
10,1,0,"Facebook is losing many users every month in big countries like USA and UK. This is because people are going to new social media sites. 

Facebook has a problem. In the USA and UK, most people who want to use Facebook have already made an account. People get bored with the same old thing, so they try something new. This can be bad for Facebook. Could it go away like MySpace? Not likely, but there's some risk. 

Younger kids are using other social media sites like Instagram and Path. These sites are getting more popular fast. They have special rules to make them fun. Instagram is good for pictures. Path lets you only have 150 friends.

Facebook is still growing in some countries like Brazil and India. But in big countries, it's losing users. Some people think Facebook will be okay because mobile phones are growing fast. But others say that's not enough to fix the problem.",2.405
10,1,2,"Here's the rewritten text at Flesch-Kincaid Grade scale 2:

Facebook has a big problem. People are not using it as much as they used to. Last month, Facebook lost many users in its biggest countries. In the US, there were 6 million fewer visitors. That is a 4% drop. The UK had 1.4 million fewer users, which is a 4.5% fall.

Facebook has been losing users for six months. It has lost almost 9 million monthly visitors in the US and 2 million in the UK. This is happening not just in the US and UK but also in other big countries like Canada, Spain, France, Germany, and Japan.

People are switching to new social networks. Instagram, which is owned by Facebook, has many young users. Another social network called Path is growing fast. It has almost 9 million users now.

But Facebook is still popular in some places. In Brazil, the number of visitors went up 6% last month. India also saw a 4% rise in visitors.

Analysts are worried that Facebook's growth might slow down. They think it's because people are bored with Facebook and want to try something new. Mark Zuckerberg, Facebook's founder, is trying to make Facebook more interesting for smartphone users. He has created a new program called Facebook Home that helps users see what their friends are doing on their phones.",3.354
10,1,4,"Here is the rewritten text at Flesch-Kincaid Grade scale 4:

Facebook has lost many users in its biggest countries. This is according to data that doesn't come from Facebook itself. Many people are switching to other social networks like Instagram and Path.

Facebook's numbers are going down in the US, UK, and other big countries. In one month, Facebook lost 6 million visitors in the US. That's a 4% drop. In the UK, 1.4 million fewer people used Facebook in March. That's a 4.5% drop.

People are leaving Facebook in many countries like Canada, Spain, France, Germany, and Japan. Facebook won't say anything about this.

""A problem is that most people who want to use Facebook have already done it,"" said Ian Maude, an expert on new media. ""Some people get bored with Facebook and want to try something new."" He doesn't think Facebook will disappear like MySpace did, but there's a small chance of that happening.

Instagram, which is owned by Facebook, has gotten popular with younger people. It lets them share photos easily. Path, another social network, is also getting popular. People can only have 150 friends on this network, and it's growing fast.

But in some countries like Brazil and India, Facebook is still growing. In fact, the number of visitors to Facebook in these countries has gone up a little bit.

Some people who study Facebook numbers think that the company might be losing some users. They say this could affect how much money Facebook makes from advertising.",3.611
10,1,6,"Here's the rewritten passage at Flesch-Kincaid Grade level 6:

Facebook has lost millions of users each month in its biggest markets. This is according to independent data, which shows that people are looking for new online places to hang out. Facebook is getting ready to tell investors about how it did in the first three months of the year. Analysts think Facebook's sales will be 36% higher than last year.

But studies show that Facebook's growth in the US, UK, and other big European countries has slowed down. In the last month, Facebook lost 6 million users in the US, which is a 4% drop. The UK also saw a 1.4 million user loss, or a 4.5% decline.

Facebook is losing users in many other countries too, including Canada, Spain, France, Germany, and Japan. A Facebook spokesperson didn't want to comment on this issue.

""The problem is that most people who want to join Facebook have already done so,"" said Ian Maude, an expert in new media. ""People are getting bored with Facebook and want to try something new."" Some experts think that Facebook might lose its place as the biggest social network, like MySpace did a few years ago.

Some other social networks, like Instagram, are becoming very popular, especially among younger people. Instagram is a photo-sharing app that won 30 million users in just 18 months before Facebook bought it.

Another new social network called Path is also growing fast. It has restricted its users to 150 friends and allows them to share photos and messages with each other.

But Facebook is still doing well in some parts of the world, like South America. In Brazil, for example, monthly visitors went up by 6% last month to 70 million.

However, analysts think that Facebook's growth has peaked in developed markets. They are using a special tool to track user numbers and it shows that Facebook might have lost some users in the first quarter of this year.

Facebook is trying to keep its place as the biggest social network by introducing new features and apps that will appeal to smartphone users.",4.589
10,1,8,"Facebook is losing millions of users per month in its biggest markets. According to independent data, alternative social networks are attracting people looking for new online communities. As Facebook prepares to update investors on its performance, analysts expect a 36% increase in revenues compared to last year. However, studies suggest that Facebook's growth has peaked in the US, UK, and other major European countries.

In the past month, Facebook lost 6 million US visitors, a 4% decline, according to analysis firm Socialbakers. In the UK, 1.4 million fewer users logged in during March, a 4.5% drop. These declines have been consistent over the last six months, with Facebook losing nearly 9 million monthly visitors in the US and 2 million in the UK.

People are also leaving Facebook in Canada, Spain, France, Germany, and Japan, where it has a large following. A Facebook spokesperson declined to comment on these numbers.

Ian Maude, a new media specialist at Enders Analysis, said that people are looking for new experiences online. ""In the US and UK, most people who want to sign up for Facebook have already done so,"" he explained. ""There's a boredom factor where people like to try something new.""

Alternative social networks like Instagram and Path are gaining popularity among younger age groups. Instagram has seen a surge in users since being acquired by Facebook, while Path is growing rapidly on mobile devices.

Despite these losses, Facebook is still growing in South America. In Brazil, monthly visitors increased 6% last month to 70 million, according to Socialbakers. India also saw a 4% rise to 64 million visitors.

However, other analysts are reporting declines in user numbers. Jefferies bank developed an algorithm that interfaces with Facebook's software and suggests that user levels may have declined from their peak. The network has lost nearly 2 million visitors in the UK since December, according to Nielsen.

The number of minutes Americans spend on Facebook is also falling. In December 2012, users spent 121 billion minutes on the site, but this fell to 115 billion minutes in February, according to comScore. While smartphone usage is growing, it's not clear if it will compensate for declining desktop usage.

Facebook's growth is slowing down, and investors are eager to learn more about its performance. The company will update investors on its quarterly results soon, with revenues expected to increase 36% from last year.",5.214
10,1,10,"Here is the rewritten passage at Flesch-Kincaid Grade scale 10:

Facebook's user base has been declining significantly in its major markets, according to independent data. The social network has lost millions of users each month in the United States, the UK, and other European countries. Analysts predict that Facebook's revenue will increase by 36% this year, but studies suggest that the platform's expansion in these regions has plateaued. In the US, Facebook lost six million visitors last month, representing a four percent decline, while in the UK, one point four million fewer users checked into the site, resulting in a four and a half percent drop.

In the past six months, Facebook has experienced significant declines in its user base in these regions, with nearly nine million monthly visitors lost in the US and two million in the UK. The trend is similar in other countries where Facebook has a strong presence, including Canada, Spain, France, Germany, and Japan. A Facebook spokesperson declined to comment on the issue.

Media expert Ian Maude points out that many people who want to use Facebook have already done so, leading to a ""boredom factor"" where users seek alternative social media platforms. This trend is evident in the popularity of Instagram, which has gained thirty million users in just eighteen months after being acquired by Facebook. Path, another mobile-based social network founded by a former Facebook employee, is also experiencing rapid growth, with one million new users joining each week.

However, Facebook's user base is still growing rapidly in emerging markets such as South America. In Brazil, the platform saw a six percent increase in monthly visitors last month, while India experienced a four percent rise. But in developed countries, other metrics suggest that Facebook's user base may be declining. Analysts at Jefferies bank have developed an algorithm that indicates user levels may have peaked in January and declined by twenty million in February.

The number of minutes spent on Facebook is also decreasing, with Americans spending 115 billion minutes on the platform last month compared to 121 billion in December 2012. This trend is largely attributed to the shift towards mobile devices, where users spend more time on social media platforms like Facebook Home. The company's stock performance will be closely watched as it updates investors on its quarterly results, with analysts expecting a significant increase in revenue.",4.959
10,1,12,"Here is the rewritten passage at the Flesch-Kincaid Grade level of 12:

Facebook's user base has been dwindling significantly in recent months, with independent data suggesting that millions of users have abandoned the platform in favor of alternative social networks. As Facebook prepares to report its quarterly earnings, analysts are predicting a 36% increase in revenue, but studies indicate that the company's growth has plateaued in major markets such as the US and UK.

In the past month alone, Facebook lost 6 million users in the US, representing a 4% decline, according to Socialbakers. In the UK, the number of users decreased by 1.4 million, or 4.5%, over the same period. These declines are consistent with trends observed over the past six months, during which time Facebook lost nearly 9 million monthly visitors in the US and 2 million in the UK.

Users are also defecting from Facebook in other major markets, including Canada, Spain, France, Germany, and Japan. A spokesperson for Facebook declined to comment on these developments. According to new media specialist Ian Maude at Enders Analysis, ""the problem is that most people who want to sign up for Facebook have already done so,"" leading to a ""boredom factor"" where users seek out new platforms.

Alternative social networks such as Instagram and Path are gaining traction with younger age groups, with Path reportedly adding 1 million users per week. In contrast, Facebook's growth in developed markets is slowing, with monthly visitors in the US and UK decreasing by nearly 2 million since December. Analysts at Jefferies have developed an algorithm that suggests user levels may have declined from peak levels.

While Facebook continues to grow in emerging markets such as South America, where monthly visitors in Brazil increased by 6% last month, the company's overall growth is slowing. The number of minutes Americans spend on Facebook appears to be decreasing, with comScore reporting a decline from 121 billion minutes in December 2012 to 115 billion minutes in February.

As users increasingly turn to mobile devices, Facebook's desktop usage is declining rapidly. While smartphone usage has doubled over the past year, it remains unclear whether this trend will compensate for diminishing desktop engagement. When Facebook reports its quarterly earnings, investors will be closely watching the company's mobile user growth and advertising revenue.",5.045
10,2,0,"Here is the rewritten passage at Flesch-Kincaid Grade scale 0:

Stephanie went on a trip to LA. LA is by the ocean. Many famous people got famous there. The city has many fun things to do. You can see movie stars and walk on the Walk of Fame. There are lots of movies made in LA. Stephanie saw some.

LA also has beaches where you can swim or surf. Stephanie went to the Santa Monica Pier. It has rides and stuff for people to play with. She rode a big wheel that showed her the city.

Stephanie liked her trip. She wants to go back soon.",1.678
10,2,2,"Stephanie went on a trip to Los Angeles. It is a big city near the ocean. Many famous people live there. You can see many fun things in Los Angeles.

There are lots of stars on the street called Hollywood Walk of Fame. People who made movies and TV shows walk by these stars every day. Stephanie saw the famous Hollywood Sign. It's high up in the hills.

In downtown Hollywood, you can take a short walk around the Hollywood Walk of Fame. There are over 2,000 shiny stars for famous people. You can even go on a tour to see where movies and TV shows are made. Stephanie went to Universal Studios.

Los Angeles is also a beach town. People like to swim and surf there. You can visit the Santa Monica Pier. It has fun rides and games. Stephanie rode a big Ferris wheel that gave her a great view of the city and ocean.

Stephanie had fun on her trip. She wants to go back soon.",2.265
10,2,4,"Stephanie went on a weekend trip to California. California has big cities by the ocean. A lot of famous people became famous there. There's a city in California that is very popular because it's near Hollywood. People go to see the Hollywood Sign, which is a famous landmark. The sign is high up in the hills.

You can walk on the Hollywood Walk of Fame. This is a street with stars on the ground where famous people are honored. Visitors can take tours of movie studios. Stephanie saw a studio that makes her favorite movies.

Los Angeles is also a beach town. You can go surfing or sunbathing at the beach. The Santa Monica Pier is a popular place to visit. It has rides and games for kids and adults. Stephanie rode a big Ferris wheel there. From high up, you can see the whole city and ocean.

Stephanie liked her trip very much. She wants to go back again soon.",2.235
10,2,6,"Stephanie visited Los Angeles over a weekend. It's a big city right next to the Pacific Ocean. Some famous people got their start there. While LA is known for Hollywood, there's still lots of other things to see.

People go to LA to visit places connected to movies and TV shows. There's a sign with ""Hollywood"" written on it in the hills above LA. You can walk along the Walk of Fame in downtown Hollywood. It has stars on the ground that are dedicated to famous people. You can even take a tour of movie studios.

LA is also by the beach, so you can swim or surf there. The Santa Monica Pier has rides and games for visitors. Stephanie rode the Ferris wheel there and saw LA from high up.

Stephanie's trip was fun. She wants to go back someday soon.",2.001
10,2,8,"Stephanie took a weekend trip to Los Angeles, California. Los Angeles is a coastal city by the Pacific Ocean. Many famous people got their start there. While Hollywood is big, there's lots more to see in LA.

People come from all over for things related to movies and TV shows. The Hollywood Sign is a well-known landmark. It's in the hills above Santa Monica Mountains. You can walk the Walk of Fame in downtown Hollywood and see stars with celebrities' names on them. There are even tours of movie studios where people make films.

Los Angeles also has beaches where you can swim, surf, or just relax in the sun. One popular place to visit is the Santa Monica Pier. Stephanie rode a big Ferris wheel there that gave her a great view of the city and ocean.

These are just a few things Stephanie saw on her trip. She liked it so much she wants to go back soon.",2.157
10,2,10,"Stephanie recently took a weekend trip to Los Angeles, California, a coastal city situated along the Pacific Ocean. Famous for launching the careers of numerous celebrities, LA is home to many attractions centered around Hollywood culture.

The town's popularity stems in part from its connection to Tinseltown. The iconic Hollywood Sign, nestled within the Santa Monica Mountains' Hollywood Hills region, has become synonymous with the glamour and glitz of the entertainment industry.

Visitors can stroll along the Hollywood Walk of Fame, a pedestrian-friendly promenade lined with over 2,500 brass stars commemorating celebrities who have left their mark on the world of cinema. LA's rich cinematic history also lends itself to behind-the-scenes tours of popular movie studios, such as Universal Studios, where Stephanie had the opportunity to explore.

Los Angeles' status as a beach town offers endless opportunities for sun-seekers and thrill-enthusiasts alike. The Santa Monica Pier is a prime destination, featuring an array of rides and attractions that draw in visitors from far and wide. While there, Stephanie rode the pier's iconic Ferris wheel, which provided breathtaking views of the city and coastline.

These experiences are just a glimpse into Stephanie's weekend getaway to Los Angeles, where she developed an affinity for this vibrant city and its many wonders. She hopes to return soon, eager to uncover even more secrets and charms that LA has to offer.",3.040
10,2,12,"Stephanie recently took a weekend excursion to Los Angeles, California, a metropolis situated along the Pacific Ocean's coastline. As a hub for fame and celebrity culture, numerous well-known individuals have earned their claim to renown within this city. Although it is renowned for its ties to Hollywood, LA offers an abundance of attractions and experiences beyond its cinematic sphere.

The iconic Hollywood Sign, situated atop the Santa Monica Mountains in the Hollywood Hills, serves as a famous landmark emblematic of this star-studded metropolis. Upon arrival in downtown Hollywood, visitors can stroll along the Walk of Fame, a landmark that comprises over 2,500 brass stars dedicated to celebrated individuals who have had a profound impact on the entertainment industry.

Touring prominent movie studios is also an option for tourists visiting LA. Stephanie was fortunate enough to visit Universal Studios, which produces her favorite films and television shows. Beyond its association with Hollywood, Los Angeles is also a popular beach destination, offering ample opportunities for sunbathing and surfing.

One of the city's most frequented beaches is the Santa Monica Pier, which features an array of rides and attractions catering to visitors. Stephanie rode the iconic Ferris wheel during her visit, affording her a breathtaking view of the metropolis and coastline.

These experiences represent just a sampling of the numerous activities and events that Stephanie had the opportunity to partake in during her trip to LA. Her visit was thoroughly enjoyable, and she is eager to return to this vibrant city in the near future.",3.190
12,0,0,"Miami has good weather. It also has many old people who live there. A lot of people from Cuba also live there. But Miami is not well known for art.

A rich man named Jorge Pérez wants to change that. He gave 40 million dollars to a museum in downtown Miami. This museum shows art from all around the world. 

Jorge Pérez loves art. He even has some famous paintings at his home. He wanted to share them with everyone. So, he donated some of his paintings to the new museum.

The museum is very big and has glass windows that can help protect people in storms. It also has gardens where plants grow without water!

Jorge Pérez thinks Miami should be known for art too. He wants people from all around the world to come see the art at the new museum.

Miami is changing a lot right now. A famous soccer player named David Beckham wants to build a stadium there for his team. There is also an art fair called Art Basel that comes to Miami every year. Many people go to it.

Jorge Pérez helped build the museum with his money. He said he is happy that they named the museum after him. 

Not everyone was happy about naming the museum after Jorge Pérez. Some people thought the name should be something else. But most of the people who helped build the museum agreed on the name.

Some people think it's okay to name a science museum after someone who donated money, but not an art museum. But others say that donating 40 million dollars is very good for the community!",3.662
12,0,2,"Miami is a city with warm weather, old people living there and many Cubans. But Miami is not known much for art. A rich man named Jorge Pérez wants to change that.

Jorge Pérez gave money to build a special place for art called the Perez Art Museum Miami. It's one of the few big museums in America with a name that comes from Spain.

This will help people know about Miami better. Many things are happening in downtown Miami now. There is a plan to build a big stadium there for a soccer team.

Miami also has something called Art Basel. It's a big event where artists show their work to many people. Jorge Pérez wants his museum to be very good and make people happy.

The Perez Art Museum was built with some of the biggest glass windows in the world. They can withstand strong winds from hurricanes. Inside, there are gardens that don't need much water.

Jorge Pérez has always liked art from Latin America. Now, he's giving people a chance to see his favorite paintings at the museum.",2.747
12,0,4,"Here's the rewritten passage at Flesch-Kincaid Grade scale 4:

Miami is known for its warm weather, old people who live there, and people of Cuban descent. But few people know about its art world. That's changing thanks to Jorge Pérez, a rich man who loves art.

Jorge gave $40 million to the Pérez Art Museum Miami (PAMM). This museum is special because it has a Hispanic name. Many museums in the US don't have names like this.

Jorge wants his museum to help make Miami an important art city. He's right, because there are many art shows and museums already here. In fact, every year, thousands of people come to Miami for Art Basel. It's a big event that brings in money and helps the local economy.

Jorge grew up in Argentina but moved to Miami when he was young. He loves Latin American art. When he got older, he started collecting paintings by famous artists like Roberto Matta and Diego Rivera. Now, 110 of his paintings are on display at PAMM.

The museum is very special because it has big glass windows that can withstand hurricanes. It also has gardens inside where plants grow without dirt! The museum shows art from all over the world, including a collection by a famous Chinese artist named Ai Weiwei.

PAMM is one of the main attractions in a park called Museum Park. There will soon be another museum there, too - the Patricia and Phillip Frost Museum of Science. But PAMM was almost not named after Jorge. Some people didn't want it to be named after him because they thought it should have a name that represents the city.

Jorge said he's happy that most of the board voted in favor of naming the museum after him. He thinks it's nice when people are remembered for helping something important.

Other cities have museums named after rich donors, like The J. Paul Getty Museum in Los Angeles. And PAMM is doing well - they've already raised 90% of the money they need to open the museum!",4.638
12,0,6,"Miami is known for its warm weather, retirees, and Cuban-American culture, but not as much for art museums. However, things are changing in downtown Miami thanks to billionaire developer Jorge Perez.

Jorge Perez donated $40 million to the Pérez Art Museum Miami (PAMM). He gave half of his own private art collection to the museum. The museum is one of the few big institutions in the US with a Hispanic name.

This is just what Miami needs to be noticed more. Downtown Miami is getting a new stadium for soccer, and the famous Art Basel event attracts thousands of people every year.

Jorge Perez hopes his museum will help make Miami an even better place. He says cultural institutions are very important for the growth of cities like Miami.

Before he became known as the ""Condo King,"" Jorge Perez worked on low-income housing projects. Later, he started a real estate company that built high-end condos in Miami. In 2005, TIME magazine named him one of the most influential Hispanics in the US.

The Pérez Art Museum is now open and features works by famous artists like Roberto Matta and Diego Rivera. The museum is very big - it has three stories and covers over 200,000 square feet! It even has special gardens inside that help plants grow without much water.

Jorge Perez was born in Argentina to Cuban parents. He grew up in Colombia before moving to Miami as a teenager. He loves Latin American art because of his background. The museum is showing some amazing works by Chinese artist Ai Weiwei right now.

The Pérez Art Museum is part of a new park in downtown Miami that will also have a science museum. The Pérez family was happy to donate $100 million for the museum, but some people didn't like the idea of naming it after them. They thought it should be called something else because the city and county helped pay for it.

However, most of the board members voted in favor of keeping the name. Jorge Perez said he is honored that they chose to recognize him this way.

The president of another museum in Miami thinks people are being too picky about the name. She says naming museums after donors is common and helps make cities better places for art and science.",4.868
12,0,8,"Miami is known for its tropical weather, retiree community, and Cuban-American population, but not so much as an international art hub. Fortunately for downtown Miami, billionaire real estate developer Jorge Pérez wants to change that.

Pérez donated $40 million to the Pérez Art Museum Miami (PAMM), one of the few major institutions in the United States with a Hispanic name. He even gave half of it from his own private art collection.

Miami is getting more attention as downtown undergoes a big transformation: David Beckham wants to build a soccer stadium there for his new team, and Art Basel, an international art fair, has been held in Miami Beach for over 10 years, attracting thousands of people.

Jorge Pérez hopes his museum will help take Miami to the next level. Cultural institutions have played a key role in Miami's growth, Pérez said in an interview with CNN.

Before Pérez was known as the ""Condo King"" of South Florida, he worked on low-income housing projects and co-founded a real estate company that built high-end condos.

Pérez made TIME magazine's list of top 25 most influential Hispanics in the US in 2005. He's also one of Forbes' top 400 richest Americans - the only Latino immigrant to make the list.

Born in Argentina, Pérez grew up in Colombia and moved to Miami as a teenager. His love for Latin American art started when he was young. Today, his collection has over 110 works by famous artists like Diego Rivera and Wifredo Lam.

The museum is in a three-story building with huge windows that can withstand hurricanes. There are even gardens inside the museum where plants grow without soil!

PAMM focuses on international art from the past 100 years, and it's currently showing a collection of Chinese artist Ai Weiwei's work. The museum is one of the main attractions in Museum Park, which will also have a science museum.

The Pérez Art Museum opened last year, but there was some controversy over its name. Some board members wanted to call it something else because most of the money came from taxpayers and the city gave them the land for free.

But 43 out of 47 board members voted in favor of keeping the name ""Pérez"" after Jorge Pérez donated so much money. Pérez said he's honored that they chose to recognize him this way.

People want to be remembered for good things, Pérez said. The museum has raised over $200 million, and it needs more donations to finish its building project.

Gillian Thomas from the Patricia and Phillip Frost Museum of Science said that naming museums after donors is common in art museums. She pointed out that science museums are different because people don't have strong opinions about them.

The Pérez Art Museum has reached 90% of its fundraising goal, so it seems like donations aren't a problem for now.",6.092
12,0,10,"Miami's tropical weather, retiree community, and Cuban-American population are well-known, but not so much as an international art hub. Fortunately for downtown Miami, billionaire real estate developer Jorge Pérez aims to change that.

Pérez, a self-described art lover and philanthropist, donated $40 million to the Pérez Art Museum Miami (PAMM), one of the few major US institutions with a Hispanic name. This generous contribution is half from his private art collection, making it a significant addition to the museum's permanent collection.

Miami's downtown area is undergoing revitalization efforts, with several high-profile projects underway. The city is set to welcome a new soccer stadium, courtesy of David Beckham's Miami team. Meanwhile, Art Basel, a prominent international art fair, has been held in Miami Beach for over a decade and attracts tens of thousands of visitors each year.

Jorge Pérez believes that his museum will help take Miami to the next level as an arts destination. He emphasizes the importance of cultural institutions in shaping the city's growth, citing PAMM as a prime example.

Pérez's passion for Latin American art stems from his upbringing in Colombia and Argentina, where he was raised by Cuban parents. As a young man, he began collecting works by notable artists such as Roberto Matta, Diego Rivera, Wifredo Lam, and Joaquín Torres-Garcia. Today, over 110 pieces from Pérez's private collection are on display at PAMM.

The museum's striking design features large glass windows that can withstand hurricane-force winds, making it one of the most resilient buildings in the world. The interior also boasts 70 self-watering hydroponic gardens, created by French landscape artist Patrick Blanc.

PAMM focuses on international art from the 20th and 21st centuries and currently showcases a collection by Chinese artist Ai Weiwei. Located in Museum Park, PAMM is part of a larger revitalization effort that includes the Patricia and Phillip Frost Museum of Science, set to open in 2015.

During its opening year, PAMM experienced some controversy surrounding the naming of the museum. While a majority of board members supported naming it after Pérez, four resigned in protest, preferring the name ""Miami Art Museum."" The disagreement centered on the fact that $100 million of the $167 million raised came from city and county taxpayer funds.

Pérez expressed gratitude for the board's decision to honor him through the museum's name. He believes that being recognized in such a way is a testament to his commitment to promoting art and culture in Miami.

The naming controversy surrounding PAMM contrasts with the warm reception given to the Patricia and Phillip Frost Museum of Science, which was renamed after a generous donation from the couple. According to Gillian Thomas, president and CEO of the Patricia and Phillip Frost Museum of Science, the name change has been well-received by the community.

Thomas suggests that Miami may take its art more seriously than science, with people having strong opinions about art versus the more concrete nature of science. However, she acknowledges that naming a museum after a donor can carry significance for the Hispanic community, as Jorge Pérez is the first major donor from this demographic.

While some might question the naming decision, Thomas points out that it represents a sense of pride for the Hispanic community and highlights the importance of philanthropic efforts in shaping Miami's cultural landscape. With PAMM having reached 90% of its $220 million capital campaign goal, it seems that donations are flowing freely, and the city is indeed becoming an arts hub.",7.356
12,0,12,"Here is the rewritten passage at Flesch-Kincaid Grade scale 12:

Miami's reputation as an international art hub has long been debated. However, thanks to the efforts of billionaire real estate developer Jorge Pérez, this notion is slowly becoming a reality. Pérez donated $40 million to the Pérez Art Museum Miami (PAMM), which boasts an impressive collection of artworks from his private collection. As one of the few major institutions in the United States with a Hispanic name, PAMM is poised to put Miami on the map.

The city's downtown area is undergoing significant revitalization efforts, including David Beckham's plans for a soccer stadium and the annual Art Basel event, which attracts thousands of visitors from around the world. Pérez hopes that his museum will contribute significantly to this transformation.

Pérez's passion for Latin American art stems from his upbringing in Colombia. He began collecting artworks by renowned artists such as Roberto Matta and Diego Rivera in his early twenties. Today, 110 pieces from his private collection are on display at PAMM, which features a stunning design by Swiss architects Herzog & de Meuron.

The museum's focus on international art from the 20th and 21st centuries is exemplified by its current exhibition of Chinese artist Ai Weiwei's According to What? collection. PAMM is also located in Museum Park, which will soon be home to the Patricia and Phillip Frost Museum of Science.

Despite some initial controversy over the museum's naming, Pérez was honored that the board chose to recognize him in this way. The name change has been well-received by the community, with many acknowledging the significance of recognizing a major donor from the Hispanic community.

The debate surrounding PAMM's naming highlights the complexities of naming rights in the art world. Gillian Thomas, president and CEO of the Patricia and Phillip Frost Museum of Science, notes that while people may have differing opinions about art, science is often seen as more concrete. Nonetheless, the Pérez Art Museum has reached an impressive 90% mark in its $220 million capital campaign, demonstrating the success of its fundraising efforts.",4.689
12,1,0,"Here is the rewritten passage at Flesch-Kincaid Grade scale 0:

Luis Aragones was a man from Madrid. He was called the wise man of Hortaleza. He helped Spain be good at soccer.

Aragones died when he was old. He was 75 years old. His death was sad news on Saturday.

He coached the Spanish team to win a big tournament in 2008. This was a great thing for Spain.

His friend Vicente del Bosque said nice things about Aragones. Del Bosque said that Aragones introduced a good way of playing soccer, called tiki taka. The Spanish team won more with this style.

Aragones played soccer for Atletico Madrid many years ago. He was a good player and coach. He loved Atletico.

The team president of Atletico Madrid said nice things about Aragones. He said that Aragones was a great person and friend.

Aragones got sick and went to the hospital. He did not get better. His family is sad.

There will be a special ceremony for Aragones on Sunday. The soccer team will remember him by being quiet for one minute before their game.

The president of Barcelona said nice things about Aragones too. He said that Aragones was a great manager and liked to play the way Barcelona plays.

Aragones liked the way Barcelona played, with quick passes. He chose many players from Barcelona to be on his team.",3.469
12,1,2,"Luis Aragones is a famous man from Madrid. He helped Spain win big games. Luis left the world of football at 75 years old.

He used to coach the Spanish team. They won a big tournament in 2008. It was the first time they won in over 40 years.

A player named Vicente del Bosque was his friend and took over after him. He kept using the same way Luis taught, which is passing the ball often.

Luis Aragones was very kind and played for a team called Atletico Madrid. They said he was a great coach but also a good person and friend.

He helped other teams too. One of them was Fenerbahce in Turkey. He stopped coaching there in 2009 and retired from football last year.

Luis got sick and went to the hospital, but he didn't get better. He will be buried on Sunday.

Many people are sad because Luis Aragones is gone. They say he was one of the best football coaches ever.",2.589
12,1,4,"Here is the rewritten text at Flesch-Kincaid Grade scale 4:

Luis Aragones will be remembered as a great coach. He helped Spain become one of the best football teams in the world.

Aragones, who was 75 years old, passed away last week. Before he died, he coached his national team to win the European Championship title in 2008. This was a big achievement because it had been over 40 years since they won a major tournament.

Luis Aragones was a great player too. He played for Atletico Madrid and helped them win many games. The team's president, Enrique Cerezo, said ""He was a great person and a friend.""

Aragones' final job as coach was with Fenerbahce in Turkey. But last year he decided to retire from football.

The teams Aragones worked for are very sad about his death. They want to remember him as a great man who helped make their team successful.

Aragones will be buried on Sunday. The teams that played against his former team, Real Madrid and Barcelona, said nice things about him.

Luis Aragones loved football and he made it better for everyone. He was honest and worked hard all his life.",3.024
12,1,6,"Here is the rewritten passage at the Flesch-Kincaid Grade level 6:

Luis Aragones was known in Madrid as a wise man. He helped Spain win big football titles. Aragones coached his country's team to victory in the European Championship in 2008, which was their first major win in over 40 years.

His successor, Vicente del Bosque, kept going with Aragones' style of playing and won even more titles, including the World Cup in 2010 and the European Championship in 2012. Del Bosque said he really appreciated Aragones for his help.

Atletico Madrid, where Aragones played and coached, paid tribute to him. They remembered him as a great player, coach, and person who was always with them. The team's president, Enrique Cerezo, said Aragones was a true Atletico fan.

Aragones' final job as a coach was in Turkey, but he retired from football last year. He went to the hospital and didn't get better. He will be buried on Sunday. Atletico will remember him by being quiet for a minute during their game.

Barcelona's president said Aragones was one of the greatest managers they knew. He respected Barcelona and its players. Aragones loved football and made it special in Spain.",3.190
12,1,8,"Luis Aragones left behind a legacy of helping Spain become one of the top countries in world soccer. He is known as the wise man of Madrid, where he was born. When he passed away at 75 years old, it made headlines on Saturday.

Aragones had coached his country to win the European Championship title in 2008, which was a big milestone for Spain. It was their first major tournament victory in over 40 years. His successor, Vicente del Bosque, kept using Aragones' famous passing style, known as tiki taka.

This style of play helped La Roja (the Spanish national team) win the World Cup and European Championship titles in 2010 and 2012, respectively. Del Bosque said that he was grateful for what Aragones had done for Spain's soccer success.

Atletico Madrid, where Aragones played and coached, paid tribute to him with a website statement. They remembered his achievements as a player and coach, including leading the team to win the La Liga title in 1977 and the Spanish Cup three times.

Luis Aragones was more than just a great soccer player and coach - he was also a kind person who made many friends, said Atletico's president. When he left his job as a coach at Fenerbahce in Turkey in 2009, he announced that it would be his last one. He retired from soccer the following year.

Sadly, Aragones passed away after being hospitalized for a serious illness. His family will hold a private funeral on Sunday. Atletico Madrid's team will pay their respects by observing a minute of silence before their game against Real Sociedad.

Many people in the soccer world are mourning Aragones' loss, including Barcelona's president. They remember him as one of the most charismatic and likeable coaches they've ever known. 

Aragones had a special respect for Barca's style of play, which he adopted when coaching the Spanish national team. He selected many players from Barca to join his team, and they went on to win several tournaments.

The loss of Luis Aragones is felt by everyone who loves soccer. Real Madrid's president remembered him as an important figure in giving Spain a successful period with their national team.",4.886
12,1,10,"Here is the rewritten passage at the Flesch-Kincaid Grade scale 10:

Luis Aragones, affectionately known as the wise man of Hortaleza in his home city of Madrid, left behind a lasting legacy that contributed significantly to Spain's ascension to the top tier of international football. At 75, he passed away on Saturday.

Aragones led the Spanish national team to victory in the European Championship in 2008, marking their first major tournament success in over four decades. This milestone was built upon by his successor Vicente del Bosque, who continued Aragones' innovative tiki-taka playing style and led Spain to win the World Cup in 2010 and the European crown in 2012.

Del Bosque expressed his deepest respect for Aragones, stating that he had a profound appreciation for the coach's contributions. ""He was an outstanding individual,"" del Bosque said. ""I knew about his health issues, but I never thought it would come to this.""

Atletico Madrid, where Aragones played from 1964-74 and later coached on four occasions, including their La Liga title win in 1977, honored him with a tribute on their official website. The team's president, Enrique Cerezo, praised Aragones as ""a great person and friend,"" emphasizing his dedication to the club.

Aragones' final coaching stint was at Fenerbahce in Turkey, which ended in mid-2009. He announced his retirement from football last year, having started his career at Getafe in 1957. Unfortunately, he passed away due to a serious illness last week.

The team will hold a private ceremony on Sunday to bury Aragones. Atletico Madrid has planned a minute's silence before their match against Real Sociedad, in which they hope to surpass Barcelona, one of his former teams.

Barcelona president Josep Maria Bartomeu expressed his sorrow over the loss of ""one of football's greatest men and managers."" He praised Aragones' respect for Barca's playing style, citing the 2008 European Championship as an example. The team had the privilege of having Aragones on their staff briefly in the 1987-88 season.

Aragones' appreciation for Barcelona's tiki-taka style was evident in his selection of players from the club for the national team. However, his heart belonged to Atletico Madrid, where he spent most of his playing career and later coached successfully.

Real Madrid president Florentino Perez described Aragones as ""a legendary figure"" who had a significant impact on Spanish football. He acknowledged Aragones' honesty and dedication throughout his career, which included an incident in 2004 where he made a racial comment about Thierry Henry during a World Cup qualifying match.",5.900
12,1,12,"Here is the rewritten text at Flesch-Kincaid Grade scale 12:

Luis Aragones, affectionately known in Madrid as the wise man of Hortaleza, left an indelible mark on Spanish football during his illustrious career. His passing, announced last Saturday at the age of 75, marked a significant loss for the global football community.

Aragones' most notable achievement was guiding Spain to their first major tournament victory in over 40 years with their European Championship title in 2008. This breakthrough laid the foundation for his successor, Vicente del Bosque, who built upon Aragones' innovative tactics and led La Roja to consecutive World Cup and European Championship titles in 2010 and 2012.

Del Bosque fondly remembered Aragones as a mentor and expressed his appreciation towards him. ""He was always with us,"" Del Bosque stated on the national team's official website. Although Aragones had been dealing with health issues, no one anticipated it would lead to such an untimely demise.

Aragones' legacy extends far beyond his accomplishments as a player and coach. He was deeply revered by his former club, Atletico Madrid, where he played for over a decade between 1964-1974 and served as head coach on multiple occasions. His tenure at the club yielded several notable achievements, including the La Liga title in 1977 and three Spanish Cup victories.

Team president Enrique Cerezo eloquently summarized Aragones' impact: ""Luis was an incredible person, a great friend, and an extraordinary player and coach."" Cerezo extended his condolences to Aragones' family on behalf of the entire club.

Aragones' professional career spanned several decades, including stints with Turkish side Fenerbahce and Spanish clubs Getafe and Real Madrid. His final coaching job ended in 2009, but he continued to contribute to the sport until his retirement late last year.

As a testament to Aragones' enduring influence, Atletico will observe a minute's silence ahead of their upcoming match against Real Sociedad, while Barcelona president Josep Maria Bartomeu expressed his sorrow and admiration for Aragones. ""He was one of football's greatest men,"" Bartomeu stated, highlighting Aragones' appreciation for the club's tiki-taka style.

Aragones' reputation as a charismatic and likeable manager transcended borders, earning him recognition from the global football community. Despite an incident in 2004 where he made a racial comment towards Thierry Henry, Aragones apologized and reflected on his personal growth throughout his career.

Real Madrid president Florentino Perez commemorated Aragones' contributions: ""Today is a day of mourning for this sport, but also a day to recognize a legendary figure who enriched our national team's legacy.""",5.988
12,2,0,"Here is the rewritten text at a Flesch-Kincaid Grade level of approximately 0:

Bad things happen in Iraq. Some police men were hurt very bad. Nine police men were hurt and seven died. 

This happened in a place called Anbar. It is a big problem there. People are being mean to each other. 

A man in a car with a bomb blew up some police cars. Then some people with guns shot at the police. They killed three more police men.

We do not know who did this yet. But we know that it was very bad. Many people have died in Iraq already this year.",1.718
12,2,2,"Here is the rewritten text at a Flesch-Kincaid Grade scale of 2:

Bad things happen in Iraq. Police officers were hurt very badly. 

Seven police men died. Nine police men got hurt bad.

The bad things happened in a place called Anbar. It's a long way from Baghdad, the big city.

Some people drove cars with bombs inside. They hit police check points. The police men didn't have time to get away.

We don't know who did it. 

There was another bad thing that happened. A car bomb went off in a market in a town called Musayyib. One person died and 11 got hurt.",1.719
12,2,4,"Here is the rewritten text at a Flesch-Kincaid Grade scale 4 level:

Bad things happened in Iraq on Tuesday. Seven police officers were hurt or killed. This happened at places where police check people for safety.

The attacks happened in a town called al-Rutba. Many years ago, this town was very important to a group called al Qaeda. Some people still live there and are mostly Sunni Muslims.

A car bomb went off near a police checkpoint. It killed four police officers and hurt three others. Later that day, some men with guns shot at police checkpoints. They killed three more police officers and hurt six.

We don't know much about the people who did these things. Al-Rutba is far from the big city of Baghdad. It's a long way west.

Something else happened on Tuesday in another town called Musayyib. A car bomb went off near a busy market. One person was killed and 11 were hurt.

People have been fighting in Iraq for a while now. They are arguing about who should be in charge. This started when the police raided a place where Sunni people were protesting against the government.",2.648
12,2,6,"Seven police officers were hurt or killed on Tuesday in a series of attacks at checkpoints in the western part of Iraq called Anbar. 

The attacks happened in a town called al-Rutba, where most people are Sunni Muslims. For a while after 2003, when the US invaded Iraq, al Qaeda controlled this area.

On Tuesday morning, a bomb hidden in a car exploded near police at a checkpoint in northern al-Rutba. Four officers were killed and three others got hurt. 

Later that day, some shooters attacked several checkpoints in al-Rutba, killing three more officers and injuring six people. 

We don't know much about the attackers, except that one of them blew up the car bomb.

In a different part of Iraq, near Baghdad, a bomb went off near a market in Musayyib. This town is mostly Shiite Muslim, which means most people there are from the same group as the government. 

More than 6,000 people have been killed so far this year in Iraq. The country has been very tense since security forces arrested some Sunni protesters in April.",2.559
12,2,8,"Here is the rewritten passage at Flesch-Kincaid Grade scale 8:

On Tuesday, seven police officers were killed and nine others were hurt in a series of attacks on security checkpoints in the western Iraqi province of Anbar. The attacks took place in the town of al-Rutba, where many people follow Sunni Islam. In 2003, after the US invaded Iraq, this area was controlled by al Qaeda for a few years.

In one attack, a bomber drove a car into a police checkpoint and killed four officers and hurt three others. Later that day, armed men attacked several other checkpoints, killing three more police officers and injuring six. Not much is known about the attackers or how many were hurt.

Al-Rutba is 270 miles west of Baghdad, the capital city. There was also an attack in the town of Musayyib on Tuesday. A car bomb exploded near a market there, killing one person and hurting 11 others. This is not far from Baghdad.

Tensions have been rising between Iraq's Sunni and Shiite groups since April. The Shiites are in charge of the government, but many Sunnis feel they don't have much power. Sunnis make up only a small part of Iraq's population. Shiites make up most of it.

So far this year, over 6,000 people have been killed in Iraq. More than 350 were hurt just this month, and almost 1,000 died in September.",3.227
12,2,10,"Seven police officers were fatally shot and nine others were injured on Tuesday in a series of coordinated attacks at security checkpoints in Anbar Province, western Iraq. The assaults occurred in the town of al-Rutba, which has historically been a stronghold for Sunni Muslims. Following the 2003 US-led invasion of Iraq, al Qaeda had maintained control over this area.

The first attack was a car bombing near a police checkpoint in northern al-Rutba that killed four officers and injured three others, according to officials in Ramadi, the provincial capital. Later on Tuesday, armed assailants launched multiple attacks against several security checkpoints in the town, resulting in the deaths of three more officers and injuring six others.

It is currently unclear how many individuals were involved in these attacks, although it's known that a lone suicide bomber was among them. Al-Rutba is situated approximately 435 kilometers west of Baghdad, Iraq's capital city.

Additionally on Tuesday, a car bomb detonated near a market in Musayyib, a predominantly Shia town located in Babil Province, about 70 kilometers south of Baghdad. The blast resulted in one fatality and left 11 people injured, according to reports from police in Baghdad.

The escalating tensions between Iraq's Shia and Sunni populations can be attributed to recent events. In April, security forces stormed a protest site used by Sunnis to express their discontent with the Shia-led government. This incident has further polarized the country, with many Sunnis feeling marginalized since Saddam Hussein's ousting in 2003.

In light of these escalating tensions, Iraq has witnessed an alarming increase in violence over the past year. In fact, more than 6,000 people have lost their lives in this country so far in 2013 alone. Specifically, over 350 individuals have been killed in September and nearly 1,000 fatalities were recorded during that month.",3.950
12,2,12,"Seven law enforcement officers were fatally injured and nine others sustained injuries on Tuesday during a series of coordinated attacks at security checkpoints in the western Iraqi province of Anbar. 

The assaults transpired in al-Rutba, a predominantly Sunni Muslim enclave that served as an al Qaeda stronghold for several years following the 2003 US-led invasion.

In the initial attack, a suicide vehicle bomb detonated at a police checkpoint in northern al-Rutba, resulting in the deaths of four law enforcement officers and injuring three others. According to officials stationed in Ramadi, the provincial capital, this incident occurred on Tuesday morning.

Subsequently, armed assailants launched multiple attacks against several security checkpoints throughout the town, claiming the lives of three more police officers and wounding six others.

Further details regarding the perpetrators' casualties, aside from the suicide bomber, were unavailable at press time. Al-Rutba is situated approximately 435 kilometers west of Baghdad, the capital city.

Furthermore, on Tuesday, a vehicle-borne explosive device detonated near a bustling marketplace in Musayyib, a predominantly Shiite town located within Babil province. This incident resulted in one fatality and injured eleven people, according to authorities based in Baghdad.

Musayyib is situated approximately 70 kilometers south of Baghdad.

The current spike in violence between Iraq's Sunni and Shiite populations began in April following the security forces' raid on a site used by Sunni protesters to express dissent towards the government, which is led by Shiites. 

Historically, the Sunnis have felt politically disenfranchised since Saddam Hussein's ousting in 2003. With Sunnis representing a minority of Iraqis and Shiites comprising a majority, tensions between these two groups remain high.

To date, more than 6,000 people have been killed in Iraq this year alone. Approximately 350 fatalities occurred within the past month, with nearly 1,000 reported in September.",3.986
