0,0,0,"Maria is learning to add numbers. She likes adding numbers. It's easy for her. She can add one and one. She knows that one plus one equals two. She knows that two plus two equals four. She knows that three plus three equals six. But she didn't know what four plus four are. She asked her mom. Her mom told her that four plus four equal eight.

""Oh, now I know,"" said Maria. ""I am four years old. In four more years, I will be eight."" Maria learns quickly. She's not a slow learner.",2.473
0,0,2,"Maria liked adding numbers. It was fun! She knew some sums:  
- One plus one is two.  
- Two plus two is four.  
- Three plus three is six.  

But she didn't know what four and four are. So, she asked her mom. Her mom said, ""Four plus four is eight.""  

""Oh, now I know,"" Maria said. ""I am four years old. In four more years, I will be eight.""  

Maria was quick at learning new things! She wasn’t slow.",2.345
0,0,4,"Maria loved adding numbers. It felt simple to her. She knew how to add one and one; they made two. Adding two and two gave her four. When she added three and three, she got six. But she didn't know what four plus four were. So, she asked her mom for help. Her mom explained that four plus four equal eight. ""Oh, now I get it,"" Maria said with excitement. She thought about being four years old and realized in four more years, she would be eight. Maria was quick at learning new things. She wasn't slow; she was fast!",2.554
0,0,6,"Maria loved adding numbers. It felt easy to her. She could add one and one because she knew that made two. She also knew that two plus two equals four and three added to three is six. But when it came to adding four and four, she wasn’t sure.

So, Maria asked her mom for help. Her mom explained that four plus four equals eight.

""Oh, now I know!"" said Maria happily. ""I'm four years old today. In four more years, I’ll be eight.""

Maria learned quickly. She was a fast learner, not a slow one at all.",2.550
0,0,8,"Maria loved learning to add numbers because it seemed easy to her. She could do simple additions like one plus one, which she knew made two. She also knew that two plus two equals four and three plus three is six. But when it came to adding four plus four, Maria wasn't sure what the answer was.

So, she asked her mom for help. Her mom explained that four plus four equals eight. ""Oh, now I know,"" said Maria with excitement. ""I am four years old now, and in four more years, I will be eight.""

Maria was a quick learner who understood things fast. She wasn't someone who took extra time to learn new concepts.

---",2.874
0,0,10,"Maria loved learning how to add numbers; it was something she found easy and enjoyable. She knew that adding 1 plus 1 equals 2, that 2 plus 2 makes 4, and that combining 3 and 3 results in 6. However, the addition of four plus four puzzled her. So, Maria asked her mom for help.

Her mom explained to her that when you add four and four together, the result is eight. ""Oh, now I know,"" exclaimed Maria with excitement. She realized she was four years old at the moment. ""In four more years, I'll be eight!"" This revelation thrilled her because it linked her understanding of numbers to her own age.

Maria had a knack for grasping concepts quickly; she wasn't one who took her time figuring things out. Her quick learning ability made everything about math exciting and approachable for her.",3.601
0,0,12,"Maria delved into the exploration of numerical addition with enthusiasm and curiosity. Her fascination lay in understanding how individual numbers could combine to form new values through arithmetic operations. Addition appeared straightforward to her; she could effortlessly merge two single units, recognizing that one plus one equated to two. This foundational knowledge extended further as she comprehended that summing two twos resulted in four, and similarly, the amalgamation of three threes yielded six.

However, Maria encountered a gap in her arithmetic understanding when confronted with adding fours—a challenge she hadn't yet mastered. In pursuit of enlightenment on this particular equation, she sought guidance from her mother. Her mother provided clarity by explaining that four plus four equals eight.

With newfound knowledge, Maria articulated an insightful observation: ""Oh, now I know,"" she remarked. ""I am four years old now. In four more years, I will be eight."" This reflection showcased her ability to connect arithmetic principles with real-life concepts of time and aging.

Maria's rapid acquisition of this knowledge underscored her aptitude for learning mathematics. Unlike some who might struggle with grasping such basic numerical relationships, Maria demonstrated that she was not predisposed to academic challenges in this area; instead, she thrived as a quick learner, eager to expand her understanding of numbers and their interactions.",5.067
0,1,0,"It was New Year's Day. He lived in Las Vegas. He drove to a casino. There, he found a roulette table. He bought one chip for $100. Then he flipped a coin and caught it. The coin showed heads. So, he put the $100 chip on red.

The dealer spun the wheel. It went round and round. The silver ball was also pushed around. Slowly, both stopped. The ball fell into a red slot! He won!

The dealer gave him another $100 chip. He tipped the dealer $10. He changed his chips for cash. Then he drove home.

He felt happy. He thought it would be a good year.",2.882
0,1,2,"It was New Year's Day. He lived in Las Vegas. He drove to a casino. He walked to a roulette table. He bought one chip for $100. He flipped a coin. He caught the coin. It was heads! He put the $100 chip on red.

The dealer spun the wheel. The wheel went round and round. The dealer pushed the silver ball. The ball went round too. The wheel slowed down. The ball slowed too. The ball landed in a red slot. He won!

The dealer gave him another $100 chip. He gave the dealer a $10 tip. He cashed in both his chips. He went home. He felt happy. It was going to be a good year!",3.029
0,1,4,"On New Year's Day, he lived in Las Vegas and drove to a casino. At a roulette table, he bought a chip for $100. Tossing a coin, it landed on heads. Excitedly, he placed his $100 chip on red.

The dealer spun the wheel, sending the silver ball bouncing around. As both slowed down, the ball dropped into a red slot! He had won!

A delighted dealer handed him another $100 chip. Thankful, he tipped the dealer with $10. After cashing in both chips, he drove home feeling happy and optimistic about what lay ahead in his new year.",2.662
0,1,6,"It was New Year's Day, and he lived in Las Vegas. He drove over to a casino and walked up to a roulette table. He bought one chip for $100 and flipped a coin. He caught the coin when it landed on heads. So, he placed his $100 chip on red. The dealer spun the wheel, which went round and round with the silver ball bouncing inside.

As the wheel slowed down, so did the ball until it finally dropped into a red slot. He won! The dealer gave him another $100 chip as his prize. Grateful, he handed the dealer a $10 tip. With both chips in hand, he cashed them and went home. Feeling good about his win, he thought to himself, ""It's going to be a great year!""",3.272
0,1,8,"It was New Year's Day, and he decided to visit a casino in Las Vegas. After driving over, he headed straight for a roulette table. With $100, he bought one chip and flipped a coin to decide his bet. The coin landed on heads, so he placed the chip on red. The dealer spun the wheel and pushed the silver ball into motion. It circled the colorful wheel before gradually slowing down. As it finally dropped, it landed in a red slot! He won! The dealer handed him another $100 chip as his prize. Grateful, he tipped the dealer with an extra $10. After cashing in both chips, he headed home, feeling optimistic and happy about the year ahead.",2.986
0,1,10,"On New Year's Day, he found himself in Las Vegas and decided to visit a nearby casino. Entering with excitement, he headed straight for the roulette table. With $100 in hand, he purchased a chip. To determine his bet, he flipped a coin into the air, catching it as heads landed face-up. Confidently placing his $100 chip on red, he watched intently as the dealer set the wheel spinning.

The vibrant colors blurred together as the roulette ball danced and weaved around the spinning wheel. Gradually, both the wheel and the ball slowed to a halt. With anticipation building, the ball finally dropped into one of the red slots.

He cheered in triumph! The dealer handed him another $100 chip for his winnings. Grateful, he tipped the dealer $10 before cashing out both chips. As he left the casino feeling upbeat, he knew it was the perfect start to what promised to be an excellent year.",3.844
0,1,12,"On New Year's Day, he resided in Las Vegas and decided to visit a nearby casino. Upon arrival, he proceeded directly to a roulette table, where he invested $100 by purchasing a single chip. To determine his betting strategy, he engaged in an impromptu coin toss, skillfully catching the coin as it landed on heads. With confidence, he wagered his $100 chip on red. 

As the dealer initiated the game, the roulette wheel began its mesmerizing spin, accompanied by the graceful orbiting of a silver ball along its circumference. Both the wheel and the ball gradually decelerated until the decisive moment arrived—the ball settled into one of the red slots. Victory was his!

The dealer promptly awarded him an additional $100 chip in recognition of his win. Demonstrating graciousness, he tipped the dealer $10 for their service. Subsequently, he exchanged both chips for cash and departed for home, buoyed by a sense of accomplishment and optimism for the year ahead.",4.028
0,2,0,"Soccer is a fun game. Lots of people like it all over the world. It's nice to watch and play. The game is simple. There are two teams. They play on a big field with grass. One ball is used for the game. There are two goals, each with nets. Each team tries to kick the ball into the other team's net. Players can't use their hands. They move the ball with their feet, chests, and heads. The players run fast, slide on the grass, and sometimes bump into each other. They play because they want to win.",2.546
0,2,2,"Soccer is a fun game. Many people love it all over the world. It's fun to watch and play. Soccer is simple. There are two teams playing on a big green field. There is one ball, and each team has a goal with nets.

Each team tries to kick the ball into the other team’s net. The players cannot use their hands. They must not touch the ball with their hands. They use their feet to move it around. Sometimes they also use their chests or heads.

The players run back and forth on the field. They slide on the grassy ground. Sometimes, they bump into each other. But they all play to win!",2.822
0,2,4,"Soccer is a fun game loved by people everywhere. It's exciting both to watch and to play because it has simple rules. Two teams play on a big, green field with a single ball. Each team tries to kick the ball into the other team's goal. The goals have nets at the ends of the field.

In soccer, players can't use their hands to touch or move the ball; only their feet, chests, and heads are allowed for that. They run quickly across the field, sometimes sliding on the grass and bumping into each other as they chase the ball. Everyone is playing hard because they all want to win the game.",2.753
0,2,6,"Soccer is a fun sport loved by many around the world. People enjoy watching it and playing it because it's straightforward. Two teams compete on a large field covered in grass, using a single ball and aiming for two goals with nets. Each team tries to kick the ball into the other team's net without using their hands. Players move the ball using their feet, chests, or heads. They run quickly across the field, slide on the ground, and sometimes bump into each other as they play to win.",2.252
0,2,8,"Soccer is a thrilling sport enjoyed by millions worldwide. It's exciting both as a spectator and as a participant, thanks to its straightforward rules. Two teams compete against each other on a spacious field covered in lush grass. Each team strives to score goals using one ball, aiming it into the opponent's net. Players are prohibited from using their hands; instead, they skillfully maneuver the ball using their feet, chests, and heads.

The game is fast-paced, with players constantly running across the field, sliding on the grass, and sometimes even colliding as part of strategic play. The objective is clear: outmaneuver the opposing team to win by scoring more goals. Soccer's global popularity stems from its simplicity, excitement, and the skillful teamwork it requires.",3.196
0,2,10,"Soccer, a globally beloved sport, offers both entertainment as a spectator activity and enjoyment when playing. This straightforward game involves two teams competing on an expansive grass field with just one ball and two nets serving as goals. Each team's objective is to skillfully maneuver the ball into the opposing team's net using only their feet, chests, or heads—hands are strictly off-limits for controlling the ball.

The players dynamically run across the field, engaging in slides on the turf and occasionally colliding with one another as they vie for victory. Through these physical exchanges and strategic play, soccer captivates audiences worldwide, making it both thrilling to watch and exhilarating to participate in.",2.839
0,2,12,"Soccer, also known as football in many parts of the world, is an exhilarating sport that enjoys immense popularity globally. Its universal appeal stems from both its spectator-friendly nature and engaging gameplay. The game involves two teams competing on a substantial grassy pitch. A single spherical ball serves as the focal point of play, with each team striving to maneuver it into their opponent's net via strategic kicks.

The rules prohibit players from using their hands or arms to interact with the ball, necessitating skillful use of other body parts such as feet, chests, and heads for control and advancement. The dynamic nature of soccer involves rapid movement across the field, agile footwork, and frequent player collisions, all in pursuit of victory.

Through these elements, soccer offers a blend of simplicity and complexity that captivates both participants and audiences alike, underscoring its status as a beloved global sport.",3.614
2,0,0,"Dad and Chris went to a baseball game. The Dodgers played against the Giants. Dodgers were at home, Giants were visitors. Dad and Chris got into Dodger Stadium. Many people wanted Dodgers to win and Giants to lose. 

They found their seats and sat down. The game was already playing. Chris said he was hungry. His dad bought two bags of peanuts for him. He also bought two hot dogs. Then a big soda came for Chris. A ball went into the crowd. People tried to catch it, but they spilled Chris' soda. His dad got him another big soda.",2.521
2,0,2,"Dad took his son, Chris, to see a baseball game. The Los Angeles Dodgers played against the San Francisco Giants. The Dodgers were the home team, and the Giants came from far away.

When Dad and Chris got into Dodger Stadium, lots of people were there. Most wanted the Dodgers to win and the Giants to lose. 

Dad and Chris found their seats and sat down. The game had already started when Chris said he was hungry. His dad bought two bags of peanuts for him and two hot dogs too. He also got a big soda.

Then, a foul ball flew near them. People jumped to catch it but knocked over Chris's soda instead. His dad bought him another soda right away.",2.981
2,0,4,"Dad took his son, Chris, to see a baseball game where the Los Angeles Dodgers played against the San Francisco Giants. The Dodgers were playing at home while the Giants came from far away. When they got into Dodger Stadium, lots of people cheered for the Dodgers and hoped the Giants would lose.

Chris and Dad found their seats just in time. Chris said he was hungry. His dad bought two bags of peanuts and two hot dogs for him. He also got a big soda. Suddenly, a ball hit the stands. People rushed to catch it but bumped into Chris's soda instead, spilling it everywhere. Dad quickly got him another soda.",2.748
2,0,6,"Dad took his son, Chris, to a baseball game where the Los Angeles Dodgers played against the San Francisco Giants. The Dodgers were playing at home, and the Giants came from far away. As Dad and Chris entered Dodger Stadium, they saw lots of people cheering for the Dodgers to win and hoping the Giants would lose.

Dad and Chris found their seats and sat down just as the game began. Soon, Chris told his dad he was hungry. His dad bought two bags of peanuts and two hot dogs for him, along with a big soda. Then, a foul ball flew toward them, causing people to dive for it. In the chaos, the ball knocked over Chris's soda.

Dad quickly bought another big soda for Chris so they could enjoy the rest of the game without any more spills.",3.340
2,0,8,"Dad took his son, Chris, to see a baseball game between the Los Angeles Dodgers and the San Francisco Giants at Dodger Stadium. The Dodgers were playing at home while the Giants visited. As they walked in, many fans filled the stands, cheering for the Dodgers to win and hoping the Giants would lose.

Once Dad and Chris found their seats, they noticed the game had already started. Feeling hungry, Chris told his dad. So, Dad bought them two bags of peanuts and hot dogs, along with a big soda for Chris. Suddenly, a foul ball flew towards them. People scrambled to catch it, but someone accidentally knocked over Chris's soda.

Dad quickly got him another one so they could continue enjoying the game.",3.042
2,0,10,"Dad took his son, Chris, to watch a baseball game at Dodger Stadium where the Los Angeles Dodgers were hosting the San Francisco Giants. As they entered, many fans cheered for the home team and hoped for their victory against the visiting Giants. Finding their seats, Dad and Chris noticed the game was already underway.

Chris mentioned feeling hungry, so his dad purchased two bags of peanuts and two hot dogs to satisfy him. He also bought a large soda for Chris to enjoy during the game. Suddenly, a foul ball flew toward them; people rushed to catch it but accidentally knocked over Chris's soda in the process. Without hesitation, Dad quickly bought another soda, ensuring Chris had refreshments throughout the exciting match.",2.951
2,0,12,"Dad escorted his son, Chris, to the baseball game where the Los Angeles Dodgers were facing off against the San Francisco Giants. The Dodgers served as the home team, while the Giants were the visiting opponents. As they entered Dodger Stadium, a crowd gathered in anticipation, most rooting fervently for a Dodgers victory and a defeat of the Giants. Once seated, Dad and Chris discovered that the game had already commenced.

Chris expressed his hunger to his father, prompting him to purchase two bags of peanuts and hot dogs specifically for Chris, along with a large soda. However, as an errant foul ball soared toward their section, several spectators leaped to catch it, inadvertently spilling Chris's soda in the process. Recognizing the mishap, Dad promptly bought another soda for Chris.",3.235
2,1,0,"Hi! I want to know how much money is left on my credit card.

Okay. Can I get your credit card number?

Yes, it's 512879346. My name is John.

Got it, John. You don't owe anything on your card now.

Really? I paid all of it off!

That’s right! Your balance is zero.

I'm happy with myself!

Do you need me to check something else for you?

Can you make my account normal instead of college?

Sure, but you'll need to go to the bank to do that.

Okay, I’ll go first thing tomorrow.

Great! Have a nice day.",2.748
2,1,2,"Hi! Do you know how much money you still owe on your credit card?

Sure! Can I have your credit card number?

Yes, it's 512879346. My name is John.

Hello, John. You don't owe anything on your credit card anymore.

Wow! Did I finally pay everything off?

Yes, sir. Your balance is zero!

I'm really proud of myself for doing that!

Is there something else you want to ask about or change?

Yes, can you make my card a regular account instead of a college one?

Sure thing, but you need to visit the bank for that.

Okay, I'll go tomorrow morning.

Great! Have a good day, sir.",2.938
2,1,4,"Hi! Can you tell me how much credit I have left?

Sure! Could you give me your credit card number?

Yes, it's 512879346. My name is John.

Okay, John. You don't owe any money on your credit card right now.

Wow! Did I really pay it all off?

Yes, sir! Your balance is zero.

I'm proud of myself!

Is there anything else you want me to check for you, sir?

Can you change my card from a college account to a regular one?

You can do that, but you need to visit the bank in person.

Okay, I'll go tomorrow morning.

Great! Have a nice day, sir.",2.926
2,1,6,"Hello! Can I help you find out how much money is left on your credit card?

Sure! Could you tell me your credit card number?

Yes, it's 512879346. My name is John.

Great, John. Good news—your credit card balance is at zero!

No dues? Did I finally pay off everything?

That’s right! Your balance is officially zero now.

Wow, I'm proud of myself for that!

Is there anything else you need help with today?

Yes, can you switch my card from a college account to a regular one?

Sure, but you’ll need to visit the bank in person to do that.

Okay, I'll come by first thing tomorrow morning.

Sounds good! Have a wonderful day.",3.076
2,1,8,"Hello! Could you please tell me what's left in my credit balance?

Sure! Can I have your credit card number?

Yes, it's 512879346. My name is John.

Great, John. It looks like you don't owe anything on your credit card right now.

Really? Did I finally pay off the entire amount?

Yes, sir! Your balance is officially zero.

I must admit I'm really proud of myself!

Is there anything else you need me to check for you, sir?

Yes, can you change my account from a college to a regular one?

Certainly! However, you'll need to visit the bank in person to make that change.

Alright, I'll stop by first thing tomorrow morning.

Perfect, sir. Have a wonderful day!",3.197
2,1,10,"Hello! I’d like to check my current credit balance.

Certainly! Could I please have your credit card number?

Sure, it’s 512879346. My name is John.

Got it, John. You currently have no outstanding charges on your credit card.

No way? Have I finally paid it off?

Yes, indeed. Your balance is officially zero.

I must say, I’m quite proud of myself!

Is there anything else you'd like me to verify for you today?

Actually, could you change my account status from a college to a standard account?

Absolutely, but you'll need to visit the bank in person to make that adjustment.

Alright, I’ll come by first thing tomorrow morning.

Great! Have a wonderful day.",3.085
2,1,12,"Greetings, I am interested in verifying my current credit balance.

Certainly. Could you provide your credit card number for verification?

Indeed, it is 512879346. My name is John.

Understood, Mr. John. As of now, there are no outstanding dues on your credit account.

Is that correct? Have I finally cleared all my balances?

Affirmative, sir. Your balance stands officially at zero.

I must say, I am quite proud of this accomplishment!

Would you like me to assist with any additional inquiries or checks today, Mr. John?

Yes, could you transition my card status from a collegiate account to a standard one, if possible?

That can certainly be arranged; however, it requires your physical presence at the bank for processing.

Understood. I will make an appointment to visit first thing tomorrow morning.

Very well, sir. Have a splendid day.",3.603
2,2,0,"I am very mad. There are no books in my library about what I want to read.

Could we go to another library?

No! Driving too far uses up gas money.

But maybe they have your book there!

Which one do you think is best?

The one close to my home.

That place is too far from here for me.

They always have lots of books. That's a good library.

I got an idea! Can you get the books and bring them to me?

Hmm, I don't know. What if they get lost?

No way! I promise.

Wow, you mean that really, right?",2.628
2,2,2,"I'm very upset. My library doesn’t have any books on what I need to find out.

Why don't we try another library?

But I don’t want to use too much gas money.

Maybe they will have the book there!

Which one should we go to?

How about the one near my home?

That’s too far for me to walk.

They always have lots of books, and that library is great.

Hey! What if you get the books for me?

I'm not sure. What if you can't give them back?

Don’t worry. I promise I won’t lose them.

Wow, you’re really serious!",2.711
2,2,4,"I'm really frustrated because I can't find any books at our library about what I want to research.

Have you thought about trying a different library?

I don’t like wasting gas money.

But maybe they have the book you need there!

Do you know which library that would be?

The one close to my house is a good choice.

That place is too far for me, though.

They usually have lots of books. I’ve never been let down by them before.

Hey, I have an idea! How about borrowing them and giving them to me instead?

I'm not sure about that. What if you lose the books?

No way, I promise on my life that won't happen!

Wow, you mean it? That's really serious of you.",3.087
2,2,6,"I'm really frustrated because I can't find any books on my research topic at our library.

Why not try a different one?

I'd rather not spend money on gas.

But maybe they have the book you need.

Which library do you think is best?

Try the one near my house.

That's too far for me to go.

They always have lots of books, and that library never lets me down.

Hey, I've got an idea! Why don't you borrow them for me?

I'm not sure about that. What if they get lost?

Don't worry; I promise I won't lose them.

Wow, you're really serious about this.",2.806
2,2,8,"I'm really frustrated because I can’t find any books on my research topic at our library.

Have you thought about checking out a different library?

I’m not sure. Wouldn’t that use up too much gas money?

You might actually find the book there.

Which library do you think I should try?

How about the one near your house?

That's way too far for me to go.

Oh, they have lots of books! That library has always been great for finding what I need.

I’ve got an idea! Why don’t you borrow them and bring them over here for me?

But what if you lose the books?

Don’t worry, I promise not to lose them. I swear on my life.

Wow, that's really serious of you!",3.124
2,2,10,"I'm really frustrated because I can't find any books on my research topic at our library.

Have you considered checking a different library?

I'm hesitant to waste gas money going that far.

But there's a chance you might find the book you need there.

Which library would you recommend?

The one near my house seems like a good option.

That location is too far for me to travel, though.

They usually have an extensive collection. I've never been disappointed by their resources.

I have a suggestion! How about borrowing them on my behalf?

I'm not sure that's wise. What if you misplace the books?

Don't worry—I promise I won't lose them. I swear!

Wow, you really mean it.",3.036
2,2,12,"I find myself exasperated by the apparent absence of literature pertinent to my research topic within our local library's collection. Have you considered exploring alternative libraries?

The prospect of expending additional fuel resources is unappealing to me.

However, it remains plausible that your target publication may be available at a different institution.

Could you recommend a specific library for consideration?

I would direct your attention to the one in proximity to my residence.

Regrettably, its location is considerably inconvenient for me.

Nevertheless, their repository boasts an extensive array of volumes and has consistently met my scholarly needs without fail.

An innovative solution strikes me—might I be permitted to borrow those materials on your behalf?

That proposal raises concerns regarding potential misplacement or damage to the books.

Rest assured, such risks will not materialize; consider it a solemn vow on my part.

Your commitment is indeed profound and commendable.",3.543
4,0,0,"Hi Samia,

I hope this message finds you well! It’s great that we’re planning something fun for Saturday. I’m busy on Sunday, so Saturday works better for me.

How about coming over to my place? You can see our new flat and the kitchen where we’ve done lots of work. We’ll eat at home and then take a walk in the afternoon. I’m excited to catch up with you and hear all about your new job!

You can find us at 52 Charles Road, but it might be tricky because house numbers are strange here. If you turn left at the post office and go past the big white house on Charles Road, there’s a small side street behind it with houses numbered 50–56. Don’t worry if you get lost—just call me and I’ll come to help.

Please tell me what foods you like or don't like. Can’t wait to see you!

See you soon!  
Gregor",3.890
4,0,2,"Hi Samia,

I hope this email finds you well. I'm glad you want to meet up! Saturday works better for me since my parents are visiting on Sunday. Is it still good for you? Why don't you come over to see the new flat and check out our kitchen changes?

We can have a meal at home, then take a walk in the afternoon. It will be great to catch up after so long! Tell me all about your new job!

Our address is 52 Charles Road. To find us: turn left at the post office, go past the big white house on Charles Road, and look for a small street behind it with houses numbered from 50 to 56.

If you get lost, call me, and I'll help you out!

Let me know if there's something you do or don't like to eat. I'm really looking forward to seeing you soon! 

See you soon,

Gregor",3.831
4,0,4,"Hi Samia,

I'm glad you suggested meeting up. Saturday works better for me because I have plans with my parents on Sunday. If that suits you, let’s meet at my place! You can see our new flat and the kitchen we've been working on since moving in. We'll have lunch at home and then take a walk later.

I’m excited to catch up and hear all about your new job!

Our address is 52 Charles Road. It's tricky to find because of odd house numbers here. If you turn left at the post office, go past the big white house on Charles Road, and look for a small street with houses numbered 50–56 behind it. Don’t worry if you get lost; just call me and I'll come help.

Let me know about any foods you like or don't like so we can plan lunch!

Looking forward to seeing you soon!

See you,

Gregor",3.775
4,0,6,"Hi Samia,

I hope this email finds you well! It sounds like a great idea to meet up. Saturday works best for me because I'm meeting my parents on Sunday. If that day is still good for you, why don't you come over? You can see our new flat and all the changes we've made in the kitchen since moving in. We can have lunch at home and then go for a walk in the afternoon. It'll be wonderful to catch up! I'm eager to hear about your new job.

Our address is 52 Charles Road, but it's a bit tricky to find because the house numbers here are unusual. After you turn left at the post office, keep going past the big white house on Charles Road. You'll see a small side street behind it with houses numbered from 50 to 56. The side street doesn't have a different name, which is odd! If you get lost, just give me a call and I’ll come pick you up.

Please let me know if there's anything specific you do or don’t like to eat. I’m really looking forward to seeing you!

See you soon!

Gregor",4.648
4,0,8,"Hi Samia,

I hope this email finds you well. It sounds like a great idea! Saturday works better for me because I have plans with my parents on Sunday. If that day is still good for you, how about coming over? You can check out the new flat and see all the improvements we've made in the kitchen since moving in. We'll have dinner at home and then take a walk in the afternoon. It's going to be great to catch up! I'm eager to hear all about your new job!

Our address is 52 Charles Road, but it can be tricky to find because the house numbers here are unusual. If you turn left at the post office and go past the big white house on Charles Road, there’s a small side street behind it with houses numbered 50–56. It's odd that this side street doesn't have its own name! Feel free to call me if you get lost; I can come pick you up.

Let me know if there are any foods you do or don’t like. I’m really looking forward to seeing you!

See you soon!  
Gregor",4.432
4,0,10,"Hi Samia,

I hope this email finds you well. It sounds like a fantastic plan! Saturday works best for me since I'll be meeting my parents on Sunday. If that suits your schedule, why not visit? You can see the new flat and all the updates we've made to the kitchen since moving in. We could have dinner at home and take an afternoon stroll. I'm excited to catch up and hear about your new job!

Our address is 52 Charles Road. It's a bit tricky to find because the house numbers here are unusual. After you turn left at the post office, continue past the big white house on Charles Road. Look for a small side street behind it with houses numbered from 50 to 56. Oddly enough, this side street doesn't have its own name! If you get lost, just give me a call, and I'll come pick you up.

Please let me know if there's anything specific you prefer or don't like when it comes to food. I'm really looking forward to seeing you!

See you soon!

Gregor",4.359
4,0,12,"Hello Samia,

I am writing to express my enthusiasm regarding your suggestion. Saturday appears more suitable for me, as I have plans with my parents on Sunday. Should this still align with your schedule, I invite you to visit my place. This will provide an opportunity for you to view the newly decorated flat and the recent renovations we've completed in the kitchen since our relocation. We can dine at home followed by a leisurely stroll later that afternoon—a perfect occasion to reconnect after such an extended interval. I am eager to learn about your new employment experience.

Our residence is located at 52 Charles Road, although it presents some navigational challenges due to unconventional numbering in this area. After making a left turn at the post office and proceeding past the large white house on Charles Road, you will find a small side street situated behind it, encompassing houses numbered from 50 to 56. The peculiar absence of an alternative name for this alleyway is indeed baffling! Should you encounter any difficulties in locating us, please contact me, and I will promptly assist you.

Kindly inform me of your culinary preferences or restrictions—I am eager to accommodate them during our gathering. Anticipating our meeting with great excitement!

Warm regards,

Gregor",4.906
4,1,0,"I had fun when I was little. I lived in San Diego where it is sunny almost all the time. I could ride my bike every day and play with friends. My best friend was George Kenny. George lived near me, and he was a bit younger than me by 28 days. Sometimes I reminded him to respect his elders.

One day, George said, ""Hey Richard, let's start a bicycle club!"" I liked the idea right away. ""Yes! Let’s do it!"" I called him Georgie Porgy even though he didn't like it. 

Soon, we got two more friends and chose the name ""White Skulls"" for our club. We don’t know why we picked that name, but everyone liked it. 

We went to a bike shop and got skull stickers in different colors. I picked green and George picked red. He said, ""I am the red skull! Don't try to take my place!"" George was big so no one tried.

We rode our bikes everywhere and had lots of fun that summer. That's how we made the best bike club ever!",4.594
4,1,2,"I had a wonderful time when I was young. I grew up in San Diego where it rains only two days a year. It’s sunny almost all the time. I could ride my bike every day, and I had lots of friends. My best friend was George Kenny. George lived just down the street from me. We were both about 10 years old. Actually, I am 28 days older than he is – something I often said to him. ""You must respect your elders,"" I would tell him. That usually made him mad.

One day, George came up to me and asked, ""Hey Richard, why don't we start a bike club?"" 

I liked the idea right away. ""You bet, Georgie Porgy!"" I said. Even though he didn’t like that nickname, I used it often. Soon, we found two more friends and came up with a cool name for our club: the ""White Skulls."" We weren’t sure why we chose that name, but everyone liked it.

We all went to the bike shop and picked out skull stickers for our bikes. I chose green, and George Porgy chose red. He said proudly, “I am the red skull! I am the king of the club! If you don't like it, try to take it from me!” Since George was quite big, no one argued with him.

We rode our bikes all over town and had a lot of fun that summer. That's how we started the best bike club ever!",6.059
4,1,4,"I had an amazing childhood growing up in San Diego. It only rained about twice a year, and it was always sunny there. I could ride my bike almost every day, and I had lots of friends. My best friend was George Kenny. He lived just a few houses away from me, and we were the same age—except I was 28 days older! I liked to remind him about that. ""You must respect your elders,"" I would tell him, which usually made him grumpy.

One day, George came up with an idea. ""Hey Richard, why don't we start a bicycle club?"" I thought about it and then he added, ""We could have a cool name, get hats and stickers, and have lots of fun. What do you say?""

I loved the idea right away! ""You bet, Georgie Porgy!"" I'd call him that even though he didn't like it.

Soon, we got two more friends to join us, and we came up with a great club name: The White Skulls. We're not sure why we chose that name, but everyone liked it.

We went to the local bike shop and picked out skull decals for our bikes. I picked green, while Georgie Porgy picked red. He said, ""I am the red skull! I am the king of the club! If you don't like it, try to take it from me!"" George was pretty big, so no one argued with him.

We rode our bikes everywhere and had a fantastic summer. That's how we started what we thought was the best bike club ever!",6.386
4,1,6,"I had an amazing childhood in San Diego, where rain is rare and the sun shines almost every day. I could ride my bike most days of the year and made lots of friends. My best friend was George Kenny. He lived just a few houses down from me, and we were the same age—though I was 28 days older, which I liked to remind him about.

One day, George came up with an idea: ""Hey Richard, why don't we start a bicycle club?"" After thinking it over, he added, ""We could pick a cool name and get hats and stickers. It would be fun!"" I loved the idea right away. ""You bet, Georgie Porgy!"" Even though George didn’t like that nickname, I used it all the time.

Soon enough, we gathered a couple more friends to join us. We named our club the ""White Skulls."" I don't know why we chose that name, but everyone seemed to enjoy it, so I was happy with it too.

We went to a local bike shop and picked out skull decals for our bikes. I got a green one while Georgie Porgy chose red. He announced: ""I am the red skull! I am the king of the club! If you don't like it, try to take it from me!"" George was pretty big, so no one argued with him.

We rode our bikes everywhere and had a fantastic summer. That's how we started what we thought was the best bike club ever!",6.005
4,1,8,"I had an amazing childhood growing up in sunny San Diego, where rain is rare, making it perfect for riding my bike almost every day of the year. I had lots of friends too. My best friend was George Kenny, who lived just a few houses away from me and was about the same age—only 28 days younger than me! I always reminded him he should respect his elders.

One day, George came to me with an exciting idea: ""Hey Richard, why don't we start a bicycle club?"" After thinking it over, he added, ""We could pick a cool name and get hats and stickers. It would be so much fun!"" I loved the plan right away and said, ""You bet, Georgie Porgy!"" Even though George didn’t like that nickname, we went with it.

Soon, we got two more friends to join us. Together, we came up with a memorable name for our club: the ""White Skulls."" We're not sure why we chose that name, but everyone seemed to enjoy it, and so did I.

We visited the local bike shop where each of us picked out a skull decal for our bikes. My choice was green; George went with red. He boasted, ""I am the red skull! I'm the king of the club! If you don't like it, try taking it from me!"" Being quite big, George’s words were rarely challenged.

We rode around everywhere and had a fantastic summer as part of what we believed was the greatest bike club ever!

--- 

This rewritten passage aims to match an Flesch-Kincaid Grade level 8 by simplifying vocabulary while retaining the story's fun and engaging elements.",6.742
4,1,10,"I grew up in San Diego, where it rains only two days each year, making it perpetually sunny and bright. I could ride my bike nearly every day of the year with many friends around. My best friend was George Kenny, who lived just a few houses down from me; we were close in age—I was about four weeks older. ""You must respect your elders,"" I'd tease him, often provoking his irritation.

One day, George approached me with an idea: ""Hey Richard, why don't we start a bicycle club?"" After considering it briefly, he added enthusiastically, ""We could come up with a cool name and get hats and stickers to enjoy together. What do you think?""

I was instantly captivated by the concept. ""You bet, Georgie Porgy!"" I replied, using his pet name despite knowing he disliked it.

Before long, we recruited two more friends and brainstormed names until settling on ""The White Skulls."" The origin of this peculiar choice is lost to me now, but since everyone seemed to appreciate it, I embraced it too. 

Together, the four of us visited a local bike shop where each chose a skull decal for our bicycles. I picked green, while Georgie went for red. He declared with bravado, ""I am the red skull! I am the king of this club! If you don't like it, try to take it from me!"" His imposing stature made everyone agree without hesitation.

We rode our bikes throughout the neighborhood and had an exhilarating summer. That's how we formed what would become the greatest bike club ever!",6.352
4,1,12,"My childhood in San Diego was an extraordinary period filled with joy and adventure. Growing up in this sun-drenched city where precipitation is as rare as two days a year, I spent countless hours riding my bicycle under azure skies. The camaraderie among friends was abundant during those formative years, and none were more significant than George Kenny, my closest confidant.

George resided merely a few houses away from me on the same block, and we shared an age bracket that differed by a mere 28 days—a detail I often reminded him of to emphasize my seniority. ""You must respect your elders,"" was my frequent admonition, which invariably provoked his irritation.

One day, George approached with a proposition: “Hey Richard, why don’t we start a bicycle club?” After some deliberation, he elaborated on the concept, suggesting, ""We could create an intriguing name and adorn ourselves with hats and stickers for added fun. What are your thoughts?"" The idea instantly captivated me. ""You bet, Georgie Porgy!"" I responded enthusiastically—a nickname I often used despite his disapproval.

In no time at all, we had recruited a couple more enthusiasts to join our endeavor, culminating in the christening of our group as the “White Skulls.” Although the reasoning behind this peculiar name eludes me even now, it resonated well with other children, earning my approval. 

We ventured into a local bicycle shop where each of us selected a skull decal for our bicycles; I opted for a green one while George chose red. In his typical assertive manner, he declared, ""I am the red skull! I am the king of the club! If you don’t like it, try to take it from me!"" Given George’s imposing stature, his peers readily acquiesced.

With our bikes emblazoned with our new symbols, we roamed far and wide, basking in an idyllic summer. This marked the genesis of what was, undoubtedly, the most illustrious bicycle club ever formed.",7.931
4,2,0,"Brian got a skateboard when he was 9. His friends at school skated too, so they would skate after school together. Over time, Brian became really good at skating tricks. But what he loved most was jumping over stairs on his skateboard. He jumped over 15 stairs before, and now he wanted to jump more.

One day, Brian and his friends went to a place called the Hollywood 18 where many skaters like to make videos. Brian thought if he could jump over those big stairs, everyone would see him as a hero among his friends.

He stood at the bottom of the stairs and counted each one carefully, making sure there were more than 15. On his first try, he jumped but landed next to the stairs because he was nervous. He wanted to try again, even though it scared him.

This time, Brian jumped over some of the stairs but didn't make it past step 16. He fell off his skateboard but wasn’t hurt badly. Some girls saw this and asked if he could try once more. Brian knew he had to do better now.

As he got ready for another jump, Brian looked at the girls watching him. He was breathing fast but felt like he could make it. When it was time, Brian pushed hard on his skateboard, speeding up until he reached the top of the stairs. Then he jumped!

Brian stayed in the air for a few seconds and landed on the other side. The girls clapped their hands and cheered. After stopping his skateboard, Brian realized he had done it! He beat his record by jumping over more than 15 steps.

The girls wanted to give him hugs, but they stopped because Brian smelled funny. They all laughed together, and everyone congratulated Brian for being so brave and doing such a cool trick.",7.033
4,2,2,"Brian Nelson got his first skateboard when he was 9 years old. Right away, he began skating with friends who knew how to skate. They would meet at each other's houses after school. Over time, Brian became very good at skating. He loved jumping over stairs with his board the most. His best jump was over 15 stairs, but he wanted to beat that record.

Brian and his friends went to a place called Hollywood 18, where many skaters go to make videos. Brian knew if he jumped over those stairs, he would be very famous among his friends. He counted each stair carefully to make sure they were more than 15. On the first try, Brian jumped but landed on the grass next to the stairs. He was scared to try again, but he did.

This time, he jumped over some stairs but not past the 16th one. He fell off his board but wasn't hurt too much. Some girls watching asked if he could try again. Brian knew he had to succeed this time.

As Brian got ready for another jump, he saw all the girls who came to watch him. He was breathing fast, but he knew he could do it. The moment came. Brian pushed off and pedaled his board very quickly. At the top of the stairs, he jumped into the air. He stayed in the air for about 5 seconds before landing safely.

The girls clapped their hands as Brian stopped his skateboard. He had beaten his record! All the girls wanted to give him a hug but stayed back because he smelled funny. Brian started laughing, and everyone joined in, congratulating him.",6.508
4,2,4,"Brian Nelson got his first skateboard when he was 9 years old. Right away, he started skating with friends who knew how to do it too. They often skated at each other's houses after school. As time passed, Brian became much better at skating. He could do lots of tricks on his skateboard. But what he really loved was jumping over stairs.

His best jump was 15 stairs high, but he wanted to beat that record. So, he and his friends went to a place called the Hollywood 18. Many skaters go there to make skateboarding videos.

Brian knew if he jumped over those stairs, he would become famous among his friends. As he walked up to the stairs, he counted each one out loud to be sure they were more than 15. On his first try, Brian jumped off his skateboard and landed on the grass next to the stairs. He was scared to try again but finally got the courage. This time, he actually cleared some stairs! But he didn't make it past the 16th step and fell off his board. Luckily, he wasn't hurt badly.

Some girls watched Brian skate and asked if he could do it one more time. Brian knew this was his chance to succeed. As he prepared to jump again, he noticed the girls watching him closely. He took deep breaths because he felt nervous but believed he could make it.

When the moment came, Brian got ready once more. He pushed off hard and sped up on his skateboard as fast as he could. Reaching the top of the stairs, he jumped high into the air. For about 5 seconds, he was flying over them. Then he landed safely. The girls clapped loudly for him.

Brian stopped his skateboard with a big smile. He had beaten his record! All the girls came to hug him, but they kept their distance because of how smelly he was after all that skating. Brian started laughing and soon everyone else did too. They all congratulated him on his amazing jump.",7.924
4,2,6,"Brian Nelson got his first skateboard when he was 9 years old. Right away, he started skating with friends who also knew how to skate. They would often meet after school at each other's houses.

Over time, Brian became really good at skating. He could perform many tricks on his skateboard. But what he loved the most was jumping over stairs. His best record was 15 stairs, and he wanted to beat it. So, Brian and his friends went to a famous spot called Hollywood 18, where lots of skaters filmed their videos.

Brian knew that if he could jump over those stairs, he would become a legend among his friends. As he got closer to the stairs, he counted each one carefully. He wanted to make sure they were more than 15. On his first try, Brian jumped and landed on the grass beside the stairs. Even though he was scared, he tried again. This time, he cleared some stairs but missed clearing the 16th step. He fell off his board, but wasn't hurt too badly.

Some girls watched Brian and asked if he could try it once more. Knowing he had to succeed this time, Brian prepared for another jump while glancing at the girls watching him. He was breathing fast but felt ready. When it was time, Brian pushed hard with his skateboard and sped up as he approached the stairs. At the top, he jumped into the air.

Brian stayed in the air for about 5 seconds before landing safely on the other side of the stairs. The girls clapped, and Brian stopped to celebrate. He had beaten his record! Everyone cheered and congratulated him. All the girls wanted to hug him, but they hesitated because he smelled funny from all the excitement. Brian laughed it off. Everyone joined in laughing and celebrating with him.",7.120
4,2,8,"Brian Nelson received his first skateboard at age 9 and began skating immediately. His school friends were experienced skaters, so they often met at their homes after classes. Over time, Brian improved significantly. He mastered numerous tricks on his skateboard, but he particularly loved jumping over stairs. His personal record was fifteen stairs, yet he aimed to surpass it.

Eager to achieve this feat, Brian and his friends visited the Hollywood 18—a popular spot for skaters filming videos. Brian hoped that by leaping over those stairs, he would earn legendary status among his peers. Approaching the stairs, he counted each one carefully, determined not to fall short of fifteen. On his initial attempt, Brian jumped but landed on the grass beside them. Despite feeling nervous, he gathered the courage for another try and managed to clear some steps but missed clearing the sixteenth stair. He fell off his board but was mostly unharmed.

Some girls watched Brian and asked if he would try again. Determined, Brian prepared for a subsequent attempt while keeping an eye on the growing crowd of girls watching him. Despite feeling nervous, he knew he could succeed. When it was time, Brian pushed off the pavement, accelerated his skateboard, and reached the top of the stairs. He leaped into the air.

Brian soared for about five seconds before landing triumphantly. The cheering girls applauded enthusiastically. Stopping his skateboard, Brian realized he had beaten his record. Although the girls wanted to celebrate with him by hugging, they hesitated due to a funny smell that made everyone laugh. Amidst the laughter and congratulations, Brian felt proud of his accomplishment.",6.442
4,2,10,"When Brian Nelson was nine years old, he received his first skateboard as a gift. Eager to learn, he quickly began practicing with friends who were also skaters. Over time, Brian's skills improved significantly, allowing him to perform numerous tricks. However, his favorite challenge was jumping over staircases on his skateboard.

Brian had set a personal record by successfully clearing 15 stairs and yearned to surpass it. To attempt this feat, he and his friends traveled to the Hollywood 18—a popular spot for skaters filming videos.

Confident that conquering these stairs would earn him legendary status among peers, Brian approached them with determination. He meticulously counted each stair as he neared the staircase. On his initial try, Brian lost balance and landed on the grass nearby. Despite feeling nervous, he mustered up courage to try again. This attempt saw him clear several steps but fall short of the 16th.

Curious girls who had been observing cheered for another go. With their encouragement, Brian knew it was crucial to succeed this time. As he prepared, the gathering crowd, especially the girls, motivated him further.

Breathing deeply to steady his nerves, Brian launched himself onto his skateboard one more time. Accelerating towards the stairs, he reached the top and leapt into the air. For a brief five seconds, Brian soared above the steps before landing triumphantly on the other side. The girls erupted in applause, acknowledging his achievement.

After stopping his skateboard, Brian realized he had surpassed his record of 15 stairs. Hugs from admirers followed, though they hesitated due to his strong scent. Laughter ensued as everyone congratulated him for his impressive accomplishment.",6.597
4,2,12,"Brian Nelson acquired his inaugural skateboard at the age of nine and eagerly commenced skating with an innate zeal. His companions at school, proficient in this pursuit, became his mentors as they congregated post-classes for skateboarding sessions. Over time, Brian's dexterity on the board flourished remarkably, mastering a plethora of tricks; yet, it was the exhilaration of stair jumps that captivated him most profoundly.

His personal zenith stood at an impressive fifteen stairs, but Brian harbored aspirations to transcend this milestone. Alongside his friends, he frequented Hollywood 18—a renowned nexus for skaters aspiring to immortalize their exploits in skateboarding videos. The allure of surpassing the fifteenth stair here was not only a testament to skill but also a gateway to legendary status among peers.

As Brian approached the staircase that day, each step ascended sequentially under his mental tally, ensuring he eclipsed fifteen. His initial attempt resulted in an unintended landing on adjacent grass—a humbling prelude. Despite trepidation gnawing at his resolve, determination prevailed for another attempt. This time, his trajectory arced over several stairs but faltered before the sixteenth.

Undeterred by a minor tumble and mild embarrassment induced by curious onlookers—particularly inquisitive girls who encouraged repetition—Brian's spirit remained unshaken. The pressure of achieving success under their watchful eyes mingled with internal anticipation as he prepared to conquer his fear once more. His breaths, erratic yet purposeful, fortified his resolve.

When the moment arrived, Brian propelled himself forward, channeling every ounce of kinetic energy into a relentless push up the stairs. As gravity relinquished its hold at the staircase's zenith, Brian soared through the air in an ephemeral dance lasting approximately five seconds before making contact with reality once more. The spectators erupted in applause as he halted his skateboard triumphantly.

Brian had not only shattered his previous record but also secured a place in the annals of local skateboarding lore. Despite the celebratory embraces and accolades from the girls, their retreat due to his odor induced laughter—a moment of levity amidst the day's gravity. The collective mirth echoed around him as they commended Brian for his newfound accomplishment.",8.625
6,0,0,"Bob bought a cheap house in a neighborhood with lots of trouble. People there had fought and even used guns sometimes. That’s why the house was so cheap. The people who lived there before lost their house because they couldn’t pay for it. Then some folks came, fixed up the outside look of the house, and sold it for more money.

When Bob moved in, he found out that many changes were just to make things look nice. They put new shiny kitchen stuff, but didn't fix old wires. When Bob used the dishwasher and coffee maker at once, all lights went off! He paid a lot to get new wires. The carpet they put down was over the real wood floor. Bob took out the ugly carpet and fixed the wood floors, which cost even more.

The house got very hot in summer and cold in winter because it had old walls and cheap windows. Bob hired someone to put in better windows and fans for cool air. He also added solar panels on top of his roof. This helped save money every month and made the house worth more.

After two years, all the fixes cost Bob over $20,000. But now, his home was much more valuable, almost $100,000 more! Bob thought he did a great thing by buying that house because when he sold it, he would make more money than what he spent.",5.472
6,0,2,"Bob bought a house in an area where gangs had caused trouble before. This is why the house was so cheap. The people who used to own it lost it and couldn't pay for it anymore. Then some other people bought it very low, fixed it up, made it more expensive, and sold it. Bob still thought it was a good deal.

When he moved in, Bob saw that many fixes were only to make the house look nice. The new owners put shiny kitchen things in, but didn't fix the wires inside the walls. So, when Bob used his dishwasher and coffee maker at the same time, all the lights went out. Bob had to pay $1,000 to fix the wiring.

The carpet that was added was not great and hid old wood floors underneath. Bob took out the ugly carpets and showed off the nice wood floors. This cost him another $3,000.

Bob's house got very hot in summer and cold in winter because it was an old house with bad windows. He hired someone to put in better windows and fans on the ceiling. This also cost a few thousand dollars. Bob wanted his house to use less electricity, so he got solar panels for his roof. They helped him save money each month and made the home more valuable.

In two years, Bob spent over $20,000 fixing up his house. But during that time, his home's worth went up by almost $100,000. Bob felt happy with what he did. He knew when he sold it, he would get a lot of money back.",6.147
6,0,4,"Bob bought a house in an area with a tough past, where gang violence had been common. This history was likely why the house was so cheap. The last owners lost it to foreclosure, and some people who buy homes to fix them up got it for very little. They made small changes, raised the price, and sold it again.

When Bob moved in, he noticed that many of these fixes were just on the surface. The renovators added shiny kitchen appliances but didn't fix old electrical wiring. This caused problems when Bob used the dishwasher and coffee maker together; it would turn off all the power. He had to spend over $1,000 to get new wires put in.

The flippers also laid new carpets over old wooden floors that were still underneath. Bob removed these carpets and fixed up the hardwood floors for another $3,000.

Bob's house was made of stucco, which got very hot or cold depending on the season. The cheap windows installed by the renovators didn't help with this. He hired a worker to install new double-pane storm windows and ceiling fans, costing him more money.

To save energy and add value, Bob leased solar panels for his roof. This cut down his electric bill and made his house worth more. 

Within two years, all of these updates cost Bob over $20,000. But during that time, the house's value went up by almost $100,000. Bob felt he had made a smart choice. He knew when it was time to sell, he would earn more than what he paid for it.",6.254
6,0,6,"Bob bought a house in an old neighborhood known for gang violence and shootings, which is why it was cheap. The previous owners had lost the house to foreclosure, and then some renovators bought it at a low price, made changes, and sold it again. Bob thought it was still worth buying.

After moving in, Bob noticed that many of the renovations were just surface-level. New stainless steel appliances were added, but they didn't fix the electrical system. So when he used the dishwasher and coffee machine together, all the power would cut out. Bob had to spend over $1,000 to rewire the house.

The flippers put new carpets over the old hardwood floors, which Bob disliked. He removed the ugly oatmeal-colored carpets and refinished the original floors for another $3,000.

The house was an old stucco building that got very hot in summer and cold in winter. The renovators had installed cheap windows. Bob hired a contractor to install new double-pane storm windows and ceiling fans, costing him several thousand dollars more. To save energy, he also leased solar panels for the roof, which lowered his electric bill and increased the house's value.

Within two years, all the improvements Bob made added up to over $20,000. Meanwhile, the home’s value rose by nearly $100,000. Bob felt confident in his investment, knowing that when he sold the house, he would earn more than what he paid for it.",5.830
6,0,8,"Bob had bought a house in a neighborhood known for its rough history and gang violence. The area's past incidents likely contributed to the low price of the house. It was foreclosed on by previous owners before being purchased at a bargain price by some renovators, who updated it but significantly increased the cost.

Upon moving in, Bob discovered many improvements were just surface-level changes. For instance, new stainless steel appliances in the kitchen came with outdated electrical work. Running both the dishwasher and coffee maker would cause a power outage. To fix this, Bob spent over $1,000 to rewire the house.

The flippers had installed new carpets directly on top of the old hardwood floors. Unhappy with their appearance, Bob removed them and refinished the original wood flooring for another $3,000.

The house's stucco construction made it hot in summer and cold in winter, worsened by inexpensive windows installed by the flippers. Bob hired a contractor to install new double-pane storm windows and ceiling fans, costing him several thousand dollars. To improve energy efficiency, he leased solar panels for his roof, reducing his electricity bills and adding value to his home.

Within two years, Bob's renovations totaled over $20,000. During this time, the house’s value increased by nearly $100,000. Feeling confident in his investment, Bob was sure that when he sold the home, it would bring more money than what he paid for it.",5.763
6,0,10,"Bob understood that the neighborhood where his new house was located had a challenging past, known for gang-related violence and shootings. This history likely contributed to the low purchase price of the property. The previous owners lost their home through foreclosure, which allowed it to be bought at a bargain by investors who refurbished it slightly before selling again.

When Bob moved in, he realized many improvements were superficial. Although they had installed new stainless steel appliances, crucial upgrades like the electrical system were neglected. As a result, using multiple appliances simultaneously would cause power outages throughout the house. To fix this, Bob spent over $1,000 to rewire his home.

Additionally, the house flippers laid new carpets on top of existing hardwood floors, which Bob found unappealing. Deciding to restore the original flooring, he invested another $3,000 in the project.

The property was an old stucco house that struggled with temperature control, getting excessively hot in summer and cold in winter. Inexpensive windows had been installed by the previous renovators, so Bob hired a contractor to replace them with energy-efficient double-pane storm windows and added ceiling fans for better air circulation. This renovation required several thousand more dollars.

To further improve efficiency, Bob leased solar panels that were mounted on his roof. These not only reduced his electricity bills but also increased the home's value.

In just two years, all these enhancements amounted to over $20,000 in costs. However, during this time, the property's market value rose nearly $100,000. Satisfied with the results, Bob felt confident that he had made a wise investment and anticipated gaining more money than his initial expenditure when selling the home.",6.579
6,0,12,"Bob was aware that the property he acquired resided in an area with a notorious history of gang-related violence and frequent shootings. Consequently, the real estate's market value was significantly depreciated. The previous proprietors had lost ownership through foreclosure, prompting opportunistic investors to purchase the asset at a low cost, execute superficial renovations, inflate its price, and then sell it. Despite these factors, Bob deemed the acquisition an advantageous financial move.

Upon relocation, Bob discovered that many of the refurbishments were purely aesthetic. While modern stainless steel appliances adorned the kitchen, no improvements had been made to the antiquated electrical infrastructure. Consequently, simultaneous operation of the dishwasher and coffee maker resulted in frequent power outages throughout the residence. To rectify this issue, Bob invested over $1,000 for comprehensive rewiring.

The house flippers had overlaid new carpets atop the original hardwood floors, which were covered by unattractive oatmeal-hued carpeting. Opting to restore the natural beauty of the wood beneath, Bob removed the carpets and refinished the flooring—a project costing an additional $3,000.

Constructed with stucco, the home experienced extreme temperature fluctuations—becoming oppressively hot in summer and frigid in winter. The house flippers had installed substandard windows as part of their renovations. To enhance thermal efficiency, Bob engaged a contractor to replace these with high-quality double-pane storm windows and install ceiling fans throughout, an expenditure amounting to several thousand dollars.

With the intention of improving energy efficiency further, Bob leased solar panels, which were affixed to the roof. This not only reduced his monthly electricity expenses but also augmented the property's market value.

Within a span of two years, the cumulative cost of all renovations and enhancements undertaken by Bob exceeded $20,000. In that same period, the home's valuation increased by nearly $100,000. Confident in his decision, Bob anticipated realizing a substantial return on investment upon eventual sale, confident he would recoup more than his initial expenditure.",7.802
6,1,0,"At 6 a.m., an alarm sounds. Sandy gets up and showers fast. After showering, she makes breakfast. She takes a clean bowl from the dishwasher. She puts oatmeal into it and adds milk. She stirs and heats it in the microwave.

While her oatmeal cooks, she dresses for the day. It is now warm enough to eat. Sandy likes apple cinnamon flavor. As she eats, she thinks of her mom who made sure she had breakfast every morning.

She checks her phone and finishes her oatmeal quickly. She steps outside into a windy street. Her hair blows back. She puts on her coat's hood and wraps a scarf around her neck. Then, she starts walking to the train station.

On the train, Sandy thinks of her mom again. She takes out her phone and texts: ""Hey Mom! Thanks for the scarf you knitted. It helped today. Love always.""",3.799
6,1,2,"At 6 a.m., Sandy's alarm clock goes off. She gets out of bed and starts her day with a quick shower. Afterward, she makes breakfast. 

She takes a clean bowl from the dishwasher and puts instant oatmeal inside. Then, she adds milk, stirs it up, and heats it in the microwave. While waiting for the oatmeal to cook, Sandy gets dressed.

Now dressed, Sandy takes her oatmeal out of the microwave. It's her favorite: apple cinnamon. As she eats, she thinks of her mom, who always made sure she had a warm breakfast before leaving home.

She looks at her phone and quickly finishes her oatmeal so she can go outside. When she steps into the street, the wind blows back her hair. Sandy puts on her coat's hood, wraps her scarf around her neck, and gets ready to walk to the train station.

Once on the train, memories of her mom come back. She texts: ""Hey Mom, thanks for the scarf you knitted for me. It was really useful this morning. Love always.""",4.436
6,1,4,"At 6 a.m., Sandy's alarm rings loudly. She gets out of bed slowly and starts her day with a quick shower. Afterward, she makes breakfast. She takes a clean bowl from the dishwasher and adds instant oatmeal to it. Next, she pours in some milk, mixes it, and heats it up in the microwave.

While her oatmeal cooks, Sandy puts on her clothes, thinking about what the weather will be like today. Once dressed, she gets her oatmeal out of the microwave when it's just cool enough for her liking. She loves apple cinnamon flavor. As she eats, she remembers how her mom always made sure she had a warm breakfast before going out.

Sandy checks her phone and quickly finishes eating so she can leave on time. When she steps outside, the wind blows her hair around. So, she puts up her coat's hood, wraps her scarf tighter, and heads to the train station.

Once on the train and sitting down, Sandy thinks of her mom again. She texts: ""Hey Mom, thanks for the scarf you knitted for me. It was really useful this morning. Love always.""",4.625
6,1,6,"At 6 a.m., Sandy's alarm rings loudly. She slowly gets out of bed and starts her day with a quick shower. Afterward, she makes breakfast. She takes an empty bowl from the dishwasher and adds instant oatmeal to it. Next, she pours in some milk, stirs the mix, and heats it in the microwave.

While waiting for her oatmeal to cook, Sandy gets dressed, thinking about what the weather will be like. Once dressed, she takes the oatmeal out of the microwave when it's just right. She loves apple cinnamon flavor because it reminds her of her mom, who always made sure Sandy had a warm breakfast before leaving home.

She checks her phone and quickly eats the last bit of oatmeal before heading out. As she steps into the street, a gust of wind messes up her hair. She puts on her coat's hood, wraps her scarf snugly around her neck, and gets ready to walk to the train station.

Once she sits down on the train, thoughts of her mom come back again. Sandy takes out her phone and sends a text: ""Hey Mom, thanks for the scarf you knitted for me. It was really helpful this morning. Love always.""",4.940
6,1,8,"At 6 a.m., Sandy's alarm clock rings loudly. She slowly gets out of bed and starts her day with a quick shower. Afterward, she makes breakfast. Taking a clean bowl from the dishwasher, she adds a packet of instant oatmeal to it. She pours in some milk, mixes it up, and warms it in the microwave.

While the oatmeal cooks, Sandy gets dressed for the day, keeping an eye on the weather outside. Now ready, she takes her oatmeal out of the microwave. It's cooled down just right, and her favorite flavor is apple cinnamon. As she enjoys each bite, she remembers her mother, who always made sure Sandy had a warm breakfast before leaving home.

Glancing at her phone, Sandy quickly finishes her oatmeal so she can head out. Stepping outside, a gust of wind flutters her hair. She pulls up her coat hood and snugly wraps her scarf around her neck before walking to the train station.

Once on the train and seated comfortably, thoughts of her mother return. She pulls out her phone and texts: ""Hey mom, thanks for the scarf you knitted. It was really useful this morning. Love always.""",4.861
6,1,10,"At exactly 6 a.m., the alarm clock's sound fills the room. Sandy pushes herself from bed to start her day with a quick shower. Afterward, she prepares a simple breakfast by taking a clean bowl from the dishwasher and adding instant oatmeal. She pours in some milk, stirs it, and heats the mixture in the microwave. While waiting for her oatmeal, she dresses according to the weather.

Now dressed, Sandy takes out her oatmeal, which has cooled just enough for her liking. Her favorite flavor is apple cinnamon. As she enjoys each bite, memories of her mother remind her how important a warm breakfast was before leaving home in the morning.

Checking her phone, Sandy quickly finishes her last bites of oatmeal and heads outside. A gust of wind sweeps back her hair, so she pulls up her coat's hood, secures her scarf around her neck, and prepares for her walk to the train station.

Once on the train, memories of her mother come back to mind again. She takes out her phone and texts: ""Hey mom, thanks for the scarf you knit me. It came in real handy this morning. Love always.""",4.708
6,1,12,"At precisely 6 a.m., the shrill blare of an alarm clock penetrates the stillness of the room. Sandra reluctantly emerges from bed, initiating her morning regimen with a brisk shower. Following her ablution, she proceeds to assemble a modest breakfast. Retrieving a pristine bowl from the dishwasher, she unseals and empties into it a packet of instant oatmeal. She incorporates a cup of milk, agitates the mixture, and subjects it to heat in the microwave. While the oatmeal undergoes its transformation, Sandra dons her attire for the day, taking note of meteorological conditions.

Fully attired now, she retrieves her oatmeal from the microwave, which has reached an optimal temperature for consumption. It boasts her preferred flavor: apple cinnamon. As she relishes each mouthful, memories surface of her mother’s insistence on a warm breakfast before Sandra departed home in the morning.

Consulting her phone, Sandra hurriedly consumes the remaining oatmeal and proceeds to exit. Upon stepping onto the street, a brisk gust tugs at her hair. She shields herself by donning the hood of her coat, secures the scarf around her neck, and prepares for her journey to the train station.

Having claimed a seat on the train, maternal recollections resurface. Sandra retrieves her phone and composes a message: ""Hey Mom, thanks for the scarf you knitted for me. It proved invaluable this morning. Love always.""",5.758
6,2,0,"Mexico's soccer team won a game against Croatia in the big soccer tournament called the World Cup. This helped them go to the next round. People from Mexico love their soccer team a lot.

In Huntington Park, California, fans went into the street after the win. More and more people joined—almost 200! They waved flags, shouted, honked cars, and jumped around in the streets. So many people were there that they stopped traffic, making it hard to drive. Most of these fans just really loved their team, but a few were tipsy.

Instead of just having fun, some threw bottles. A few even rocked cars on the street. The police had to come help. They sent patrol cars and two helicopters flew above them. Some police rode horses to calm everyone down. Someone even threw a bottle at a horse! Police asked shops to close their doors. Five people were taken by the police, but nobody got hurt.

When Mexico played again the next week, police went to the streets early. They wanted to be ready if Mexico won another game. This time, they were playing against the Netherlands. The Netherlands team won 2-1. Still, Mexican fans in Huntington Park celebrated outside even though their team lost. Police came wearing special gear this time. Fans waved flags and chanted, honked horns, rocked cars, and lit firecrackers, but no bottles were thrown. No one was taken by the police, but they closed three blocks to traffic. The police were probably happy Mexico didn't win again. Next World Cup is in four years; then it will be time to worry about this again!",6.434
6,2,2,"The Mexican soccer team won a game against Croatia in the World Cup. This means Mexico will play in another round. People who love Mexican soccer are very loyal.

In Huntington Park, California, fans celebrated on the street after their win. About 200 people joined and waved flags, shouted, and drove cars with loud horns. They were so many that they blocked the roads and made traffic jams. Most fans were just excited, but some were too wild because they drank too much. A few threw bottles and tried to shake parked cars. The police came to help. Some were in patrol cars, others flew in helicopters, and a few rode horses. Someone even threw a bottle at a horse. The police told shops to close and arrested five people. No one was hurt.

When Mexico played again the next week, the police were ready just in case they won. They played against the Netherlands, but the Dutch team won 2-1. Mexican fans still celebrated in Huntington Park even though their team lost. This time, the police wore special gear to keep everyone safe. The fans waved flags, chanted, and used loud horns. They rocked cars and lit fireworks, but no one threw bottles this time. No one was arrested. However, the police had to block off three blocks of traffic. The police were happy that Mexico didn’t win. In four years, when there is another World Cup, they will prepare again.",5.701
6,2,4,"The Mexican soccer team won a game against Croatia in the World Cup. This victory helped them move on to the next round. Fans of Mexican soccer around the world are very loyal to their team. After this win, some people started wondering if fans were too extreme.

In Huntington Park, California, fans celebrated by going into the street after the win. The crowd grew to almost 200 people in the afternoon. They waved flags, shouted, honked cars, and jumped around. Because there were so many people, they blocked traffic and caused jams. Most of these fans were just very excited, but a few had too much to drink. Instead of celebrating calmly, some started throwing bottles and rocking parked cars. The police came because things got out of hand. Not only did patrol cars show up, but also two helicopters flew overhead and some officers on horseback tried to calm the crowd down. One person even threw a bottle at a police horse. Police told shop owners to close their stores. Five people were arrested by the police. Luckily, no one was hurt.

The next week when Mexico played again, police were ready. They wanted to be prepared if Mexico won once more. This time, they faced the Netherlands. The Dutch team won 3-1. Even though Mexico lost, fans in Huntington Park still celebrated in the streets. Police were already there in riot gear. Fans waved flags, chanted, honked horns, rocked cars, and lit firecrackers. However, no one threw bottles this time. No arrests were made, but three blocks of traffic had to be closed off. The police were probably secretly happy that Mexico didn't win. In four years, when the next World Cup comes around, they'll have to think about it again.",6.879
6,2,6,"The Mexican national soccer team recently won a match against Croatia in the World Cup. This victory allowed them to move on to the next round of the tournament. Fans of Mexican soccer from all over the world are known for being very loyal to their team. After this win, some people began wondering if fans showed too much loyalty.

In Huntington Park, California, many fans celebrated by going into the streets after Mexico's victory. The crowd quickly grew to almost 200 people who waved flags, shouted, honked their car horns, and jumped up and down in celebration. Because so many people were there, they blocked traffic and caused big traffic jams. While most of these fans were just overly excited, a few were drunk. Instead of only celebrating, they started throwing bottles. Some even shook cars parked on the streets. Police had to come help calm things down. Not only did regular police cars arrive, but two helicopters flew overhead and some officers rode horses to try to break up the crowd. A bottle was thrown at one of the police horses. The police asked shop owners to close their businesses for safety. Five people were arrested by the police. Luckily, no one got hurt.

When Mexico played another match a week later, the police made sure to patrol the streets beforehand. They wanted to be ready just in case Mexico won again. This time, they faced the Netherlands team and lost 2-1. Even though Mexico didn't win this game, fans in Huntington Park still celebrated by going into the streets. This time, the police were ready wearing riot gear. The fans waved flags, chanted, honked horns, shook cars, and set off firecrackers but no one threw bottles. The police didn't arrest anyone. They did close three blocks to traffic for safety reasons. The police probably felt relieved that Mexico didn’t win this time. In four years, when the next World Cup comes around, they'll think about it all over again.",7.585
6,2,8,"The Mexican national soccer team had just won a match against Croatia in the World Cup, advancing them to the next round. Fans around the world are known for their loyalty to the Mexican team. However, after this win, some people wondered if fans were too extreme.

In Huntington Park, California, fans celebrated by taking over the streets. The crowd grew to almost 200 people who waved flags, yelled, honked horns, and danced on the streets. They blocked traffic, causing jams in the area. Most fans were just excited, but a few were drunk. Instead of celebrating peacefully, they began throwing bottles and rocking parked cars. Police arrived at the scene with patrol cars, helicopters, and officers on horseback to disperse the crowd. When someone threw a bottle at a police horse, officers urged shop owners to close their businesses. Five people were arrested, but thankfully no one was hurt.

When Mexico played again the next week, police patrolled in advance, prepared for another win. They faced the Netherlands and lost 2-1. Even with the loss, fans celebrated in Huntington Park. This time, police in riot gear awaited them. Fans waved flags, chanted, honked horns, rocked cars, and lit firecrackers but didn't throw bottles. No arrests were made, though three blocks were closed to traffic. The police were probably relieved that Mexico didn't win. In four years, when the next World Cup comes around, they'll have to prepare again.",5.929
6,2,10,"The Mexican national soccer team recently secured a victory against Croatia in the World Cup, advancing them to the subsequent round. Mexican soccer fans globally are renowned for their steadfast loyalty to their team. Following this triumph, some have begun questioning if that loyalty might have been pushed too far.

In Huntington Park, California, after the win, supporters flooded the streets. The crowd swelled to nearly 200 individuals who waved flags, cheered loudly, honked car horns, and danced in the streets. The gathering became so large that it blocked traffic, causing significant congestion. While most participants were simply enthusiastic, a few had consumed alcohol excessively. Instead of merely celebrating, they started throwing bottles, with some even rocking vehicles parked on the streets. Police officers responded to the commotion. They deployed not just patrol cars but also two helicopters and horseback units to disperse the crowd. When someone hurled a bottle at a police horse, authorities urged local shop owners to close their establishments. Five individuals were apprehended by the police. Fortunately, no one was injured.

In anticipation of Mexico's next game the following week, law enforcement officers patrolled the streets in advance, ready for another potential victory celebration. This time, Mexico faced the Netherlands. Despite the Dutch team clinching a 2-1 win, Mexican fans in Huntington Park still took to the streets after the match. Police, this time outfitted in riot gear, were prepared. The fans waved flags, chanted slogans, honked horns, rocked cars, and even set off firecrackers but refrained from throwing bottles. No arrests were made that evening, though three blocks had their traffic blocked off by police. They likely felt a sense of relief that Mexico hadn't won again. Four years will pass before the next World Cup, when this cycle might resume.",7.050
6,2,12,"The Mexican national soccer team secured a victory over Croatia in the World Cup, propelling them into the subsequent round of the tournament. Globally, Mexican soccer enthusiasts are renowned for their unwavering allegiance to their team. However, post-victory reactions have prompted some to question whether this loyalty has reached excessive levels.

In Huntington Park, California, jubilant fans congregated on city streets following the triumph. By afternoon, approximately 200 individuals had gathered, brandishing flags, vocalizing chants, honking vehicles, and exuberantly celebrating in the thoroughfares. The sizeable assembly obstructed vehicular flow, resulting in significant traffic congestion.

While most participants exhibited fervent enthusiasm, a minority were under the influence of alcohol, escalating their revelry to include hurling bottles and rocking parked automobiles. Law enforcement was summoned to address the disturbances. In response, the local police department deployed patrol vehicles, supplemented by aerial surveillance from two helicopters and mounted officers tasked with dispersing the crowd. An incident occurred where a bottle was thrown at a police horse. Authorities advised shop owners to secure their establishments promptly. Five individuals were apprehended during these events, fortunately without any injuries reported.

In anticipation of Mexico's subsequent match against the Netherlands, law enforcement preemptively patrolled the streets, prepared for potential post-match celebrations regardless of the outcome. The Dutch team emerged victorious with a 2-1 scoreline. Despite their defeat, Mexican fans in Huntington Park assembled once more. This time, officers were equipped in riot gear. The crowd engaged in waving flags, chanting, honking horns, rocking cars, and igniting firecrackers; however, bottle throwing was notably absent. Police did not make any arrests but necessitated the closure of three blocks to vehicular traffic. Officers likely experienced relief at Mexico's defeat. With four years until the next World Cup, they anticipated similar challenges in future tournaments.",7.394
8,0,0,"Weddings are fun times with lots of things to do! A special helper called the MC tells everyone what will happen next. When the couple who got married comes in, people stand up and clap.

There is music at weddings so people can dance. The music could be from a DJ or a live band. Sometimes you can ask the DJ or band to play your favorite song!

The newlywed couple dances first to a special song they picked together. It’s usually a romantic song that shows how much they love each other. Sometimes, the bride dances with her dad and the groom with his mom. After those dances, everyone gets to dance.

At wedding parties, there can be food to eat in two ways: You can pick your own food like at a buffet or sit down and have it brought to you by waiters. You get to choose between meat, chicken, or fish when you answer the invitation.

The bride and groom are super busy talking to everyone, so they don’t spend much time with each guest. Sometimes they even miss eating!

But one thing they always do is eat some wedding cake! They cut it together and then give each other a bite.",4.749
8,0,2,"At a wedding party, there are fun things to see and do. There's often someone called the MC who tells people what will happen next. For example, when the couple who just got married walks in, everyone stands up and claps.

There’s music at weddings, and guests like to dance. A DJ or a live band plays the music. Sometimes, if you ask nicely, they might play your favorite song! When the couple first comes into the room, they dance together by themselves to a special song that means something to them.

Sometimes the bride dances with her dad, and the groom dances with his mom. After these special dances, everyone is invited to join in and dance too!

At weddings, food can be different ways. It might be where you go and serve yourself, or you could sit at a table and have waiters bring you your meal. You get to pick what kind of meat, chicken, or fish you want. People usually decide this when they say yes to the wedding invitation.

Don't expect to spend lots of time with the bride and groom. They are busy saying hello to all their friends. Sometimes they might not even have a chance to eat! But almost every new couple gets to cut the big cake together and share it. The bride cuts a piece, then feeds her husband a bite, and he does the same for her.",5.478
8,0,4,"A wedding reception can have many fun activities. There's usually someone called an MC who helps everything go smoothly by telling everyone what will happen next. For example, when the married couple arrives at the party, the MC says it’s time to stand up and clap.

Music is often part of a wedding, and guests are invited to dance. The music can be played by a DJ or live band. Sometimes the DJ or band plays songs that guests ask for. When the new couple enters, they usually share their first dance together. They pick a special romantic song for this moment. Often, the bride dances with her dad, and the groom dances with his mom. After these special dances, everyone is invited to join in on the dancing.

At the reception, food can be served buffet-style, where guests help themselves, or as a sit-down meal by waiters. There are usually options like meat, chicken, or fish for people to choose from when they RSVP to the wedding invitation.

Guests might not spend much time with the bride and groom during the wedding because they have lots of people to greet. Sometimes the couple doesn't even get to eat. But one special thing they do at their reception is cut a big wedding cake together. The bride and groom share bites from each other's pieces, which is always a fun tradition.",5.323
8,0,6,"Wedding receptions can have lots of fun activities! Usually, there's someone called the Master of Ceremonies (MC) who helps everything run smoothly by telling people what will happen next. For example, when the newly married couple walks into the reception hall, the MC announces it, and everyone stands up to applaud.

At most weddings, there is music for guests to dance to. The music might come from a DJ or a live band. Sometimes, guests can ask the DJ or band to play their favorite songs. When the couple first arrives at the reception, they share a special dance together on a song they picked in advance. This song is often romantic and shows how much they love each other.

Sometimes, the bride dances with her dad, and the groom dances with his mom. After these special dances, everyone else gets invited to join in on the dancing!

Food at wedding receptions can be set up so that guests serve themselves (this is called buffet style) or it can be a sit-down meal served by waiters. Guests usually pick what they want to eat—whether meat, chicken, or fish—when they RSVP to the invitation.

Even though you might like to spend time talking with the bride and groom at their wedding, they are often too busy saying hello to everyone! Sometimes, the couple is so busy that they don't even get a chance to eat. But one thing they do almost always have time for is eating the wedding cake. The tradition is for the bride and groom to cut the cake together and then feed each other a bite.",6.123
8,0,8,"At a wedding reception, there are many types of entertainment. Often, an MC (Master of Ceremonies) guides the event by making announcements about what will happen next. For example, when the newly married couple enters the hall, the MC announces their arrival, and guests stand up to applaud.

Music is an important part of a wedding reception, with guests encouraged to dance. Music can be played by a DJ or live band. Sometimes, guests can request specific songs from the DJ or band. When the newlyweds make their entrance, they share a special dance together, usually to a romantic song that symbolizes their love.

Occasionally, the bride dances with her father and the groom dances with his mother. After these special dances, everyone is invited to join in on the dancing.

Food at a wedding reception can be served buffet-style or as a sit-down meal by waiters. Guests can choose from options like meat, chicken, or fish. Usually, guests decide what they'd like to eat when they RSVP to the invitations.

During the wedding, it's common for the bride and groom to be busy greeting all their guests, leaving little time for them to chat with everyone individually. Sometimes, they might not even get a chance to eat.

One special tradition is cutting the wedding cake together. The couple typically cuts through the cake and then feeds each other a bite.",5.522
8,0,10,"Wedding receptions offer various forms of entertainment to delight guests. Typically, an MC or Master of Ceremonies guides the event by announcing upcoming activities. For instance, when the newlyweds enter the reception hall, the MC prompts everyone to stand and applaud.

Music is a staple at these celebrations, with options including DJs or live bands. Guests often have the opportunity to request specific songs from either the DJ or band. When the couple makes their grand entrance, they perform an intimate dance together to a song chosen in advance—a romantic tune that symbolizes their love for each other. Often, the bride dances with her father and the groom with his mother, adding sentimental moments before inviting guests to join on the dance floor.

Catering at weddings varies between buffet-style dining, where guests serve themselves, or sit-down meals attended by waiters. Guests typically choose their preferred meal—meat, chicken, or fish—when responding to the wedding invitations.

Although brides and grooms might be eager to spend time with all their guests during the reception, they often find themselves busy greeting everyone. This bustling schedule sometimes even prevents them from having a proper meal. Nonetheless, cutting and sharing the wedding cake is a cherished tradition for every newlyweds' menu. The couple traditionally cuts through the cake together before feeding each other a bite.",5.303
8,0,12,"At a wedding reception, entertainment often takes various forms. Typically, an emcee (MC) orchestrates the event by announcing upcoming activities. For instance, when the newlyweds enter the reception hall, the MC prompts guests to stand and applaud in celebration. A central feature of the reception is music, which may be supplied by a DJ or live band. In some instances, attendees are encouraged to request specific songs from these entertainers.

Upon their grand entrance, the newly married couple usually shares an intimate dance to a pre-selected romantic tune that symbolizes their affection for each other. Additionally, it's customary for the bride and groom to partake in individual dances with their parents—the bride with her father and the groom with his mother. Following these poignant moments, guests are invited to join on the dance floor.

Culinary offerings at a wedding reception can vary between buffet-style setups, where attendees serve themselves, or formal sit-down dinners attended by waiters. Guests generally select from options including meat, chicken, or fish during their RSVP process. Given the multitude of engagements—greeting guests being foremost—the newlyweds often have limited personal interaction time.

Moreover, it's not uncommon for the couple to forego their meal due to these responsibilities. Nonetheless, they almost invariably partake in cutting and sharing the wedding cake, a symbolic act where they slice into it together before feeding each other a bite.",5.598
8,1,0,"Valentine's Day is on February 14. It is a day for love and friendship in America. People give cards and gifts to show they care. Many spend money on flowers, chocolates, toys, and rings.

Kids at school also celebrate! They thank their teachers with special cards. Some schools have dances where friends exchange small cards. These cards often have funny pictures from TV shows.

It is nice for kids to make their own cards instead of buying them.

Some people tell someone they love them on Valentine's Day. Others get married. But you don't need a sweetheart to enjoy the day. You can wish ""Happy Valentine's Day"" to your friends and teachers too!

Even though it's not an official holiday, stores still open. People used to celebrate Saint Valentine who helped a girl long ago. Much later, people started sending love notes.

You know it’s coming when shops fill with red hearts and pictures of Cupid. That is the god with wings! Now he also looks for your money because lots of ads show jewelry before Valentine's Day.",4.364
8,1,2,"Valentine's Day is on February 14. It's a day for love and friendship in America. Many think it’s a time to show someone special how much they care with cards and gifts. This holiday makes lots of money because people buy flowers, balloons, chocolate, stuffed animals, and jewelry. Some go out for fancy dinners.

Even school kids celebrate! They give thank-you cards to their teachers. In high schools, there are dances where classmates share small cards. These cards often have pictures from favorite cartoons. But it’s nicer if kids make their own cards by hand to give friends and teachers.

Some people announce their love on Valentine's Day. Others even get married then! Even if you're not in love, you can still join the fun by saying “Happy Valentine's Day” to friends and coworkers.

Valentine's Day is not a holiday like Christmas. Schools and government offices are open. The day was once about Saint Valentine, who helped save someone’s life. In the Middle Ages, it became a time for romance when people wrote love notes to each other by hand.

You know Valentine's Day is coming when you see red and pink hearts in stores. Cupid, a winged god from old stories, symbolizes this day. Now, he seems more focused on making people buy jewelry because there are many ads for it as the day gets closer.",5.521
8,1,4,"Valentine's Day is on February 14th. It’s a day in the United States where we celebrate love and friendship. Many think of it as a special time to show someone you care by giving cards or gifts. This holiday is also very commercial, meaning lots of people spend money buying flowers, balloons, chocolate, stuffed animals, and jewelry.

People often go out for fancy dinners too. Even school kids get involved! They give thank-you cards to their teachers and sometimes have Valentine's Day dances at high school. Classmates exchange small cards with pictures from popular cartoons. However, it’s much nicer if kids make these cards by hand to give to friends and teachers.

Valentine's Day is a great day to tell someone you love them, like a secret crush. Some people even get married on this special day. But you don't have to be in love to enjoy the holiday. You can wish your friends and coworkers ""Happy Valentine's Day.""

Even though it’s not an official holiday in the U.S., which means government offices and schools are open as usual, many still celebrate it. Long ago, February 14th was about Saint Valentine, who saved a young girl's life. During the Middle Ages, people started mixing romance with this day by sending each other handwritten love notes.

When you see stores decorated with red and pink hearts or pictures of Cupid—a winged god from ancient Rome—you know Valentine’s Day is near. But now, Cupid seems to target your wallet too! That's because there are more ads for jewelry as the holiday approaches.",6.204
8,1,6,"Valentine's Day is on February 14th and is all about celebrating love and friendship in the United States. Many people think of it as a special day to show their romantic partner how much they care by giving cards and gifts. It’s also one of America’s most commercial holidays because lots of money gets spent on things like flowers, balloons, chocolate, stuffed animals, and jewelry. People often go out for fancy dinners too.

Even school kids join in the fun! They give thank-you cards to their teachers, and some high schools have Valentine's Day dances where classmates exchange little cards with cartoon characters on them. It’s extra special when kids make their own handmade cards instead of buying them.

Valentine's Day is also a great day for young people to let someone know they like them secretly. Some couples even get married on this day. But you don't have to be in love to enjoy the celebrations—you can wish friends and coworkers ""Happy Valentine's Day.""

Although it's not an official holiday in the U.S., so government offices and schools stay open, there’s a fun story behind it. Long ago, there was a Saint named Valentine who is said to have saved a young girl’s life. In the Middle Ages, people started sending handwritten love notes on this day, which wasn't something you could just buy in stores like today.

You’ll know Valentine's Day is coming when stores start decorating with red and pink hearts, and images of Cupid—the winged ancient Roman god who used to make people fall in love. These days, it seems like Cupid also aims for your wallet because there are more jewelry ads as the holiday approaches!",6.516
8,1,8,"Valentine's Day is celebrated on February 14th in the United States. It’s a day for expressing love and friendship. Many think of it as a romantic occasion to show affection with cards and gifts. 

This holiday can be very commercial, with people spending money on flowers, balloons, chocolate, stuffed animals, and jewelry. Some also enjoy fancy dinners. Even school children celebrate by giving thank-you cards to their teachers. In high schools, Valentine's Day dances are common, where classmates exchange small cards often featuring cartoon characters. 

However, it’s considered more thoughtful for kids to make handmade cards to give to friends and teachers.

Valentine's Day can also be a time to express feelings to someone you have a secret crush on, and some couples even get married on this day. But you don’t need to be in love to enjoy the festivities; saying “Happy Valentine’s Day” to friends and coworkers is enough!

While it's not an official holiday in the U.S., meaning schools and government offices are open, its origins date back to Saint Valentine. He was said to have saved a young girl's life. In the Middle Ages, people began sending handwritten love notes on this day.

As February 14th approaches, you'll notice stores decorated with red and pink hearts and Cupid, the Roman god of love known for striking hearts with his arrows. Nowadays, he seems more focused on wallets as jewelry ads increase closer to Valentine's Day.",5.775
8,1,10,"Valentine's Day, celebrated on February 14th in the United States, is a holiday that honors love and friendship. It is often seen as an opportunity for romantic gestures, such as giving cards and gifts to express affection. Beyond romance, it has become a highly commercial event, with people spending money on flowers, balloons, chocolates, stuffed animals, jewelry, and fancy dinners.

Even school children participate by presenting thank-you cards to their teachers. Some high schools host special dances where classmates exchange little cards featuring popular cartoon characters. However, crafting handmade cards is considered more thoughtful for giving to friends and educators.

Valentine's Day can also be a time for declaring love to someone special, such as a secret crush. Some people even choose this day to get married. Not being in love doesn't exclude you from the festivities; you can still wish ""Happy Valentine's Day"" to friends and coworkers.

Though it is not an official holiday in the U.S., meaning that government offices and schools remain open, the origins of Valentine's Day are linked to a Saint named Valentine, who supposedly saved a young girl's life. During the Middle Ages, romance became associated with this day as people began sending handwritten love notes. Back then, cards were not available for purchase like they are today.

The approach of Valentine's Day is marked by stores decorating with red and pink hearts and images of Cupid, the winged Roman god who was believed to cause people to fall in love. Nowadays, it seems that Cupid targets wallets too, as jewelry advertisements become more prevalent leading up to the holiday.",6.233
8,1,12,"Valentine’s Day, observed on February 14, is a widely recognized holiday in the United States that celebrates love and friendship. It is predominantly perceived as an opportunity to express romantic affection through the purchase of cards and gifts. The holiday has evolved into a highly commercialized event; significant expenditure occurs on flowers, balloons, chocolates, stuffed animals, jewelry, and lavish dinners.

The celebration extends beyond adults, engaging schoolchildren who express gratitude towards their teachers with thank-you cards. Some high schools host dances for the occasion, where students exchange small cards adorned with popular cartoon characters. Although commercially available cards are prevalent, crafting handmade cards is regarded as a more thoughtful gesture for friends and educators.

Valentine’s Day also serves as an opportune moment to profess one's affection, often resulting in proposals or even marriages. Despite its romantic associations, participation in the festivities does not necessitate being in love; greetings such as “Happy Valentine’s Day” can be extended to friends and colleagues.

Interestingly, despite its cultural significance, Valentine’s Day is not designated an official holiday in the U.S., which means government offices and schools operate under regular schedules. Historically, the day commemorates Saint Valentine, who was venerated for saving a young girl's life. The romantic connotations associated with Valentine's Day began to emerge during the Middle Ages when lovers exchanged handwritten notes—a stark contrast to today’s ready-made cards.

Commercial indicators of the holiday include widespread use of red and pink hearts and Cupid imagery, an ancient Roman deity symbolizing love, in store decorations. As Valentine’s Day approaches, there is a noticeable increase in jewelry advertisements, reflecting the commercial aspect targeting consumers' wallets.",6.532
8,2,0,"Who says grown-up parties must be dull? Lots of grown-ups are having fun by throwing special birthday parties with cool themes. Theme parties have a special idea behind them. This could be anything like a TV show or a pretend character.

Sometimes, people at the party dress up to match the theme. For example, in a Toga Party, everyone wears togas which are really just white sheets. These parties were once super popular among college students.

At a Masquerade Party, everyone hides behind masks and tries to guess who is under them. It's like playing a game of mystery! There are also Murder Mystery Parties where guests try to solve a pretend crime.

Some grown-ups throw parties based on seasons. A summer beach party might have people in swimsuits and pretend they're at the beach. Another fun idea is a Game Night Party, where everyone plays board games together. A special kind of game night is a Casino Party, where adults play games like blackjack or poker.

Sometimes, theme parties are about places or countries. Like, a Mexican theme party could have tacos, colors from the Mexican flag, and Mexican music. But be careful if you dress up for these parties! It's not nice to pretend to be someone from another culture. Instead, just enjoy the food and fun without copying.

Remember, it's always best to have fun and be kind to everyone at the party!",5.517
8,2,2,"Who says grown-up parties have to be boring? Lots of adults are having fun by throwing birthday parties with special themes they didn't get as kids.

Theme parties can be about anything—like a TV show or a story character. Sometimes guests dress up for the theme. For example, at a Toga party, everyone wears togas, which are just white sheets. These were really popular once with college students.

At masquerade parties, everyone wears masks and tries to guess who is behind them. The guessing game makes it fun! There are also mystery parties where guests solve pretend crimes.

Some people have theme parties for different times of the year. A summer beach party might mean wearing swimsuits. 

There are game night parties too, where friends play board games together. Sometimes these parties turn into casino parties, with games like blackjack or poker.

You can also have a party about a place from another country. For example, a Mexican theme party could include tacos and music from Mexico. When dressing up for these parties, it’s important to be respectful. It's better to enjoy the food instead of pretending to be someone else.

Remember, fun is in making good memories!",4.714
8,2,4,"Who says adult parties have to be boring? More adults are having fun by throwing theme parties for birthdays or other special times. These parties can be based on any idea, like a TV show, a character from a book, or anything you can think of. Sometimes guests even dress up according to the party's theme. For example, at a Toga party, everyone wears white sheets like togas—these were super popular with college students once. At masquerade parties, everyone wears masks and tries to guess who is behind them; figuring out the mystery makes it fun.

Have you heard of murder mystery parties? Guests work together to solve a pretend crime. Other parties focus on seasons, like a summer beach party where people might wear swimsuits. There are also game night parties where friends get together to play board games, or casino nights with games like blackjack and poker.

Some theme parties celebrate specific places around the world. Imagine a Mexican party with tacos, music, and colors from the Mexican flag! But remember, it's important to enjoy the food without pretending to be someone from another culture—it can be seen as disrespectful. So let's have fun celebrating while being considerate of others.",4.753
8,2,6,"Adult parties don't have to be dull! Many adults are bringing back fun from their childhoods or creating new memories by having theme parties for birthdays and other special occasions.

Theme parties can focus on any idea, TV show, or character. Sometimes, guests even dress according to the theme. For example, at a Toga party, everyone wears togas, which are really just white sheets wrapped around them. These parties were very popular among college students in the past.

At masquerade parties, everyone wears masks and tries to guess who is hiding behind each one. This mystery adds excitement! There are also murder mystery parties where guests solve a pretend crime.

Some adults host theme parties based on seasons. A summer beach party might have guests wearing swimsuits. Another favorite is the game night party, where friends gather to play board games like Monopoly or Scrabble. A twist on this idea is a casino party, where people enjoy playing card games such as blackjack or poker.

Theme parties can also celebrate specific countries or regions. For instance, a Mexican-themed party might feature tacos, colors of the Mexican flag, and lively Mexican music. However, it's important to be respectful when choosing costumes for these parties. Avoid dressing like someone from a different ethnic or racial group because it can be hurtful. It’s better to enjoy the food and not rely on stereotypes.

Have fun planning your next themed party!",5.548
8,2,8,"Theme parties are fun ways for adults to have exciting celebrations by bringing their childhood memories back to life or creating new ones. These parties focus on a specific idea, TV show, character, or anything else that sparks interest. Sometimes guests even dress up according to the party's theme.

For instance, in a Toga party, everyone wears togas, which are basically white sheets draped over themselves. These parties were especially popular with college students in the past. At a masquerade party, everyone hides behind masks and tries to guess who is hiding underneath each one. The mystery adds excitement to the fun.

For those who love a good challenge, murder mystery parties are perfect. Here, guests work together to solve a pretend crime. Some adults choose theme parties based on seasons, like summer beach parties where guests wear swimsuits.

Game night parties are another popular choice, bringing friends together to play board games. A twist on this is the casino party, where people enjoy games usually found in a casino, such as blackjack or poker.

Theme parties can also focus on specific regions or countries. For example, at a Mexican-themed party, you might find tacos, decorations featuring the colors of the Mexican flag, and lively Mexican music playing. However, when dressing up for these kinds of parties, it's important to be respectful. Avoid costumes that represent a certain ethnic or racial group, as they can be offensive. Instead, enjoy the food and culture without resorting to stereotypes.",5.772
8,2,10,"Who says adult gatherings have to be dull? Increasingly, adults are either revisiting their childhoods or creating new memories by hosting theme parties for birthdays or special occasions.

Theme parties revolve around an idea, television show, fictional character, or virtually anything else. Sometimes guests are invited to dress in costumes that match the party's theme. For instance, at a Toga party, attendees typically wear togas—essentially just white sheets. These parties were once particularly popular among college students.

At masquerade parties, everyone wears masks and tries to guess the identities of others. The element of mystery adds to the enjoyment. There are even murder mystery parties where guests must solve a fictional crime.

Some adults host theme parties based on different seasons. A summer beach party might encourage attendees to wear swimsuits, while game night parties bring people together to enjoy various board games. A variation is the casino party, featuring games like blackjack or poker.

Other theme parties focus on specific regions or countries. For example, a Mexican-themed party could feature tacos, decorations in the colors of the Mexican flag, and traditional Mexican music. When dressing for such themed events, it's important to be sensitive; wearing costumes that represent certain ethnic or racial groups can be offensive. It’s better to enjoy the cultural aspects like food without perpetuating stereotypes.",5.293
8,2,12,"Who asserts that adult gatherings must lack excitement? Increasingly, adults are rekindling their childhood experiences or forging memories they did not possess as juveniles by organizing theme parties for birthdays and various occasions. These events revolve around an overarching concept, a television program, a fictional persona, or virtually any subject of interest. On occasion, attendees may be required to don attire that aligns with the chosen theme. For instance, at a Toga party—a variant of a theme gathering—participants typically wear togas, which are essentially white sheets. Historically prevalent among college students, Toga parties remain popular.

In a masquerade event, each guest conceals their identity behind a mask and attempts to deduce the person beneath it; this enigmatic element enhances the enjoyment. Pivoting to mystery-themed gatherings, murder mystery parties present guests with a simulated homicide they must unravel. Another thematic approach involves seasonal celebrations: for example, a summer beach party might encourage attendees to wear swimwear.

A prevalent iteration of these theme events is the game night soiree, where individuals convene to engage in various board games. An offshoot of this concept is the casino party, wherein participants indulge in games commonly found in casinos, such as blackjack or poker.

Additionally, theme parties can concentrate on a specific geographic region or nation. For instance, a Mexican-themed soirée might include tacos, incorporate the colors of the Mexican flag, and feature Mexican music. However, caution is advised when selecting costumes for these events; impersonating an ethnic or racial group often results in offense. It is prudent to focus on enjoying the cuisine while avoiding the perpetuation of stereotypes.",6.403
10,0,0,"AMC's new show, Fear The Walking Dead, is a story about zombies like its big brother, The Walking Dead.

It starts before the first one and takes place in Los Angeles when there are lots of zombies for the first time. 

The people who make this show include Robert Kirkman, Gale Anne Hurd, and Dave Erickson. They help tell the stories with cool special effects by Greg Nicotero.

In the story, Sean is a teacher played by Cliff Curtis. He lives in Los Angeles and has a son. Kim Dickens plays Nancy, who helps students at Sean’s school and likes him. Frank Dillane acts as Nick, her son who sometimes takes too many drugs. Alycia Debnam Carey is Ashley, his sister, who wants to go to Berkeley when everything changes.

The show will start showing in the late summer, and another season will come in 2016. We still don't know exactly when it starts!",4.030
10,0,2,"AMC's new show is called Fear The Walking Dead. Robert Kirkman, who made the original comic book, said this on Friday. This show starts before the first one and is about a zombie outbreak in Los Angeles.

The company had different secret names for it like Cobalt and Fear The Walking Dead. On March 9, AMC said they would make more of the show even though it didn't have a name yet. 

Kirkman wrote the first episode with Dave Erickson from Sons of Anarchy. They will help run the show with Gale Anne Hurd and Dave Alpert. Adam Davidson will direct the first episode, and Greg Nicotero, who works on special effects, will also be in charge.

The story is about new people during a scary time when zombies start appearing. Sean Cabrera, played by Cliff Curtis, is a teacher. Kim Dickens plays Nancy, his ex-wife’s friend and romantic partner, who helps students at the school. Their son Nick, acted by Frank Dillane, fights with drug problems. Alycia Debnam Carey is Ashley, their daughter who dreams of leaving for Berkeley when things get bad.

The show will start in late summer, but they haven't said exactly when yet. There will be a second season next year. The main Walking Dead show's last episode this season airs Sunday at 9 p.m.",5.583
10,0,4,"AMC's new show, called *Fear The Walking Dead*, is a companion series to *The Walking Dead*. Executive producer Robert Kirkman revealed its name on Friday. This show starts as a prequel and was in development under the names ""Cobalt"" and ""Fear The Walking Dead."" On March 9, AMC confirmed that it had picked up the series for production and already renewed it for a second season.

Kirkman, who created *The Walking Dead* comic book, worked with Dave Erickson to write the pilot. Both will be executive producers along with Gale Anne Hurd and Dave Alpert from *The Walking Dead*. Erickson is also the showrunner, and Adam Davidson directed the pilot. Greg Nicotero, known for his work on visual effects in *The Walking Dead*, will produce this series too.

AMC hasn't shared much about the plot, but it's set to start before the main series' events in Los Angeles when a zombie outbreak happens. The show will introduce new characters and stories.

Cliff Curtis plays Sean Cabrera, a teacher with an ex-wife who share a son together. Kim Dickens stars as Nancy, a guidance counselor working at the same school as Sean and having a romantic relationship with him. Frank Dillane is cast as Nick, her son dealing with drug issues. Alycia Debnam Carey plays Ashley, Nancy's daughter who dreams of leaving Los Angeles for Berkeley before the world changes.

*Fear The Walking Dead* will premiere in late summer, with its second season set for 2016. An exact start date hasn't been given yet. The fifth season finale of *The Walking Dead* airs on Sunday at 9 p.m.",6.788
10,0,6,"The Hollywood Reporter reports that AMC's companion show to ""The Walking Dead"" now has a name: it will be called *Fear The Walking Dead*. Executive producer Robert Kirkman announced the title recently, noting that this series starts as a prequel.

During its development phase, the show was known by code names like Cobalt and *Fear The Walking Dead*. On March 9, AMC confirmed the show's pick-up for two seasons. 

Robert Kirkman, who created ""The Walking Dead"" comics, co-wrote the pilot with Dave Erickson from ""Sons of Anarchy."" They will both executive produce alongside Gale Anne Hurd and Dave Alpert from ""The Walking Dead."" Erickson will also be the showrunner, and Adam Davidson will direct the pilot. Greg Nicotero, known for his visual effects work on ""The Walking Dead,"" is another executive producer.

While AMC hasn't shared much about the story, it's set in Los Angeles at the beginning of a zombie outbreak. It focuses on new characters and stories.

Cliff Curtis plays Sean Cabrera, a teacher who shares a son with his ex-wife. Kim Dickens stars as Nancy, his romantic interest and co-worker at the school. Frank Dillane is Nick, Nancy's son struggling with drug issues. Alycia Debnam Carey plays Ashley, Nick’s ambitious sister who dreams of leaving Los Angeles when chaos hits.

*Fear The Walking Dead* will debut in late summer, with a second season planned for 2016. An official start date hasn't been announced yet. Meanwhile, the fifth season finale of ""The Walking Dead"" airs on Sunday at 9 p.m. 

© 2015 The Hollywood Reporter. All rights reserved.",6.889
10,0,8,"The Hollywood Reporter confirms that AMC's companion series to ""The Walking Dead"" now has a title: *Fear The Walking Dead*. Executive producer Robert Kirkman announced on Friday that this prequel will start as an introduction before the events of the original series.

During its development phase, the project was known by code names such as Cobalt and *Fear The Walking Dead* until AMC officially picked it up for production and even renewed it for a second season. On March 9, AMC revealed the series' pickup and renewal, though it hadn't yet been named at that time.

Kirkman, who created ""The Walking Dead"" comic series, co-wrote the pilot episode with Dave Erickson of *Sons of Anarchy*. They will be executive producing alongside Gale Anne Hurd and Dave Alpert from ""Walking Dead."" Erickson will serve as showrunner, while Adam Davidson will direct the pilot. Greg Nicotero, known for his visual effects work on ""The Walking Dead,"" will also executive produce.

Although AMC hasn't shared much about the series' premise, sources tell The Hollywood Reporter that it is a prequel set in Los Angeles at the start of the zombie outbreak. AMC confirms its setting and mentions it will focus on new characters and storylines.

Cliff Curtis stars as Sean Cabrera, a teacher who shares a son with his ex-wife. Kim Dickens, known for *Sons of Anarchy*, plays Nancy, a guidance counselor working at Sean's school and dating him. Frank Dillane portrays Nancy’s drug-addicted son, Nick. Alycia Debnam Carey will play Ashley, Nancy's ambitious daughter who wants to leave Los Angeles for Berkeley when chaos ensues.

*Fear The Walking Dead* is set to premiere in late summer, with season two scheduled for 2016. An official start date hasn't been announced yet. Meanwhile, the fifth season finale of ""The Walking Dead"" will air on Sunday at 9 p.m.",7.773
10,0,10,"The Hollywood Reporter reports that AMC's companion series to ""The Walking Dead"" now has a name: *Fear The Walking Dead*. Executive producer Robert Kirkman announced on Friday that this new series will begin as a prequel to the original.

During its development phase, which included being picked up for a series and renewed for a second season, the show was temporarily known by code names such as Cobalt and Fear The Walking Dead. On March 9, AMC revealed the series' pickup and renewal before it had an official title.

Robert Kirkman, who created ""The Walking Dead"" comic series, collaborated with Dave Erickson of ""Sons of Anarchy"" to co-write the pilot script. Both will serve as executive producers along with Gale Anne Hurd and Dave Alpert from ""Walking Dead."" Erickson is set to be the showrunner while Adam Davidson will direct the pilot. Greg Nicotero, known for his visual effects expertise on ""The Walking Dead,"" will also act as an executive producer.

While AMC has not disclosed much about the plot, sources inform The Hollywood Reporter that the drama unfolds in Los Angeles during the early days of a zombie outbreak. AMC confirmed this setting and mentioned that it will introduce new characters and storylines.

Cliff Curtis, known for ""Gang Related,"" stars as Sean Cabrera, a teacher with a shared son from his ex-wife. Kim Dickens, famous for her role in ""Sons of Anarchy,"" plays Nancy, a guidance counselor at the same school who is romantically involved with Sean. Frank Dillane, recognized for his role in *Harry Potter and the Half-Blood Prince*, co-stars as Nancy's son Nick, who struggles with drug addiction. Alycia Debnam Carey from ""Into the Woods"" portrays Ashley, Nick’s ambitious sister who dreams of escaping Los Angeles for Berkeley before the apocalypse.

*Fear The Walking Dead* is scheduled to premiere in late summer, with its second season planned for 2016. An official premiere date has not yet been announced. Meanwhile, the fifth season finale of ""The Walking Dead"" flagship series will air on Sunday at 9 p.m. © 2015 The Hollywood Reporter. All rights reserved.",8.622
10,0,12,"The Hollywood Reporter reports that AMC's companion to ""The Walking Dead"" has officially been named Fear The Walking Dead. Executive producer Robert Kirkman revealed this development on a Friday, noting the prequel series begins by exploring events prior to those in the original. Development of the series encountered various code names, including Cobalt and Fear The Walking Dead, before its confirmation and renewal for a second season.

On March 9, AMC announced both the series acquisition and its renewal despite lacking an official title at that time. Kirkman, renowned as the creator of ""The Walking Dead"" comic book series, collaborated with Dave Erickson—known for his work on Sons of Anarchy—to pen the pilot script. The duo will serve as executive producers alongside Gale Anne Hurd and Dave Alpert from ""The Walking Dead."" Erickson assumes the role of showrunner, while Adam Davidson is appointed to direct the pilot episode. Greg Nicotero, acclaimed for his visual effects expertise in ""The Walking Dead,"" also joins as an executive producer.

AMC has maintained a deliberate ambiguity regarding the series' premise; however, sources divulge that it unfolds in Los Angeles during the early stages of the zombie outbreak. The network confirms its Los Angeles setting and emphasizes its focus on introducing novel characters and storylines.

In the series, Cliff Curtis portrays Sean Cabrera, a teacher with shared paternity over a son with his ex-wife. Kim Dickens—familiar to fans from Sons of Anarchy—stars as Nancy, a school counselor romantically involved with Sean. Frank Dillane plays Nancy's son Nick, grappling with substance abuse issues, while Alycia Debnam Carey portrays Ashley, the determined and ambitious daughter who yearns for an escape to Berkeley amidst impending apocalypse.

Fear The Walking Dead is slated for a late summer premiere, with its second season set to air in 2016. An exact date for the debut has yet to be disclosed. Meanwhile, ""The Walking Dead"" flagship series will conclude its fifth season on Sunday at 9 p.m.

© 2015 The Hollywood Reporter. All rights reserved.",8.144
10,1,0,"Facebook is losing some people who use it every month in places like the US and UK. Many have signed up already there. People are trying new things like Instagram or Path, which lets you have only 150 friends.

In other countries such as Canada and Germany, fewer people visit Facebook too. But in Brazil and India, more people are using it. 

Even though Facebook is doing well with money from ads, some worry that younger folks might not use it much anymore because they like new apps on their phones instead of computers. The boss, Mark Zuckerberg, is making changes to make Facebook better for phone users.

Facebook will soon tell everyone how they did this year.",3.225
10,1,2,"Facebook lost some users each month in its biggest places because people found new online spots they like. As Facebook gets ready to tell investors how it did this year, people think it made more money than last year.

In countries like the US and UK, more people are not visiting Facebook as much. Last month, 6 million fewer visitors were on Facebook in the US, which is a small drop. In the UK, there were 1.4 million less visitors. 

This has been happening for a while now. Over six months, almost 9 million fewer visitors came to Facebook in the US and 2 million fewer in the UK.

Even in places like Canada, Spain, France, Germany, and Japan, where many people use Facebook, some are leaving too. A Facebook spokesperson didn't say anything about it.

Ian Maude from Enders Analysis said that in the US and UK, most people who wanted to join Facebook already have. Some people get bored and want to try new things. He thinks Facebook won’t become old like MySpace did, but there is a little chance it might.

Some other online places are getting more popular. For example, Instagram got 30 million users in just one and a half years before Facebook bought it. Path is another place that lets you have only 150 friends. It’s growing fast, adding 1 million users every week.

Facebook is still doing well in South America. In Brazil, visits went up by 6% last month to reach 70 million people. India also saw a small rise of 4% to 64 million, but there are many more people who could join.

But in other rich countries, some reports show that fewer people visit Facebook now. A group called Jefferies bank thinks the highest number of users was 1.05 billion a month in January and then it went down a little in February before going up again in April.

In the UK, almost 2 million visitors left since last December, so the total stayed about the same as last year. 

People in America are also spending less time on Facebook with their computers and more with smartphones and tablets. However, this might not make up for the time lost when people stop using Facebook on their computers.

Facebook will soon tell investors how it's doing. Investors want to know if more people are using Facebook on phones and if ads are helping the company earn as much money.

At the end of 2012, one out of every four dollars from Facebook ads came from mobile devices like phones and tablets. About 680 million people used Facebook on their phones each month then.

Facebook said it might be losing younger people to other apps that do similar things. To keep up with new trends for smartphones, Mark Zuckerberg created something called Facebook Home. It shows news and photos right on the main screen of some Android phones, along with ads.",11.276
10,1,4,"Facebook is seeing fewer people using it each month in big places like the US and UK because new social networks are becoming popular. As Facebook gets ready to tell investors about how well it did this year, some experts think its money-making might go up by 36% compared to last year. However, studies show that Facebook’s growth has stopped increasing in the US, UK, and other big European countries.

Recently, Facebook lost around 6 million people visiting from the US, which is a drop of 4%, according to a company called Socialbakers. In the UK, about 1.4 million fewer people visited in March, down by 4.5%. Over the past six months, it’s lost nearly 9 million visitors in the US and 2 million in the UK.

In countries like Canada, Spain, France, Germany, and Japan, where Facebook is very popular, more users are switching to other apps. A spokesperson from Facebook didn’t want to say anything about this.

“Most people who wanted to join Facebook have already done it,” said Ian Maude, a media expert at Enders Analysis. “Some get bored and want to try something new.” He thinks there’s a small chance that Facebook might become less popular like MySpace did.

Other social networks like Instagram, which shares photos, are getting more popular with younger people. Path, another app started by someone who used to work at Facebook, lets users have only 150 friends and is gaining about 1 million new users every week. Just recently, it reached over 9 million users worldwide, including a lot of people in Venezuela.

Facebook is still growing quickly in South America. Last month, the number of visitors from Brazil went up by 6% to 70 million, according to Socialbakers. India also saw an increase of 4% to 64 million people using Facebook every month, but that’s only a small part of its huge population.

In places where people have more money and technology, other experts are seeing fewer visitors on Facebook. Analysts at Jefferies bank used a special tool to check Facebook's numbers and noticed they might have dropped from their highest point in January. They think the number of users worldwide was about 1.05 billion per month but fell by 20 million in February.

In April, the numbers went back up, but in the UK, Facebook lost almost 2 million visitors since last December, according to a company called Nielsen. Overall, it has not grown compared to last year.

The time people spend on Facebook from computers is going down because more people use their phones and tablets instead. Even though the minutes spent using Facebook on smartphones doubled over a year ago, reaching 69 minutes per month, this might not make up for the loss of computer usage.

Facebook knows its own numbers best and will soon tell investors how well it did in this quarter. Investors are expecting that Facebook will earn about $1.44 billion, which is more than last year’s $1.06 billion.

People who own shares in Facebook want to know if the number of people using it on their mobile devices is growing fast enough to increase ads revenue. At the end of 2012, almost one-fourth of Facebook's ad money came from mobile users, and they had about 680 million mobile users each month.

In recent reports, Facebook warned that it might be losing younger users who are choosing different apps over Facebook. To try to keep up with apps made for phones instead of computers, Mark Zuckerberg, the person who started Facebook, is launching new things like Facebook Home. This lets people see news and photos from their friends on their phone’s main screen, along with ads.

This shows that while Facebook is still a big name online, it's facing challenges as other options become more popular.",14.779
10,1,6,"Facebook seems to be losing millions of users each month in its biggest markets as people explore new social networks. As it prepares to report its first-quarter performance, with a predicted revenue increase of 36% over last year, data indicates that growth has peaked in places like the US, UK, and other large European countries. Recently, Facebook lost about 6 million visitors from the US, a drop of 4%, according to Socialbakers. In the UK, it saw a decrease of 1.4 million users or 4.5%. Over six months, nearly 9 million monthly visitors in the US and 2 million in the UK have been lost.

This trend isn't just limited to these countries; similar patterns are seen in Canada, Spain, France, Germany, and Japan. A Facebook spokeswoman declined to comment on this issue. 

Ian Maude from Enders Analysis explained that most people who wanted to join Facebook in the US and UK already did so. He mentioned a boredom factor where people prefer trying new things. While it's unlikely Facebook will fade like MySpace, there is still some risk.

New social networks are gaining attention, especially among younger users. Instagram, known for photo sharing, gained 30 million users in just 18 months before being acquired by Facebook. Path, created by a former Facebook employee, limits its members to 150 friends and has grown rapidly, reaching nearly 9 million users recently. 

However, Facebook continues to grow quickly in South America. For example, monthly visitors in Brazil increased by 6% last month, hitting 70 million, while India saw a 4% rise to 64 million users.

In developed markets, other sources also report user declines. Analysts at Jefferies bank found that global numbers peaked at 1.05 billion monthly in January before dropping by 20 million in February and rising again in April. Meanwhile, Nielsen's research shows Facebook has lost nearly 2 million UK visitors since December.

The amount of time Americans spend on Facebook seems to be decreasing as well. Minutes spent dropped from 121 billion in December 2012 to 115 billion in February according to comScore. As people use more smartphones and tablets, the time they spend on Facebook via personal computers is falling fast.

While mobile usage has doubled over a year, reaching 69 minutes per month, it’s not certain this growth will make up for less desktop activity.

Facebook, as the most reliable source of its user data, plans to update investors about its quarterly performance. Wall Street expects revenues around $1.44 billion, compared to $1.06 billion last year. Investors are curious to know how quickly Facebook's mobile user base is growing and if advertising revenue matches this growth. By the end of 2012, nearly a quarter of Facebook’s ad income came from mobile users, totaling 680 million monthly.

In recent filings, Facebook warned it might be losing younger users to similar services. In response, Mark Zuckerberg has introduced new initiatives to attract smartphone users, like Facebook Home for Android phones that display news and photos directly on the home screen.",12.184
10,1,8,"Facebook is seeing a decline in its number of users each month in key markets like the US, UK, and parts of Europe. As Facebook gets ready to share its quarterly performance with investors, analysts predict a 36% increase in revenue compared to last year. However, data suggests that growth in these major regions has reached its peak.

In the past month alone, Facebook lost about 6 million visitors in the US, representing a 4% drop, according to Socialbakers, an analysis firm. Similarly, in the UK, there were 1.4 million fewer users in March, which is a decrease of 4.5%. Over six months, nearly 9 million monthly visitors have left Facebook in the US and about 2 million in the UK.

This trend extends to other countries like Canada, Spain, France, Germany, and Japan where Facebook has significant followings. A spokesperson from Facebook chose not to comment on these developments.

Ian Maude, a new media specialist at Enders Analysis, suggests that many people who wanted to join Facebook have already done so in places like the US and UK. He points out that users might be seeking something new because of boredom. Although it's unlikely that Facebook will completely follow MySpace's decline into obscurity, there is still some risk.

Younger audiences are increasingly attracted to alternative social networks. Instagram, a photo-sharing platform that gained 30 million users in just 18 months before being acquired by Facebook, has become very popular among younger people. Path, another mobile-based social network started by an ex-Facebook employee, restricts its members to 150 friends and is gaining 1 million new users every week.

Meanwhile, Facebook's growth continues in South America. In Brazil, monthly visitors increased by 6% last month to reach 70 million, according to Socialbakers. India also saw a 4% rise to 64 million users, although this is still only a small portion of the country’s population, suggesting potential for further expansion.

In developed markets, other sources tracking Facebook indicate user declines. Analysts at Jefferies bank have observed that global monthly active users peaked at 1.05 billion in January and then dropped by 20 million in February before rising again in April. According to Nielsen, the UK has seen a loss of nearly 2 million visitors since December.

The amount of time Americans spend on Facebook seems to be decreasing as well. In December 2012, there were 121 billion minutes spent on the site, but this fell to 115 billion by February, according to comScore.

Facebook acknowledges that users are spending less time on its platform when using personal computers because many have shifted their screen time to smartphones and tablets. Although usage on mobile devices has doubled in a year to 69 million minutes per month, it's uncertain if this will make up for the drop in desktop use.

Investors will be interested in learning about Facebook’s growth in mobile users and whether advertising revenue is keeping pace during its upcoming performance update. Mobile accounted for nearly one-quarter of Facebook's ad income by the end of 2012, with 680 million monthly mobile users reported at that time.

Facebook has cautioned investors that it might be losing younger users to other platforms offering similar services. In response, founder Mark Zuckerberg has launched initiatives aimed at appealing more to smartphone users. One notable project is Facebook Home, software for certain Android phones that displays news and photos from friends directly on the home screen, along with advertisements.",13.646
10,1,10,"Facebook is experiencing a decline in its user base across major markets like the US, UK, and parts of Europe. Despite preparing for an investor update where revenue growth is expected at 36% compared to last year, studies indicate that Facebook's expansion has plateaued. Recent data shows a loss of 6 million visitors from the US over one month, marking a 4% decrease according to Socialbakers. Similarly, in the UK, there was a drop of 1.4 million users in March, or 4.5%. Over six months, the US saw nearly 9 million fewer monthly visitors, with the UK losing 2 million.

The trend extends beyond these countries to Canada, Spain, France, Germany, and Japan. While Facebook chose not to comment on this decline, new media specialist Ian Maude from Enders Analysis suggests that in markets like the US and UK, most people who wanted to join Facebook have already done so, leading them to explore other platforms due to boredom.

Alternative social networks such as Instagram, which gained 30 million users within 18 months before being acquired by Facebook, are drawing younger demographics. Path, a mobile-focused network that limits users to 150 friends and was founded by former Facebook employee Dave Morin, is rapidly gaining popularity with a weekly increase of 1 million users.

Despite these declines in developed markets, Facebook continues to grow in regions like South America, where Brazil saw a 6% rise in monthly visitors to 70 million. India also experienced a 4% increase to 64 million users, suggesting potential for further growth due to its large population.

However, data from other tracking sources suggests global user numbers might have peaked at 1.05 billion per month in January before falling by 20 million in February. The UK has seen nearly 2 million fewer visitors since December, with the total number remaining stagnant compared to last year.

In the US, the time spent on Facebook seems to be decreasing, with a drop from 121 billion minutes in December 2012 to 115 billion minutes in February according to comScore. A shift in user habits is evident as people spend more time on smartphones and tablets rather than personal computers. While smartphone usage has doubled over a year, reaching an average of 69 minutes per month, this increase might not fully offset the decline in desktop use.

Facebook remains the most reliable source for its own statistics and will soon update investors about its performance. Wall Street anticipates revenues of about $1.44 billion, up from $1.06 billion in 2012. Investors are particularly interested in how quickly Facebook's mobile user base is expanding and whether advertising revenue growth matches this pace.

By the end of 2012, nearly a quarter of Facebook’s advertising income came from mobile users. The network reported having 680 million monthly mobile users at that time. Facebook has acknowledged concerns about losing younger audiences to competing services designed for mobile use. In response, founder Mark Zuckerberg initiated several initiatives aimed at enhancing the platform's appeal on smartphones. A significant development is Facebook Home, an application for certain Android phones that delivers news and photos from friends directly onto the device’s home screen.",12.465
10,1,12,"Facebook's user base in its principal markets has experienced notable attrition over recent months, according to independent data, as burgeoning alternative social networks captivate users seeking novel digital experiences. As Facebook readies itself to brief investors on the financial outcomes for the initial quarter of this year—with analysts projecting a revenue increase of 36% compared to the previous year—research indicates that its expansion in pivotal regions like the United States, the United Kingdom, and other major European nations has reached its zenith. In the past month alone, the world's preeminent social media platform witnessed a decline of six million U.S. visitors, representing a 4% decrease as reported by analysis firm Socialbakers. Similarly, in the UK, there was a reduction of 1.4 million users checking in during March, marking a 4.5% drop. These trends are consistent; over the preceding half-year, Facebook's monthly U.S. visitors have diminished by nearly nine million and by two million in the UK.

Declines are also evident in other regions where Facebook boasts substantial followings, including Canada, Spain, France, Germany, and Japan. A representative from Facebook abstained from commenting on these developments.

""Ian Maude of Enders Analysis, a specialist in new media, notes, 'The issue in both the U.S. and UK is that most individuals who are inclined to join Facebook have already done so.' He adds, 'There's an element of ennui prompting people to explore fresh platforms. Could Facebook follow MySpace into obsolescence? While the risk remains minimal, it cannot be dismissed outright.'""

Emerging social networks, such as Instagram—a photo-sharing platform that amassed 30 million users within 18 months prior to its acquisition by Facebook—have enjoyed heightened popularity, particularly among younger demographics.

Meanwhile, Path, a mobile-centric social network founded by ex-Facebook executive Dave Morin and limited to 150 friends per user, is gaining traction with an influx of one million new users weekly. Recently, it surpassed nine million total users, achieving remarkable growth in Venezuela, where half a million residents downloaded the app during a single weekend.

In contrast, Facebook continues its robust expansion in South America. Socialbakers reports that monthly visits in Brazil increased by 6% last month to reach 70 million—data pivotal for advertisers using the platform. India has witnessed a 4% surge to 64 million users—a modest fraction of its vast population, suggesting potential for further growth.

However, other Facebook analytic tools indicate declining user numbers in mature markets. Analysts at Jefferies Bank have devised an algorithm interfacing directly with Facebook software, indicating that first-quarter user levels may have dipped from their peak. Their data shows global monthly users peaked at 1.05 billion in January before falling by 20 million in February, then experiencing a subsequent rise in April.

According to Nielsen's research, the UK has seen nearly two million fewer visitors since December, with its total remaining stagnant compared to the previous year. Moreover, U.S. engagement on Facebook appears to be waning; minutes spent decreased from 121 billion in December 2012 to 115 billion by February 2013, per comScore data.

As Facebook has acknowledged, time allocated to its web pages is dwindling as users shift their screen activity toward mobile devices—a trend that threatens to outpace growth in smartphone engagement. While mobile minutes have doubled over the past year to 69 minutes monthly, this increment may not adequately counterbalance declining desktop usage.

Facebook remains the most authoritative entity concerning its user metrics and will update investors on quarterly performance. Wall Street anticipates revenues around $1.44 billion, a significant increase from $1.06 billion in 2012. Investors are particularly interested in the expansion rate of Facebook’s mobile user base and whether advertising revenue growth parallels this trend.

At year's end 2012, mobile usage constituted nearly a quarter of Facebook's advertising revenue, with an estimated 680 million monthly users on mobile platforms. Recent stock filings indicate potential attrition among younger demographics to competing products or services that resemble or substitute for Facebook.

Recognizing the threat from competitors designed inherently for mobile rather than PC, founder Mark Zuckerberg has spearheaded new initiatives aimed at engaging smartphone users. The most significant is Facebook Home—a software available for certain Android devices that integrates news and photos from friends—and advertising—onto the user's home screen upon unlocking their device.",17.071
10,2,0,"Stephanie went on a fun trip to a big place called Los Angeles in California. This place is by the ocean where lots of famous people live. There are many cool places to see about movies and stars.

In Hollywood, there is a big sign with the word ""Hollywood"" made from huge letters. Stephanie walked along a special path called the Walk of Fame that has lots of shiny star markers for famous movie stars.

Stephanie also visited Universal Studios where they make her favorite movies! It was exciting to see how movies are made.

Los Angeles is great for beaches too. There's a beach with a fun place called Santa Monica Pier, where there are rides and games. Stephanie rode on a big wheel that gave her a wonderful view of the ocean and the city.

Stephanie had lots of fun in Los Angeles. She loved it so much she wants to go back one day!",3.721
10,2,2,"Stephanie went on a weekend trip to Los Angeles in California. Los Angeles is by the Pacific Ocean. Many famous people became stars here. There are lots of fun places to see related to Hollywood. But there's more to visit in Los Angeles, too.

Many things about Hollywood make people want to come visit. The Hollywood Sign sits up high in the hills near Santa Monica. It's a well-known landmark for this city full of stars. In downtown Hollywood, you can walk along the Hollywood Walk of Fame. This special place has more than 2500 shiny brass stars. They are for famous people who have done great things in movies and TV shows.

In Hollywood, visitors like Stephanie can go on tours at movie studios. Stephanie got to visit Universal Studios where her favorite films are made.

Los Angeles is also a beach town. There's lots of fun activities like sunbathing and surfing. A popular spot is the Santa Monica Pier. It has rides and games. Stephanie rode an amazing Ferris wheel there. She saw a great view of the city and ocean from up high.

Stephanie had so much fun on her trip to Los Angeles. She loved it and wants to go back soon.",4.833
10,2,4,"Stephanie recently visited Los Angeles, California, for a weekend. This coastal city is by the Pacific Ocean. Many famous people became well-known here. While Hollywood culture attracts many visitors, there are lots of other places to see in Los Angeles.

Hollywood attractions are very popular with tourists. The Hollywood Sign stands on the hills in the Santa Monica Mountains and is a famous landmark for this city full of stars. In downtown Hollywood, you can walk along the Hollywood Walk of Fame. This special place has more than 2,500 brass stars honoring celebrities who have done great things in movies and TV shows. Stephanie even visited Universal Studios to see where her favorite films are made.

Los Angeles is also known for its beaches. People love sunbathing and surfing there. A popular beach spot is the Santa Monica Pier, which has rides and fun activities. At this pier, Stephanie enjoyed a ride on the famous Ferris wheel. It gave her an amazing view of the city and ocean.

These were just some highlights from Stephanie's trip to Los Angeles. She really loved it and wants to go back soon!",4.432
10,2,6,"Stephanie went on a weekend trip to Los Angeles, California. This coastal city is by the Pacific Ocean. Many famous people became famous here. Although Hollywood attractions are popular, there's much more to see in Los Angeles.

All things related to Hollywood attract tourists. The Hollywood Sign, found in the Santa Monica Mountains, marks this star-filled town. In downtown Hollywood, you can walk along the Hollywood Walk of Fame. This place has over 2500 brass stars for celebrities who have made big names in entertainment. Visitors like Stephanie can also tour movie studios such as Universal Studios, where her favorite films are made.

Los Angeles is a beach city too, perfect for sunbathing and surfing. The Santa Monica Pier is a popular spot with rides and fun activities. There, Stephanie rode the famous Ferris wheel, enjoying amazing views of the city and ocean.

These were just some experiences from Stephanie's trip to Los Angeles. She loved her visit and hopes to go back soon.",3.948
10,2,8,"Stephanie recently visited Los Angeles, California, over a weekend. Located on the Pacific Ocean's coast, this famous city is where many celebrities became well-known. Los Angeles has lots of attractions related to Hollywood culture, but there are also many other things to see and do.

Hollywood-related places attract many tourists. The Hollywood Sign stands in the Hollywood Hills of the Santa Monica Mountains, marking this city known for stars. In downtown Hollywood, you can walk along the Hollywood Walk of Fame. This spot features over 2,500 brass stars honoring famous people who made big impacts on entertainment. Visitors like Stephanie can also take tours of movie studios. She even got to visit Universal Studios, which makes some of her favorite films.

Los Angeles is also known as a beach town with great spots for sunbathing and surfing. A popular beach destination is the Santa Monica Pier, where people enjoy rides and fun attractions. At the pier, Stephanie rode an iconic Ferris wheel and saw amazing views of the city and coastline.

These were just some highlights from Stephanie's trip to Los Angeles. She loved her visit and hopes to go back soon.",4.508
10,2,10,"Stephanie recently took a weekend trip to Los Angeles, California, a coastal city located along the Pacific Ocean. Known for its connection to many celebrities who gained fame here, Los Angeles offers numerous attractions linked to Hollywood culture, but there's much more to explore in this vibrant city.

Hollywood-related sites are especially popular among tourists. The famous Hollywood Sign stands atop the Santa Monica Mountains' Hollywood Hills, marking this town as a hub of stardom. In downtown Hollywood, visitors can walk along the Hollywood Walk of Fame, which features over 2,500 brass stars honoring celebrities who have significantly influenced the entertainment industry. Additionally, Stephanie took advantage of an opportunity to tour Universal Studios, renowned for producing many films she loves.

Los Angeles also shines as a beloved beach town, providing ample chances for sunbathing and surfing. The Santa Monica Pier is a popular spot here, offering various rides and attractions. Stephanie enjoyed riding the iconic Ferris wheel at the pier, which provided her with breathtaking views of both the city and coastline.

These are just some highlights from Stephanie's visit to Los Angeles. She thoroughly enjoyed her trip and hopes to return soon.",4.581
10,2,12,"Stephanie recently embarked on an exploratory weekend sojourn to Los Angeles, California, a coastal metropolis nestled along the Pacific Ocean. This vibrant city has long served as a crucible for celebrity fame and is replete with attractions steeped in Hollywood culture. Beyond its cinematic allure, Los Angeles offers a plethora of sites worth exploring.

Undoubtedly, all facets associated with Hollywood draw considerable tourist interest. Among them stands the illustrious Hollywood Sign perched atop the Hollywood Hills within the Santa Monica Mountains, a renowned emblem of this luminary city. A visit to downtown Hollywood facilitates an opportunity to wander along the famed Hollywood Walk of Fame, which boasts over 2,500 brass stars commemorating celebrities who have significantly influenced the entertainment industry. Moreover, visitors can immerse themselves in guided tours of eminent movie studios. Stephanie seized the chance to tour Universal Studios, renowned for producing films she adores.

In addition to its Hollywood allure, Los Angeles is celebrated as a quintessential beach destination, offering ample opportunities for sunbathing and surfing. A prevalent choice among beach-goers is the Santa Monica Pier, an iconic locale teeming with rides and attractions. Here, Stephanie experienced the iconic Ferris wheel, from which she gained breathtaking vistas of both the cityscape and coastal expanse.

These are merely a few highlights of Stephanie's enriching experience during her visit to Los Angeles—a trip she cherished deeply and hopes to revisit in the near future.",5.635
12,0,0,"Miami is warm with lots of sunshine. Many people there like to relax after work, and many families come from Cuba.

Jorge Pérez wants Miami to have famous art shows too. He's a rich person who knows a lot about houses and art. He gave $40 million, some of it from his own paintings, to help start the PAMM museum. This museum has a special name in Spanish!

Now, more people know about Miami for its art.

There was an old village found in Miami too! Downtown Miami is changing fast. A soccer player named David Beckham wants to build a big place for his team there. There's also a big art show called Art Basel that lots of people come to see.

Jorge Pérez thinks his museum will make Miami even better. He says museums help cities grow and become famous.

Before, Jorge worked on houses for families who needed help. Later, he made fancy places for rich people to live. People thought he was very important, so they wrote about him in a magazine. Jorge came from Argentina to Miami when he was young because his parents were Cuban. He loves art from Latin America.

When Jorge was younger, he started collecting beautiful paintings. Now, 110 of his favorite paintings are at the museum for everyone to see! The museum is very big and has huge windows that can stay safe even in a storm.

Inside the museum, there are special gardens growing up on walls without dirt. The museum shows art from now and long ago. It also displays cool works by an artist named Ai Weiwei.

The PAMM museum is at Museum Park with another place for learning science soon opening too. Some people did not like naming it after Jorge Pérez, but most board members thought it was a good idea. They gave the museum lots of money and land.

Jorge feels happy that his name is on the museum because he helped make it happen. Naming museums after people who give lots of money happens in other places too.

Now, Miami has many science and art spots thanks to generous gifts. The Pérez Art Museum needs more help from people so it can reach its goal!",8.707
12,0,2,"Miami is known for warm weather, retirees, and lots of people from Cuba. But now, it's becoming famous for art too! A rich man named Jorge Pérez wants to make downtown Miami a place where everyone talks about art.

Jorge gave $40 million to the Pérez Art Museum in Miami (PAMM). This museum is special because its name is Hispanic. With his help, Miami can be known for more than just sun and beaches!

A long time ago, people lived here. Now, downtown Miami is changing a lot. Soccer star David Beckham wants to build a stadium there. Every year, lots of people come to Art Basel in Miami Beach to see art from all over the world.

Jorge hopes his museum will help Miami grow even more. He says museums are very important for the city's growth.

Before Jorge became famous as a big builder in Florida, he worked on making homes for families who did not have much money. Later, he started a company that built fancy apartments.

In 2005, TIME magazine said Jorge was one of the most important Hispanic people in America. He has also been called one of the richest Americans by Forbes magazine.

Jorge was born in Argentina but grew up in Colombia and moved to Miami when he was young. He loves art from Latin America because it reminds him of his family.

When he was young, Jorge started collecting paintings by famous artists like Roberto Matta and Diego Rivera. Now, many people can see 110 of these artworks at PAMM, a big building made by famous architects.

Inside the museum, there are huge windows that stay strong even in storms. There are also special gardens on the walls!

PAMM shows art from all over the world. It's part of Museum Park and is next to another museum about science.

Some people did not agree when they named the museum after Jorge. They thought it should have a different name because the city helped build it with money from taxpayers. But most board members said yes, and now the museum honors Jorge for his help.

Jorge feels honored that the museum carries his name. He wants to be remembered for supporting art.

Even though some people disagreed about naming PAMM, everyone knows downtown Miami is a place where both science and art are important. The museum has already gotten most of its money goal, so it's doing great!",9.596
12,0,4,"Miami is famous for its warm weather, many retirees, and Cuban-American culture. But people don’t know much about its art scene. Thankfully, billionaire real estate developer Jorge Pérez wants to change that.

Jorge Pérez donated $40 million to the Pérez Art Museum Miami (PAMM), with half coming from his own art collection. This makes PAMM one of the few major museums in the U.S. with a Hispanic name. Now, people see Miami as an important place for art too.

Right now, downtown Miami is changing big time. Soccer star David Beckham plans to build a stadium there for his new team. Also, the Art Basel fair draws lots of visitors each year for five days, making it one of the top art events in America.

Jorge Pérez hopes his museum will raise Miami’s status even more. He says museums help cities grow. Before becoming famous as the Condo King of South Florida, he worked on housing projects for people who need affordable homes. Later, he co-founded a real estate company that built high-end condos.

In 2005, TIME magazine called him one of the top 25 most influential Hispanics in the U.S., and Forbes named him among America's richest people many times. Born in Argentina to Cuban parents, Pérez grew up in Colombia before moving to Miami as a teenager. He loves Latin American art because it reminds him of his childhood.

In his twenties, he began collecting works by artists like Roberto Matta and Diego Rivera. Now, 110 pieces from his collection are on display at the museum's three-story building. Designed by famous architects Herzog & de Meuron, this $220 million structure has huge glass windows that can withstand hurricanes. The museum also features unique gardens made by Patrick Blanc.

PAMM shows modern art and is a big part of Museum Park. This park will soon have another museum for science too. Opening PAMM last year went smoothly, except for a small problem: what to call it. Most board members agreed to name it after Pérez, but four disagreed because the city helped fund the project.

Jorge Pérez has been involved with the museum since before construction began and is glad they chose to honor him in this way. He says people often want their names linked to good causes. Interestingly, when a science museum was renamed for its donors without much fuss, it showed that Miami values its art museums more than its science ones.

Jorge Pérez’s contribution is special because he's the first big donor from the Hispanic community. Other U.S. art museums named after donors, like The J. Paul Getty Museum in Los Angeles, haven’t caused any trouble.

While naming can be tricky, it’s clear that downtown Miami is becoming a hub for both science and art, thanks to generous donations. PAMM is doing well on its fundraising goals, hitting 90% of what they need for their $220 million campaign.",11.705
12,0,6,"Miami is famous for its warm weather, many retirees, and Cuban-American culture. But not so much as an international art center. Luckily, Jorge Pérez, a wealthy real estate developer, wants to change that.

Jorge Pérez gave $40 million to the Pérez Art Museum Miami (PAMM), with half coming from his private art collection. This museum is special because it's one of the few major U.S. institutions named after Hispanic people. His donation aims to put Miami on the map as an art hub.

Downtown Miami is changing fast. Soccer star David Beckham plans a stadium for his new team, and Art Basel, a big international art event, draws thousands every year. Jorge Pérez hopes his museum will help take Miami's cultural scene to the next level.

Cultural places like museums have been important in Miami’s growth. Pérez told CNN that PAMM is a leading example. Before he became known as the ""Condo King of South Florida,"" he worked on projects for low-income housing.

He co-founded The Related Group, focusing on luxury condos in the 1980s. TIME magazine recognized him as one of the top Hispanic leaders in America in 2005. He has also been listed among the richest Americans by Forbes and is the only Latino immigrant to do so.

Jorge Pérez was born in Argentina with Cuban parents, grew up in Colombia, and moved to Miami as a teenager. His love for Latin American art began early on. In his 20s, he started collecting works by artists like Roberto Matta and Diego Rivera.

Now, 110 pieces from his collection are displayed at PAMM, which is built with huge hurricane-resistant glass windows. The museum also features beautiful gardens designed to water themselves.

PAMM focuses on modern art and currently shows Ai Weiwei's ""According to What?"" exhibit. It’s a highlight in Museum Park, home to other attractions like the upcoming Frost Museum of Science.

There was some controversy over naming the museum after Pérez. Although most board members agreed, four resigned, arguing it should reflect Miami's central art presence since much public money and land were used. But Pérez says many on the 47-member board supported his name for its recognition.

Pérez has been involved with PAMM from the start and feels honored by the decision. Naming buildings after donors is common in museums, like the Getty Museum in Los Angeles. Gillian Thomas of the Frost Museum points out that people have strong opinions about art compared to science, but Pérez's name brings pride to Miami’s Hispanic community.

Jorge Pérez is one of the first major Hispanic donors to an American museum. Despite some controversy, PAMM has successfully reached 90% of its funding goal in a $220 million campaign. This shows that people support Miami's growth as a center for both science and art.",11.586
12,0,8,"Miami is famous for its warm weather, retirees, and Cuban-American culture, but not so much as an art center. However, Jorge Pérez, a wealthy real estate developer, wants to change that.

Jorge Pérez donated $40 million, including pieces from his private art collection, to the Pérez Art Museum Miami (PAMM). This museum is one of few major institutions in the U.S. with a Hispanic name and aims to put Miami on the art map.

Downtown Miami is also seeing significant changes. Soccer star David Beckham plans to build a stadium there for his new soccer team. Meanwhile, the international art event Art Basel has been drawing tens of thousands to Miami Beach for over ten years, making it one of the top art fairs in the country.

Pérez believes his museum will elevate Miami's status. In an interview with CNN, he mentioned that cultural institutions are vital to Miami’s growth, and PAMM is a key example.

Before becoming known as South Florida's ""Condo King,"" Pérez started as an urban planner focusing on low-income housing. He later co-founded The Related Group of Florida, working in high-end condo construction during the 1980s. In 2005, TIME magazine recognized him as one of the top 25 most influential Hispanics in the U.S.

Pérez has also appeared several times on Forbes' list of the 400 richest Americans, standing out as the only Latino immigrant to do so. Born in Argentina to Cuban parents and raised in Colombia, he moved to Miami as a teenager. His passion for Latin American art began early; he collected works by artists like Roberto Matta and Diego Rivera.

Pérez’s $40 million gift includes 110 pieces from his collection displayed at PAMM, designed by the renowned Swiss architects Herzog & de Meuron. The three-story museum features massive hurricane-resistant glass windows and hydroponic gardens created by French landscape artist Patrick Blanc.

The museum showcases international art from the 20th and 21st centuries, including works by Chinese artist Ai Weiwei. PAMM is located in what was once Bicentennial Park but is now Museum Park, also home to the Patricia and Phillip Frost Museum of Science, set to open in 2015.

Naming the museum after Pérez had its challenges; some board members resigned over it, preferring ""Miami Art Museum."" The majority voted for PAMM, despite $100 million of the funds coming from local taxpayers. Pérez has been involved with the museum since before construction and feels honored by the naming decision.

While there was controversy here, another Miami museum changed its name to honor a major donor without backlash. Gillian Thomas, CEO of the Frost Museum of Science, notes that art often sparks more debate than science when it comes to naming rights.

Pérez’s contribution is significant, especially as he is the first major Hispanic donor in this context. Other museums named after donors, like The J. Paul Getty Museum, haven’t faced similar issues. Miami’s growing reputation as a hub for both science and art ensures continued support, with PAMM reaching 90% of its $220 million funding goal.",12.652
12,0,10,"Miami is recognized for its tropical climate, vibrant retiree community, and significant Cuban-American population, but less so as an international art hub. Jorge Pérez, a billionaire real-estate developer and art enthusiast, aims to change this narrative with his contributions.

Pérez donated $40 million to the Pérez Art Museum Miami (PAMM), half from his private collection, making it one of few major U.S. institutions with a Hispanic name. This effort is part of a broader revitalization in downtown Miami, which includes David Beckham's plans for a soccer stadium and Art Basel, an international art fair drawing tens of thousands annually.

Cultural institutions have been pivotal to Miami’s growth, according to Pérez, who shared his vision in an interview with CNN. He transitioned from urban planning focused on low-income housing to founding The Related Group of Florida, specializing in high-end condos. TIME magazine recognized him as one of the top 25 influential Hispanics in the U.S., and he repeatedly appeared on Forbes' list of wealthiest Americans.

Born to Cuban parents in Argentina and raised in Colombia, Pérez moved to Miami as a teenager. His passion for Latin American art began early, collecting works by notable artists like Roberto Matta and Diego Rivera. These collections now form part of PAMM's offerings.

The museum itself is an architectural marvel, designed by Herzog & de Meuron, with unique features such as the world’s largest hurricane-resistant glass windows and hydroponic gardens. It houses 20th and 21st-century international art, including Ai Weiwei’s *According to What?* collection.

Located in what was once Bicentennial Park, now Museum Park, PAMM is set among other cultural attractions like the upcoming Patricia and Phillip Frost Museum of Science. Despite its successful opening, naming the museum after Pérez sparked debate. While most board members supported it, some opposed due to substantial public funding involved.

Pérez’s involvement with the museum dates back before construction began, and he expressed honor at being recognized in such a manner. The decision reflects Miami's commitment to honoring significant donors, similar to how Patricia and Phillip Frost were honored by the science community.

Naming rights often spark varied reactions; art evokes personal opinions while science is more factual. However, naming PAMM after Pérez carries cultural significance for Miami’s Hispanic community. Despite initial controversy, support for PAMM remains strong, as it nears completion in its fundraising efforts.",9.987
12,0,12,"Miami, renowned for its tropical climate, retiree community, and Cuban-American cultural influence, is poised to emerge as a notable international art nexus. This transformation owes much to billionaire real estate developer Jorge Pérez, who aims to elevate the city's artistic stature.

Pérez, an aficionado of both real estate and art, has generously donated $40 million—half from his personal art collection—to establish the Pérez Art Museum Miami (PAMM). As one of the few major U.S. institutions bearing a Hispanic name, PAMM symbolizes Miami's burgeoning role on the global cultural stage.

Amidst this artistic renaissance, downtown Miami experiences significant revitalization, exemplified by David Beckham's plans to construct a stadium for his new soccer team. Concurrently, Art Basel, an esteemed international art and fashion event held annually in Miami Beach, draws thousands to its five-day showcase of 130 international museums and institutions.

Pérez envisions the museum as a catalyst propelling Miami into an elevated cultural echelon. Historically pivotal cultural institutions, including PAMM, have significantly contributed to the city's growth. Pérez, once dubbed the ""Condo King"" for his real estate ventures in South Florida, began his career as an urban planner focusing on low-income housing before co-founding The Related Group of Florida, specializing in upscale condominiums during the 1980s.

In recognition of his influence, TIME magazine named him one of the top 25 most influential Hispanics in the U.S. in 2005. Pérez, a 64-year-old billionaire born to Cuban parents in Argentina and raised in Colombia before relocating to Miami as a teenager, has consistently appeared on Forbes' list of America's wealthiest individuals—the sole Latino immigrant recipient.

His profound appreciation for Latin American art stems from his upbringing. Beginning in his early twenties, Pérez amassed works by notable artists like Roberto Matta, Diego Rivera, Wifredo Lam, and Joaquín Torres-García. Presently, 110 pieces from his collection grace the walls of PAMM's expansive three-story facility, spanning 200,000 square feet.

Designed by the esteemed Swiss architects Herzog & de Meuron, who won the prestigious Pritzker Prize, the $220 million museum boasts impressive hurricane-resistant glass windows and 70 hydroponic gardens crafted by renowned French landscape artist Patrick Blanc. The museum focuses on showcasing international art from the 20th and 21st centuries, including a notable exhibit featuring Chinese artist-activist Ai Weiwei.

PAMM stands as a centerpiece within Museum Park (formerly Bicentennial Park), which will soon host the Patricia and Phillip Frost Museum of Science. Despite a largely smooth opening, PAMM encountered minor controversy over its naming. While most board members supported honoring Pérez, four resigned in protest, arguing that city and county taxpayer contributions warranted recognition.

Nonetheless, with 43 out of 47 board votes endorsing the name change, Pérez expressed pride in this acknowledgment, emphasizing his long-standing commitment to the museum. This scenario echoes a similar, yet less contentious, renaming of Miami's Science Museum following substantial donor contributions.

The decision underscores a distinct sensitivity surrounding art-related naming rights compared to scientific institutions. Naming PAMM after Pérez holds particular significance for the Hispanic community and highlights its first major contribution from this demographic.

Like other American museums named after benefactors—such as The J. Paul Getty Museum in Los Angeles—Pérez's legacy through PAMM underscores Miami's growing prominence in the cultural sphere, a testament to the city's vibrant artistic evolution supported by substantial philanthropic efforts.",14.386
12,1,0,"Luis Aragones is called the wise man from Madrid. He helped Spain become one of the best teams in world football.

Luis passed away at 75 years old. He was a coach who led his team to win a big tournament in 2008, which was their first big win after many years.

His friend Vicente kept playing with the same style and won more games in 2010 and 2012.

Vicente said he liked Luis very much and didn't know he was sick. Atletico Madrid, where Luis played for ten years, missed him a lot.

Luis also coached Atletico to win some big matches and cups. He was loved by many people because he was kind and a good friend.

After coaching in Turkey, Luis said goodbye to football. In the end, he got very sick and passed away.

People all over remembered Luis as one of the greatest in football history. Real Madrid, his old rival, also missed him because he was part of their team once before.

Luis liked how Barcelona played with quick passes. He used many Barcelona players for Spain's team too.

Luis will always be a big name in football and many people are thankful for all he did.",5.324
12,1,2,"Luis Aragones, known as the wise man from Hortaleza in Madrid, helped Spain become one of the best at soccer. He passed away at 75 years old.

Aragones led Spain's team to win their first big trophy in 40 years when they got the European Championship title in 2008. His friend Vicente del Bosque kept up this success by using Aragones' style, winning both the World Cup in 2010 and the European crown again in 2012.

Vicente said he felt thankful for Aragones and was sad to hear about his health problems. Atletico Madrid showed their love on their website, saying Aragones always stayed with them. He played there from 1964 to 1974 and later coached the team four times, winning a big league title in 1977 and three Spanish Cup trophies.

Aragones was also great at Getafe, where he started playing soccer in 1957. His last job coaching was at Fenerbahce in Turkey until 2009. He then said goodbye to his coach career. Recently, he went to the hospital with a serious illness but did not get better.

He will be buried privately this Sunday. Atletico Madrid will remember him by pausing quietly before their game against Real Sociedad.

Barca's leader, Josep Maria Bartomeu, shared his sadness at losing such an amazing coach and person. He said Barca was lucky to have Aragones once when they won the Spanish Cup in 1987-88.

Aragones liked how Barca played with quick passes, a style made famous by Johan Cruyff and Pep Guardiola. This is why he picked many Barca players for Spain's team.

Even though Aragones had some time playing for Real Madrid's big rival Atletico, his heart stayed in Madrid. His friend Florentino Perez from Real Madrid said losing Aragones makes everyone sad who loves soccer. He was a great leader and helped make Spanish soccer proud.

The only problem he faced was when he said something to motivate his team about France's Thierry Henry during practice in 2004. It seemed like a racial comment, so the soccer leaders fined him. But Aragones explained it wasn't meant as an insult and apologized. 

Aragones will be remembered for making Spanish soccer shine with honesty and hard work.",9.626
12,1,4,"Luis Aragones, known as the wise man from Madrid, helped Spain become one of the best teams in world soccer. He passed away at 75 years old.

In 2008, Aragones led Spain's national team to win their first big tournament title in over 40 years when they won the European Championship. His style was called ""tiki taka,"" which his friend Vicente del Bosque kept going. Under del Bosque, Spain won more titles: the World Cup in 2010 and another European crown in 2012.

Del Bosque said he admired Aragones a lot and was sorry to hear about his illness. Atletico Madrid, where Aragones played from 1964 to 1974 and coached four times, remembered him as always being with them. He won the La Liga title once and three Spanish Cups while coaching there.

Luis started playing for Getafe in 1957 and later coached teams like Turkey's Fenerbahce before retiring. Unfortunately, he fell ill and passed away last week. His funeral was private, but Atletico Madrid will remember him with a moment of silence before their next game.

Barca president Josep Maria Bartomeu said Aragones was one of the greatest and most charming soccer managers. Barca won a big cup in 1988 when he coached them for a short time. He admired Barca's playing style and chose many of their players for Spain’s national team.

Aragones loved Atletico Madrid, but he also played for Real Madrid once. Real Madrid president Florentino Perez said Aragones was important to Spanish soccer and gave thanks for his work with the national team. 

There was one time in 2004 when Aragones made a comment that some thought was not nice about another player, Thierry Henry. UEFA, which oversees European football, fined him. Aragones said he was sorry and did not mean to offend anyone.

Luis Aragones will always be remembered for his honesty, hard work, and making Spain proud in soccer.",8.523
12,1,6,"Known as the wise man of Hortaleza in Madrid, Luis Aragones left a lasting impact on Spain's rise to greatness in world football. When Aragones passed away at 75, people remembered him for leading the Spanish national team to win their first major European Championship title in 2008 after more than four decades without success.

His coaching legacy continued through his successor Vicente del Bosque, who kept up the tiki-taka passing style that Aragones started. Under Del Bosque's guidance, Spain won the World Cup in 2010 and the European Championship again in 2012. Del Bosque praised Aragones for setting the path to these victories.

Aragones played and coached for Atletico Madrid, where he led them to win La Liga in 1977 and the Spanish Cup three times. Even after retiring from coaching with Turkish team Fenerbahce in mid-2009, his influence remained strong. He started his football journey at Getafe in 1957.

Aragones was remembered fondly by many, including Barca president Josep Maria Bartomeu, who noted Aragones's respect for Barcelona’s style of play and its players. Though he had a brief stint with Barcelona during the 1987-88 season leading them to win the Spanish Cup, his heart stayed in Madrid.

Aragones appreciated Barcelona’s tiki-taka playing style, which he helped promote when selecting many of their players for Spain's national team. His time as a player included being on Real Madrid’s books from 1958 to 1960, although he mostly played for other clubs on loan.

Real Madrid president Florentino Perez expressed sadness over Aragones's loss but also highlighted his importance in making Spanish football proud. Despite one controversy in 2004 involving an alleged racial comment about France striker Thierry Henry, which led to a fine and apology from Aragones, he was celebrated for his honesty and hard work.

Aragones will be remembered as a beloved figure in football, honored by clubs like Atletico Madrid with a minute's silence during their matches.",8.632
12,1,8,"Luis Aragones, affectionately known as the wise man of Hortaleza from Madrid, left a lasting legacy in helping Spain rise to become one of the top teams in world football.

When Aragones passed away at 75, it was announced on Saturday. He had coached Spain's national team to win the European Championship in 2008—the country's first major tournament victory in over four decades. His successor, Vicente del Bosque, continued Aragones' tiki taka passing style. Under Del Bosque, La Roja won both the 2010 World Cup and the 2022 European title.

Del Bosque expressed his deep respect for Aragones on the national team's website, saying he marked a successful phase in Spanish football. He acknowledged Aragones' health issues but was shocked by his passing. 

Aragones spent ten years playing at Atletico Madrid from 1964 to 1974 and coached them four times, most recently from 2001 to 2003. Under his leadership, Atletico won the La Liga title in 1977 and the Spanish Cup three times.

Atletico Madrid honored Aragones with a tribute on their website, remembering him as a great player, coach, and friend. Enrique Cerezo, the team's president, stated that Aragones was deeply associated with Atletico and extended condolences to his family.

Aragones' last coaching role was with Fenerbahce in Turkey until mid-2009, after which he announced his retirement from football—a sport he began playing at Getafe in 1957. He had been hospitalized for a serious illness but did not recover.

Atletico Madrid planned to observe a minute's silence before their game against Real Sociedad, hoping to move to the top of the league above Barcelona, another team Aragones once managed briefly during the 1987-88 season when they won the Spanish Cup. 

Barcelona president Josep Maria Bartomeu praised Aragones as one of football's greatest and most likeable figures. He noted that Euro 2008 showcased many players who excelled under Aragones' appreciation for Barcelona's tiki taka style.

Though he was once on the books of Real Madrid, Aragones spent most of his time there on loan to other clubs. Even so, Real Madrid president Florentino Perez acknowledged his contributions and remembered him as a legend vital in Spain's football success. 

Aragones' career had one controversy in 2004 when he was fined by UEFA for allegedly making a racial comment about French player Thierry Henry, which he later apologized for.

Luis Aragones will be buried privately on Sunday, leaving behind a legacy of honesty and hard work in football.",11.078
12,1,10,"Luis Aragones, fondly known as the wise man of Hortaleza in Madrid, left an enduring legacy that propelled Spain to become a dominant force in world football. His passing at 75 was announced recently. Aragones led his national team to victory in the European Championship in 2008, marking Spain's first major tournament triumph in over four decades.

His work laid the groundwork for success under his successor, Vicente del Bosque, who continued employing Aragones' signature tiki taka passing style. Under Del Bosque’s guidance, La Roja clinched the World Cup in 2010 and repeated their European Championship victory in 2012. 

""Without a doubt, he paved the way during this final successful period,"" said Del Bosque on the national team's official website. ""I had deep appreciation for him."" Despite knowing of Aragones' health issues, Del Bosque hadn't anticipated his passing.

Atletico Madrid paid tribute to Aragones, who played there from 1964-1974 and served as head coach four times, most recently from 2001-2003. He led Atletico to a La Liga title in 1977 and secured the Spanish Cup three times. 

""Beyond being an excellent player and coach, Luis was a great person and friend,"" said Atletico's president Enrique Cerezo. ""He will always be remembered as one of us.""

Aragones' last coaching role was with Turkish team Fenerbahce, ending in mid-2009, before retiring from football late the previous year after starting at Getafe in 1957. He was hospitalized with a serious illness and did not recover.

His burial will take place privately on Sunday. Atletico Madrid plans to honor him with a minute of silence during their match against Real Sociedad. 

Barcelona's president Josep Maria Bartomeu expressed sorrow over the loss, highlighting Aragones' respect for Barcelona’s style—a hallmark he embraced by selecting numerous players from the club for the national team.

Aragones had ties to both Madrid clubs—Atletico and its rival Real Madrid—with whom he was on the books in 1958-1960. 

Real Madrid's president Florentino Perez mourned Aragones, stating that his legacy is one of honor within football. ""Today we remember a legendary figure who contributed greatly to our national team’s success,"" Perez said.

Aragones faced controversy in 2004 when he was accused of making a racial comment about France striker Thierry Henry during World Cup qualifying preparation, for which UEFA fined him. He apologized to Henry, clarifying that no insult was intended. 

Through his honesty and dedication, Luis Aragones left an indelible mark on football, garnering gratitude and respect from fans across Spain.",11.329
12,1,12,"Luis Aragones, affectionately dubbed the sage of Hortaleza in Madrid, bequeathed an indelible legacy that facilitated Spain’s ascendancy to preeminence in global football. Aragones, who passed away at 75 on a Saturday, shepherded his national squad to triumph in the European Championship in 2008—the country's inaugural major tournament victory in over four decades.

This seminal success was perpetuated by his successor, Vicente del Bosque, who embraced and perpetuated Aragones' ""tiki taka"" passing philosophy. This strategic continuity propelled La Roja to World Cup glory in 2010 and a subsequent European Championship win in 2012. Del Bosque honored Aragones as pivotal in this triumphant epoch, expressing profound gratitude towards him through an official team website statement.

Atletico Madrid's online homage underscored his enduring presence: “Always with us, Luis.” He was indelibly associated with Atletico, where he played from 1964 to 1974 and served as head coach on four occasions. Aragones' tenure at the club culminated in leading them to a La Liga title in 1977 and securing the Spanish Cup three times.

Enrique Cerezo, the club's president, lauded Aragones not only for his prowess on the pitch but also for his character off it: “Luis was a phenomenal player and coach, yet above all, an extraordinary person and friend.”

Aragones' final coaching role was with Turkish side Fenerbahce until mid-2009 before announcing his retirement from football—a career that commenced at Getafe in 1957. His health had been waning when he succumbed to a serious illness in a Madrid hospital. A private funeral was scheduled for Sunday, while Atletico observed a minute's silence prior to facing Real Sociedad.

Josep Maria Bartomeu of Barcelona expressed profound sorrow over Aragones' passing: “He is one of football’s most remarkable and affable figures.” Bartomeu praised the club's brief yet impactful collaboration during the 1987-88 season, when they captured the Spanish Cup. Aragones’ reverence for Barca’s style was evident in his selection choices for the national team.

Despite this connection, Aragones' heart remained in Madrid, where he also served as a player for Real Madrid's rival from 1958 to 1960, although primarily through loans to other clubs. Florentino Perez of Real Madrid acknowledged Aragones’ immense contribution: “His loss is deeply felt by football enthusiasts worldwide.”

Perez described the occasion as both a day of mourning and one of tribute to a legendary figure who was instrumental in Spain's golden era. He emphasized Aragones' integrity and diligence throughout his career.

An unfortunate incident during Aragones' tenure involved an accusation of making a racial remark toward France’s Thierry Henry, caught on camera in 2004 during World Cup qualifiers. Although fined by UEFA, Aragones issued an apology to Henry, clarifying his intentions were not racially derogatory.",12.282
12,2,0,"Two men hurt seven police officers and nine others on Tuesday in a place called Anbar in Iraq.

The bad things happened at checkpoints where people check for safety in the town of al-Rutba. This town used to be controlled by mean people after 2003 when soldiers came from another country.

First, a car exploded near some police in al-Rutba and hurt four officers while three others got injured. After that, bad guys shot at several checkpoints where the police were standing, killing three more officers and hurting six others.

No one knows much about who did these things besides the man in the exploding car. Al-Rutba is very far west from Baghdad, Iraq's big city.

Also on Tuesday, a car exploded near a busy place where people buy food in another town called Musayyib. This happened in Babil province and hurt eleven people while one person died. This town has mostly people who follow different religion than those in al-Rutba, and it is not very far from Baghdad.

People have been having arguments because of differences since April when soldiers checked a place where some folks were showing they didn't like their leaders. A long time ago, in 2003, the leader was changed, and now one group of people feels left out while another group has more power.

In 2013, many sad things happened with lots of people getting hurt or dying. More than six thousand people died this year, and this month alone, it's been a lot.

A reporter named Mohammed Adnan helped write about these events.",6.125
12,2,2,"Seven police officers died and nine got hurt on Tuesday when bad guys attacked security spots in Anbar, a place in western Iraq. This happened in al-Rutba, a town where mostly Sunni Muslims live.

In the first attack, a car loaded with bombs went off at a police spot in northern al-Rutba. It killed four officers and hurt three others. Police from Ramadi, the big city nearby, told us this news.

Later, some men with guns attacked more spots in the town. They killed three more police officers and hurt six people.

We don't know much about the attackers or how many people got hurt besides those at the first bomb attack. Al-Rutba is far from Baghdad, Iraq's big city, about 270 miles away.

Also on Tuesday, a car with bombs blew up near a busy market in Musayyib, another town in Iraq. This killed one person and hurt eleven others. Musayyib has mostly Shiite people living there, and it's about 43 miles from Baghdad.

In Iraq, there have been more fights between Sunni and Shiite people since April. This started when police went into a place where Sunnis were protesting against the government run by Shiites. 

Sunnis feel left out in politics because they are fewer than Shiites in Iraq. Sunnis make up less of the country's people than Shiites do.

So far this year, more than 6,000 people have died in these troubles. This month, over 350 people died, and last September, almost 1,000 people were killed.

A reporter named Mohammed Adnan from Falluja helped write about what happened.",6.580
12,2,4,"On Tuesday, seven police officers were killed, and nine others got hurt during attacks at security checkpoints in Anbar province, western Iraq. These attacks occurred in al-Rutba, a town with many Sunni Muslims. This area was once under the control of al Qaeda after the 2003 U.S-led invasion.

The first attack involved a suicide car bombing at a police checkpoint in northern al-Rutba. It killed four officers and hurt three others, according to officials from Ramadi, the province's capital.

Later, gunmen attacked several checkpoints in the town, resulting in the deaths of three more officers and injuries to six others.

Details about who carried out these attacks are not clear, except for the suicide bomber involved. Al-Rutba is located about 270 miles west of Baghdad, Iraq's capital city.

On the same day, a car bomb exploded near a busy market in Musayyib, a town in Babil province. This blast killed one person and injured eleven others, as reported by police in Baghdad. Musayyib is mostly Shiite and is about 43 miles south of Baghdad.

Tensions have risen sharply between Iraq's Sunni and Shiite populations since April, when security forces raided a site where Sunnis were protesting against the government led by Shiites. Although they are a minority, Sunnis feel left out in political matters after Saddam Hussein was overthrown in 2003. Most Iraqis, however, are Shiite.

In 2013 alone, more than 6,000 people have died in Iraq. Over 350 deaths occurred this month, with nearly 1,000 happening in September.

Reporter Mohammed Adnan from Falluja helped report these events.",6.679
12,2,6,"On Tuesday, seven police officers were killed and nine were injured in attacks at security checkpoints in Anbar province, western Iraq. These attacks took place in al-Rutba, a town that was once controlled by al Qaeda after the 2003 U.S-led invasion.

The first attack involved a suicide car bombing at a checkpoint in northern al-Rutba, which killed four police officers and injured three more. This information came from police officials in Ramadi, Anbar's capital city.

Later, gunmen attacked several security checkpoints in al-Rutba, resulting in the deaths of three more police officers and injuries to six others.

Details about the attackers and other casualties were not available at that time. Al-Rutba is located about 270 miles west of Baghdad, Iraq’s capital city.

Additionally, a car bomb exploded near a busy market in Musayyib, a town in Babil province, on Tuesday. This blast killed one person and injured eleven others. Musayyib is mainly a Shiite community, situated roughly 43 miles south of Baghdad.

Tensions between Iraq's Sunni and Shiite populations have increased since April, when security forces disrupted a protest site used by Sunnis opposing the Shiite-led government. Although Sunnis are a minority in Iraq, they feel politically left out since Saddam Hussein was overthrown in 2003. Shiites make up most of the population.

In 2013, more than 6,000 people have died in Iraq due to violence. Over 350 deaths occurred this month alone, with almost 1,000 happening in September.",6.255
12,2,8,"On Tuesday, seven police officers were killed and nine were injured during attacks at security checkpoints in the western Iraqi province of Anbar. These incidents occurred in al-Rutba, a town known for its Sunni Muslim population. This area was once controlled by al Qaeda following the 2003 U.S-led invasion.

The day's violence began with a suicide car bombing at a northern checkpoint in al-Rutba, which killed four officers and injured three more, according to police officials from Ramadi, the provincial capital. Later, gunmen targeted multiple checkpoints, resulting in three additional officer deaths and six injuries.

Details about other attackers or casualties, aside from the suicide bomber, were not immediately available. Al-Rutba is located about 435 kilometers (270 miles) west of Baghdad, Iraq's capital.

In another incident on Tuesday, a car bomb exploded near a busy market in Musayyib, a central town in Babil province. This attack killed one person and injured eleven others, as reported by police in Baghdad. Musayyib is predominantly Shiite and lies about 70 kilometers (43 miles) south of Baghdad.

Tensions between Iraq's Shiite and Sunni communities have risen sharply since April when security forces raided a site used by Sunni protesters opposing the Shiite-led government. Since the fall of Saddam Hussein in 2003, Sunnis, who are a minority, have often felt left out politically, while Shiites make up the majority.

In 2013 alone, over 6,000 people have died due to violence in Iraq. More than 350 deaths occurred this month, and nearly 1,000 were reported in September.",6.441
12,2,10,"On Tuesday, a tragic event unfolded in the western Iraqi province of Anbar, where seven police officers lost their lives and nine sustained injuries during coordinated attacks at security checkpoints. These assaults occurred in al-Rutba, a town that was once an al Qaeda stronghold following the 2003 U.S.-led invasion, and is predominantly inhabited by Sunni Muslims.

The initial attack involved a suicide car bombing at a northern checkpoint in al-Rutba, which resulted in four police officers being killed and three injured. Police officials from Ramadi, Anbar's provincial capital, reported this incident. Subsequent gun attacks targeted several security checkpoints in the town, claiming three more officers' lives and injuring six others.

Details about those responsible for these violent acts, aside from the suicide bomber, remain undisclosed. Al-Rutba is situated approximately 435 kilometers (270 miles) west of Baghdad, Iraq's capital city.

Additionally, a car bomb detonated near a bustling market in Musayyib, a town located in central Babil province and predominantly Shiite, killing one person and injuring eleven. This incident occurred on the same day as those in al-Rutba. Musayyib lies about 70 kilometers (43 miles) south of Baghdad.

Tensions between Iraq's Shiite and Sunni communities have escalated significantly since April, following security operations against a protest site used by Sunnis to express their grievances with the Shiite-led government. Many Sunnis, who are in the minority, feel politically sidelined since Saddam Hussein’s regime was overthrown in 2003. Conversely, Shiites constitute the majority of Iraq's population.

In 2013 alone, violence has claimed more than 6,000 lives in Iraq, with over 350 deaths reported this month and nearly 1,000 occurring in September. Journalist Mohammed Adnan from Falluja contributed to compiling this report.",7.260
12,2,12,"In the western Iraqi province of Anbar, a coordinated series of assaults on security checkpoints resulted in the tragic loss of seven police officers' lives and left nine others injured. These incidents occurred within al-Rutba, a town predominantly inhabited by Sunni Muslims, which previously served as an al-Qaeda stronghold following the 2003 U.S.-led invasion.

The initial attack involved a suicide car bombing at a northern checkpoint in al-Rutba, resulting in four fatalities and three injuries among the police force, according to officials based in Ramadi, Anbar's provincial capital. Subsequently, armed assailants launched further attacks on various checkpoints within the town, claiming the lives of three additional officers and wounding six.

Detailed information regarding the perpetrators or other casualties was not immediately available. Al-Rutba is situated approximately 435 kilometers (270 miles) west of Baghdad, Iraq's capital city.

On the same day, a separate incident in Musayyib, located in central Babil province, involved a car bomb detonation near a bustling market. This attack claimed one life and injured eleven individuals. Musayyib is predominantly Shiite and lies around 70 kilometers (43 miles) south of Baghdad.

Tensions have markedly escalated between Iraq's Shiite and Sunni communities since April when security forces intervened at a protest site used by Sunnis to voice grievances against the Shiite-led government. The Sunni minority has expressed feelings of political marginalization following Saddam Hussein's ousting in 2003, while Shiites constitute the majority population.

In 2013 alone, Iraq witnessed over 6,000 fatalities due to ongoing violence. This month recorded more than 350 deaths, with September experiencing close to 1,000 casualties.

Contributions to this report were made by journalist Mohammed Adnan from Falluja.",7.025
