0,1,2,3,4,5,6,7
llama3.1:8b,0,0,0,0.44,0,0.94,1.474
llama3.1:8b,0,0,1,0.44,0,0.89,1.511
llama3.1:8b,0,0,2,0.44,0,1.1,1.245
llama3.1:8b,0,0,3,0.44,0,11.22,0.782
llama3.1:8b,0,0,4,0.44,0,10.38,2.538
llama3.1:8b,0,0,5,0.44,0,1.73,1.604
llama3.1:8b,0,0,6,0.44,0,1.53,1.05
llama3.1:8b,0,0,0,0.44,2,0.7,1.54
llama3.1:8b,0,0,1,0.44,2,1.4,1.248
llama3.1:8b,0,0,2,0.44,2,0.19,1.328
llama3.1:8b,0,0,3,0.44,2,10.82,0.79
llama3.1:8b,0,0,4,0.44,2,7.75,1.992
llama3.1:8b,0,0,5,0.44,2,1.64,1.299
llama3.1:8b,0,0,6,0.44,2,1.29,1.246
llama3.1:8b,0,0,0,0.44,4,1.96,1.831
llama3.1:8b,0,0,1,0.44,4,3.68,1.762
llama3.1:8b,0,0,2,0.44,4,1.65,1.454
llama3.1:8b,0,0,3,0.44,4,12.0,0.904
llama3.1:8b,0,0,4,0.44,4,9.78,1.486
llama3.1:8b,0,0,5,0.44,4,2.19,1.497
llama3.1:8b,0,0,6,0.44,4,2.17,1.604
llama3.1:8b,0,0,0,0.44,6,3.47,1.655
llama3.1:8b,0,0,1,0.44,6,3.87,1.988
llama3.1:8b,0,0,2,0.44,6,1.81,1.262
llama3.1:8b,0,0,3,0.44,6,10.82,0.795
llama3.1:8b,0,0,4,0.44,6,12.79,1.861
llama3.1:8b,0,0,5,0.44,6,2.15,1.528
llama3.1:8b,0,0,6,0.44,6,4.47,1.911
llama3.1:8b,0,0,0,0.44,8,3.73,1.714
llama3.1:8b,0,0,1,0.44,8,5.52,1.27
llama3.1:8b,0,0,2,0.44,8,2.71,1.707
llama3.1:8b,0,0,3,0.44,8,14.62,0.795
llama3.1:8b,0,0,4,0.44,8,13.22,1.741
llama3.1:8b,0,0,5,0.44,8,4.81,1.999
llama3.1:8b,0,0,6,0.44,8,4.05,1.837
llama3.1:8b,0,0,0,0.44,10,5.41,1.702
llama3.1:8b,0,0,1,0.44,10,2.82,1.58
llama3.1:8b,0,0,2,0.44,10,5.2,1.795
llama3.1:8b,0,0,3,0.44,10,17.24,0.78
llama3.1:8b,0,0,4,0.44,10,10.4,1.963
llama3.1:8b,0,0,5,0.44,10,6.88,1.883
llama3.1:8b,0,0,6,0.44,10,10.6,2.123
llama3.1:8b,0,0,0,0.44,12,9.71,1.847
llama3.1:8b,0,0,1,0.44,12,9.25,1.98
llama3.1:8b,0,0,2,0.44,12,13.06,2.523
llama3.1:8b,0,0,3,0.44,12,11.67,0.875
llama3.1:8b,0,0,4,0.44,12,13.42,2.548
llama3.1:8b,0,0,5,0.44,12,14.42,4.996
llama3.1:8b,0,0,6,0.44,12,10.01,2.287
llama3.1:8b,0,1,0,-0.18,0,0.55,1.782
llama3.1:8b,0,1,1,-0.18,0,1.46,2.058
llama3.1:8b,0,1,2,-0.18,0,0.5,1.777
llama3.1:8b,0,1,3,-0.18,0,13.28,0.797
llama3.1:8b,0,1,4,-0.18,0,8.35,3.489
llama3.1:8b,0,1,5,-0.18,0,0.27,1.836
llama3.1:8b,0,1,6,-0.18,0,0.89,2.095
llama3.1:8b,0,1,0,-0.18,2,1.2,1.946
llama3.1:8b,0,1,1,-0.18,2,1.56,1.972
llama3.1:8b,0,1,2,-0.18,2,0.85,1.655
llama3.1:8b,0,1,3,-0.18,2,8.46,0.721
llama3.1:8b,0,1,4,-0.18,2,2.86,0.63
llama3.1:8b,0,1,5,-0.18,2,1.82,2.539
llama3.1:8b,0,1,6,-0.18,2,1.32,1.9
llama3.1:8b,0,1,0,-0.18,4,2.85,2.145
llama3.1:8b,0,1,1,-0.18,4,2.85,2.189
llama3.1:8b,0,1,2,-0.18,4,1.12,2.01
llama3.1:8b,0,1,3,-0.18,4,14.09,0.854
llama3.1:8b,0,1,4,-0.18,4,7.53,1.515
llama3.1:8b,0,1,5,-0.18,4,1.08,1.625
llama3.1:8b,0,1,6,-0.18,4,1.83,2.337
llama3.1:8b,0,1,0,-0.18,6,3.38,2.337
llama3.1:8b,0,1,1,-0.18,6,2.96,1.865
llama3.1:8b,0,1,2,-0.18,6,2.78,2.222
llama3.1:8b,0,1,3,-0.18,6,9.11,0.811
llama3.1:8b,0,1,4,-0.18,6,7.98,1.378
llama3.1:8b,0,1,5,-0.18,6,2.72,2.535
llama3.1:8b,0,1,6,-0.18,6,2.39,2.411
llama3.1:8b,0,1,0,-0.18,8,5.16,2.32
llama3.1:8b,0,1,1,-0.18,8,4.87,2.259
llama3.1:8b,0,1,2,-0.18,8,2.71,1.833
llama3.1:8b,0,1,3,-0.18,8,10.0,0.811
llama3.1:8b,0,1,4,-0.18,8,7.5,1.875
llama3.1:8b,0,1,5,-0.18,8,5.47,2.073
llama3.1:8b,0,1,6,-0.18,8,5.82,2.616
llama3.1:8b,0,1,0,-0.18,10,6.11,1.755
llama3.1:8b,0,1,1,-0.18,10,4.41,2.693
llama3.1:8b,0,1,2,-0.18,10,4.48,2.315
llama3.1:8b,0,1,3,-0.18,10,12.56,0.699
llama3.1:8b,0,1,4,-0.18,10,9.08,3.493
llama3.1:8b,0,1,5,-0.18,10,5.54,2.913
llama3.1:8b,0,1,6,-0.18,10,5.04,2.621
llama3.1:8b,0,1,0,-0.18,12,8.94,2.326
llama3.1:8b,0,1,1,-0.18,12,8.35,2.607
llama3.1:8b,0,1,2,-0.18,12,6.48,2.572
llama3.1:8b,0,1,3,-0.18,12,17.7,0.767
llama3.1:8b,0,1,4,-0.18,12,12.07,3.056
llama3.1:8b,0,1,5,-0.18,12,9.65,3.143
llama3.1:8b,0,1,6,-0.18,12,7.38,3.539
llama3.1:8b,0,2,0,0.33,0,1.47,1.416
llama3.1:8b,0,2,1,0.33,0,1.4,1.461
llama3.1:8b,0,2,2,0.33,0,0.32,1.225
llama3.1:8b,0,2,3,0.33,0,13.15,0.9
llama3.1:8b,0,2,4,0.33,0,4.79,1.711
llama3.1:8b,0,2,5,0.33,0,1.38,1.393
llama3.1:8b,0,2,6,0.33,0,2.91,1.609
llama3.1:8b,0,2,0,0.33,2,1.98,1.811
llama3.1:8b,0,2,1,0.33,2,0.8,1.761
llama3.1:8b,0,2,2,0.33,2,1.22,1.549
llama3.1:8b,0,2,3,0.33,2,11.0,0.773
llama3.1:8b,0,2,4,0.33,2,9.94,2.222
llama3.1:8b,0,2,5,0.33,2,2.28,1.561
llama3.1:8b,0,2,6,0.33,2,3.35,2.194
llama3.1:8b,0,2,0,0.33,4,3.81,1.694
llama3.1:8b,0,2,1,0.33,4,2.55,1.517
llama3.1:8b,0,2,2,0.33,4,1.99,1.868
llama3.1:8b,0,2,3,0.33,4,11.21,0.729
llama3.1:8b,0,2,4,0.33,4,9.38,2.768
llama3.1:8b,0,2,5,0.33,4,3.76,1.819
llama3.1:8b,0,2,6,0.33,4,3.57,2.021
llama3.1:8b,0,2,0,0.33,6,5.02,1.779
llama3.1:8b,0,2,1,0.33,6,6.77,1.451
llama3.1:8b,0,2,2,0.33,6,5.54,1.837
llama3.1:8b,0,2,3,0.33,6,11.67,0.824
llama3.1:8b,0,2,4,0.33,6,10.19,1.561
llama3.1:8b,0,2,5,0.33,6,5.45,2.369
llama3.1:8b,0,2,6,0.33,6,7.87,2.06
llama3.1:8b,0,2,0,0.33,8,8.09,2.369
llama3.1:8b,0,2,1,0.33,8,7.31,2.164
llama3.1:8b,0,2,2,0.33,8,6.96,2.168
llama3.1:8b,0,2,3,0.33,8,11.46,0.881
llama3.1:8b,0,2,4,0.33,8,7.73,2.614
llama3.1:8b,0,2,5,0.33,8,6.09,2.49
llama3.1:8b,0,2,6,0.33,8,8.88,2.221
llama3.1:8b,0,2,0,0.33,10,7.33,2.117
llama3.1:8b,0,2,1,0.33,10,6.84,1.686
llama3.1:8b,0,2,2,0.33,10,5.82,2.573
llama3.1:8b,0,2,3,0.33,10,9.73,1.101
llama3.1:8b,0,2,4,0.33,10,13.48,2.872
llama3.1:8b,0,2,5,0.33,10,6.99,2.393
llama3.1:8b,0,2,6,0.33,10,11.13,2.82
llama3.1:8b,0,2,0,0.33,12,12.0,1.816
llama3.1:8b,0,2,1,0.33,12,13.48,2.438
llama3.1:8b,0,2,2,0.33,12,8.37,1.948
llama3.1:8b,0,2,3,0.33,12,11.76,0.975
llama3.1:8b,0,2,4,0.33,12,7.73,2.703
llama3.1:8b,0,2,5,0.33,12,12.56,8.121
llama3.1:8b,0,2,6,0.33,12,10.97,3.58
llama3.1:8b,2,0,0,1.99,0,1.39,1.707
llama3.1:8b,2,0,1,1.99,0,2.32,1.813
llama3.1:8b,2,0,2,1.99,0,1.98,1.633
llama3.1:8b,2,0,3,1.99,0,13.91,0.74
llama3.1:8b,2,0,4,1.99,0,6.97,2.281
llama3.1:8b,2,0,5,1.99,0,1.55,1.682
llama3.1:8b,2,0,6,1.99,0,3.85,1.747
llama3.1:8b,2,0,0,1.99,2,2.32,1.787
llama3.1:8b,2,0,1,1.99,2,1.47,1.631
llama3.1:8b,2,0,2,1.99,2,2.59,1.839
llama3.1:8b,2,0,3,1.99,2,11.36,0.754
llama3.1:8b,2,0,4,1.99,2,6.66,1.702
llama3.1:8b,2,0,5,1.99,2,1.69,1.566
llama3.1:8b,2,0,6,1.99,2,4.14,2.089
llama3.1:8b,2,0,0,1.99,4,3.65,1.775
llama3.1:8b,2,0,1,1.99,4,5.52,2.192
llama3.1:8b,2,0,2,1.99,4,2.51,1.603
llama3.1:8b,2,0,3,1.99,4,9.43,1.118
llama3.1:8b,2,0,4,1.99,4,6.2,1.184
llama3.1:8b,2,0,5,1.99,4,2.55,2.669
llama3.1:8b,2,0,6,1.99,4,3.03,2.041
llama3.1:8b,2,0,0,1.99,6,5.31,1.788
llama3.1:8b,2,0,1,1.99,6,3.11,1.591
llama3.1:8b,2,0,2,1.99,6,5.21,2.118
llama3.1:8b,2,0,3,1.99,6,11.26,0.839
llama3.1:8b,2,0,4,1.99,6,6.33,2.203
llama3.1:8b,2,0,5,1.99,6,6.04,2.124
llama3.1:8b,2,0,6,1.99,6,4.54,2.387
llama3.1:8b,2,0,0,1.99,8,5.84,1.872
llama3.1:8b,2,0,1,1.99,8,5.93,1.996
llama3.1:8b,2,0,2,1.99,8,4.24,2.104
llama3.1:8b,2,0,3,1.99,8,17.82,0.876
llama3.1:8b,2,0,4,1.99,8,11.21,1.83
llama3.1:8b,2,0,5,1.99,8,5.36,2.42
llama3.1:8b,2,0,6,1.99,8,3.67,2.28
llama3.1:8b,2,0,0,1.99,10,6.61,1.626
llama3.1:8b,2,0,1,1.99,10,8.27,2.83
llama3.1:8b,2,0,2,1.99,10,3.3,1.943
llama3.1:8b,2,0,3,1.99,10,11.13,0.866
llama3.1:8b,2,0,4,1.99,10,7.41,1.984
llama3.1:8b,2,0,5,1.99,10,7.3,2.478
llama3.1:8b,2,0,6,1.99,10,8.64,2.686
llama3.1:8b,2,0,0,1.99,12,8.16,2.322
llama3.1:8b,2,0,1,1.99,12,10.2,2.071
llama3.1:8b,2,0,2,1.99,12,6.63,1.972
llama3.1:8b,2,0,3,1.99,12,13.73,0.87
llama3.1:8b,2,0,4,1.99,12,9.12,2.771
llama3.1:8b,2,0,5,1.99,12,14.41,5.085
llama3.1:8b,2,0,6,1.99,12,9.23,2.807
llama3.1:8b,2,1,0,2.17,0,1.54,1.988
llama3.1:8b,2,1,1,2.17,0,1.45,1.573
llama3.1:8b,2,1,2,2.17,0,2.05,1.698
llama3.1:8b,2,1,3,2.17,0,14.77,0.824
llama3.1:8b,2,1,4,2.17,0,3.44,1.877
llama3.1:8b,2,1,5,2.17,0,2.39,1.76
llama3.1:8b,2,1,6,2.17,0,1.59,1.698
llama3.1:8b,2,1,0,2.17,2,1.75,2.005
llama3.1:8b,2,1,1,2.17,2,1.97,1.882
llama3.1:8b,2,1,2,2.17,2,1.99,1.755
llama3.1:8b,2,1,3,2.17,2,11.47,0.778
llama3.1:8b,2,1,4,2.17,2,1.47,1.688
llama3.1:8b,2,1,5,2.17,2,2.68,1.663
llama3.1:8b,2,1,6,2.17,2,1.83,1.707
llama3.1:8b,2,1,0,2.17,4,1.89,1.855
llama3.1:8b,2,1,1,2.17,4,2.37,1.951
llama3.1:8b,2,1,2,2.17,4,2.16,1.723
llama3.1:8b,2,1,3,2.17,4,14.37,0.716
llama3.1:8b,2,1,4,2.17,4,2.39,1.903
llama3.1:8b,2,1,5,2.17,4,2.15,2.008
llama3.1:8b,2,1,6,2.17,4,2.0,2.023
llama3.1:8b,2,1,0,2.17,6,3.43,1.854
llama3.1:8b,2,1,1,2.17,6,2.42,1.833
llama3.1:8b,2,1,2,2.17,6,3.37,1.916
llama3.1:8b,2,1,3,2.17,6,13.08,0.803
llama3.1:8b,2,1,4,2.17,6,4.48,2.419
llama3.1:8b,2,1,5,2.17,6,3.0,2.388
llama3.1:8b,2,1,6,2.17,6,3.31,2.106
llama3.1:8b,2,1,0,2.17,8,2.67,2.009
llama3.1:8b,2,1,1,2.17,8,2.81,2.322
llama3.1:8b,2,1,2,2.17,8,2.81,1.956
llama3.1:8b,2,1,3,2.17,8,12.43,1.06
llama3.1:8b,2,1,4,2.17,8,4.9,2.524
llama3.1:8b,2,1,5,2.17,8,7.83,2.215
llama3.1:8b,2,1,6,2.17,8,3.65,2.031
llama3.1:8b,2,1,0,2.17,10,3.37,1.987
llama3.1:8b,2,1,1,2.17,10,2.9,2.164
llama3.1:8b,2,1,2,2.17,10,3.65,1.964
llama3.1:8b,2,1,3,2.17,10,16.01,1.085
llama3.1:8b,2,1,4,2.17,10,5.91,2.938
llama3.1:8b,2,1,5,2.17,10,4.31,2.44
llama3.1:8b,2,1,6,2.17,10,3.87,2.386
llama3.1:8b,2,1,0,2.17,12,5.77,1.839
llama3.1:8b,2,1,1,2.17,12,5.7,2.592
llama3.1:8b,2,1,2,2.17,12,3.39,2.127
llama3.1:8b,2,1,3,2.17,12,13.16,0.946
llama3.1:8b,2,1,4,2.17,12,8.91,3.313
llama3.1:8b,2,1,5,2.17,12,7.72,2.62
llama3.1:8b,2,1,6,2.17,12,6.56,3.411
llama3.1:8b,2,2,0,1.96,0,2.82,1.221
llama3.1:8b,2,2,1,1.96,0,1.99,1.803
llama3.1:8b,2,2,2,1.96,0,2.17,1.232
llama3.1:8b,2,2,3,1.96,0,11.26,0.632
llama3.1:8b,2,2,4,1.96,0,3.22,0.8
llama3.1:8b,2,2,5,1.96,0,1.71,1.521
llama3.1:8b,2,2,6,1.96,0,1.97,1.693
llama3.1:8b,2,2,0,1.96,2,1.18,1.516
llama3.1:8b,2,2,1,1.96,2,3.95,1.267
llama3.1:8b,2,2,2,1.96,2,2.68,1.605
llama3.1:8b,2,2,3,1.96,2,13.06,0.688
llama3.1:8b,2,2,4,1.96,2,1.13,1.64
llama3.1:8b,2,2,5,1.96,2,1.89,1.844
llama3.1:8b,2,2,6,1.96,2,1.66,1.857
llama3.1:8b,2,2,0,1.96,4,3.12,2.071
llama3.1:8b,2,2,1,1.96,4,2.02,2.022
llama3.1:8b,2,2,2,1.96,4,3.57,2.095
llama3.1:8b,2,2,3,1.96,4,9.45,0.799
llama3.1:8b,2,2,4,1.96,4,11.2,1.992
llama3.1:8b,2,2,5,1.96,4,4.24,1.855
llama3.1:8b,2,2,6,1.96,4,4.3,2.317
llama3.1:8b,2,2,0,1.96,6,3.73,1.976
llama3.1:8b,2,2,1,1.96,6,3.22,2.034
llama3.1:8b,2,2,2,1.96,6,4.94,2.263
llama3.1:8b,2,2,3,1.96,6,10.15,0.724
llama3.1:8b,2,2,4,1.96,6,4.61,1.908
llama3.1:8b,2,2,5,1.96,6,5.44,1.605
llama3.1:8b,2,2,6,1.96,6,6.21,2.622
llama3.1:8b,2,2,0,1.96,8,4.71,1.71
llama3.1:8b,2,2,1,1.96,8,3.97,2.135
llama3.1:8b,2,2,2,1.96,8,6.28,2.441
llama3.1:8b,2,2,3,1.96,8,17.67,0.786
llama3.1:8b,2,2,4,1.96,8,5.27,1.657
llama3.1:8b,2,2,5,1.96,8,6.83,1.811
llama3.1:8b,2,2,6,1.96,8,5.06,2.666
llama3.1:8b,2,2,0,1.96,10,4.45,2.006
llama3.1:8b,2,2,1,1.96,10,7.33,2.263
llama3.1:8b,2,2,2,1.96,10,6.07,2.558
llama3.1:8b,2,2,3,1.96,10,15.89,0.784
llama3.1:8b,2,2,4,1.96,10,10.2,3.381
llama3.1:8b,2,2,5,1.96,10,3.57,2.072
llama3.1:8b,2,2,6,1.96,10,6.0,2.72
llama3.1:8b,2,2,0,1.96,12,6.61,2.127
llama3.1:8b,2,2,1,1.96,12,6.15,2.699
llama3.1:8b,2,2,2,1.96,12,8.12,2.767
llama3.1:8b,2,2,3,1.96,12,12.78,0.87
llama3.1:8b,2,2,4,1.96,12,11.03,6.588
llama3.1:8b,2,2,5,1.96,12,9.31,2.536
llama3.1:8b,2,2,6,1.96,12,6.9,2.9
llama3.1:8b,4,0,0,3.85,0,2.99,2.313
llama3.1:8b,4,0,1,3.85,0,3.24,2.296
llama3.1:8b,4,0,2,3.85,0,1.01,1.928
llama3.1:8b,4,0,3,3.85,0,7.63,0.702
llama3.1:8b,4,0,4,3.85,0,4.75,2.247
llama3.1:8b,4,0,5,3.85,0,1.98,2.014
llama3.1:8b,4,0,6,3.85,0,1.61,1.9
llama3.1:8b,4,0,0,3.85,2,1.71,1.747
llama3.1:8b,4,0,1,3.85,2,2.57,2.141
llama3.1:8b,4,0,2,3.85,2,2.68,1.587
llama3.1:8b,4,0,3,3.85,2,9.63,0.931
llama3.1:8b,4,0,4,3.85,2,7.61,1.011
llama3.1:8b,4,0,5,3.85,2,2.79,2.324
llama3.1:8b,4,0,6,3.85,2,2.14,2.06
llama3.1:8b,4,0,0,3.85,4,3.82,2.245
llama3.1:8b,4,0,1,3.85,4,3.73,2.211
llama3.1:8b,4,0,2,3.85,4,3.21,2.317
llama3.1:8b,4,0,3,3.85,4,10.81,0.834
llama3.1:8b,4,0,4,3.85,4,8.6,1.031
llama3.1:8b,4,0,5,3.85,4,3.34,2.509
llama3.1:8b,4,0,6,3.85,4,3.57,2.458
llama3.1:8b,4,0,0,3.85,6,4.63,2.704
llama3.1:8b,4,0,1,3.85,6,3.78,2.483
llama3.1:8b,4,0,2,3.85,6,5.25,2.728
llama3.1:8b,4,0,3,3.85,6,11.0,0.846
llama3.1:8b,4,0,4,3.85,6,5.95,1.654
llama3.1:8b,4,0,5,3.85,6,4.73,2.412
llama3.1:8b,4,0,6,3.85,6,4.5,2.646
llama3.1:8b,4,0,0,3.85,8,3.61,2.27
llama3.1:8b,4,0,1,3.85,8,3.92,2.413
llama3.1:8b,4,0,2,3.85,8,5.4,2.834
llama3.1:8b,4,0,3,3.85,8,11.22,0.864
llama3.1:8b,4,0,4,3.85,8,6.63,2.303
llama3.1:8b,4,0,5,3.85,8,5.39,3.102
llama3.1:8b,4,0,6,3.85,8,5.94,2.967
llama3.1:8b,4,0,0,3.85,10,4.8,2.629
llama3.1:8b,4,0,1,3.85,10,3.97,2.398
llama3.1:8b,4,0,2,3.85,10,3.02,2.32
llama3.1:8b,4,0,3,3.85,10,7.29,0.89
llama3.1:8b,4,0,4,3.85,10,10.15,0.784
llama3.1:8b,4,0,5,3.85,10,4.17,2.454
llama3.1:8b,4,0,6,3.85,10,7.05,3.036
llama3.1:8b,4,0,0,3.85,12,4.9,2.36
llama3.1:8b,4,0,1,3.85,12,6.96,2.8
llama3.1:8b,4,0,2,3.85,12,4.59,2.231
llama3.1:8b,4,0,3,3.85,12,16.35,0.859
llama3.1:8b,4,0,4,3.85,12,9.74,2.916
llama3.1:8b,4,0,5,3.85,12,7.53,3.505
llama3.1:8b,4,0,6,3.85,12,8.71,3.388
llama3.1:8b,4,1,0,3.69,0,1.93,2.353
llama3.1:8b,4,1,1,3.69,0,3.57,2.38
llama3.1:8b,4,1,2,3.69,0,0.88,2.068
llama3.1:8b,4,1,3,3.69,0,11.26,0.748
llama3.1:8b,4,1,4,3.69,0,6.19,2.025
llama3.1:8b,4,1,5,3.69,0,1.53,2.607
llama3.1:8b,4,1,6,3.69,0,1.29,2.112
llama3.1:8b,4,1,0,3.69,2,1.69,2.678
llama3.1:8b,4,1,1,3.69,2,3.27,2.202
llama3.1:8b,4,1,2,3.69,2,2.8,2.182
llama3.1:8b,4,1,3,3.69,2,15.64,0.846
llama3.1:8b,4,1,4,3.69,2,8.75,2.055
llama3.1:8b,4,1,5,3.69,2,1.91,2.64
llama3.1:8b,4,1,6,3.69,2,1.67,2.718
llama3.1:8b,4,1,0,3.69,4,3.86,2.453
llama3.1:8b,4,1,1,3.69,4,2.73,3.551
llama3.1:8b,4,1,2,3.69,4,3.26,2.906
llama3.1:8b,4,1,3,3.69,4,12.17,0.837
llama3.1:8b,4,1,4,3.69,4,7.83,2.294
llama3.1:8b,4,1,5,3.69,4,3.78,2.302
llama3.1:8b,4,1,6,3.69,4,2.41,3.438
llama3.1:8b,4,1,0,3.69,6,2.82,2.831
llama3.1:8b,4,1,1,3.69,6,4.84,2.513
llama3.1:8b,4,1,2,3.69,6,2.91,2.568
llama3.1:8b,4,1,3,3.69,6,11.23,0.916
llama3.1:8b,4,1,4,3.69,6,8.14,2.624
llama3.1:8b,4,1,5,3.69,6,3.88,2.637
llama3.1:8b,4,1,6,3.69,6,3.46,3.459
llama3.1:8b,4,1,0,3.69,8,5.74,2.847
llama3.1:8b,4,1,1,3.69,8,4.69,3.018
llama3.1:8b,4,1,2,3.69,8,4.74,2.738
llama3.1:8b,4,1,3,3.69,8,15.08,0.832
llama3.1:8b,4,1,4,3.69,8,10.62,1.298
llama3.1:8b,4,1,5,3.69,8,5.91,3.005
llama3.1:8b,4,1,6,3.69,8,5.11,4.155
llama3.1:8b,4,1,0,3.69,10,5.99,2.852
llama3.1:8b,4,1,1,3.69,10,6.02,3.28
llama3.1:8b,4,1,2,3.69,10,6.29,3.42
llama3.1:8b,4,1,3,3.69,10,13.93,1.048
llama3.1:8b,4,1,4,3.69,10,8.6,2.743
llama3.1:8b,4,1,5,3.69,10,5.95,3.214
llama3.1:8b,4,1,6,3.69,10,7.75,4.008
llama3.1:8b,4,1,0,3.69,12,8.23,3.141
llama3.1:8b,4,1,1,3.69,12,11.82,4.23
llama3.1:8b,4,1,2,3.69,12,7.1,3.374
llama3.1:8b,4,1,3,3.69,12,11.01,1.117
llama3.1:8b,4,1,4,3.69,12,12.1,2.863
llama3.1:8b,4,1,5,3.69,12,6.27,3.847
llama3.1:8b,4,1,6,3.69,12,11.2,4.387
llama3.1:8b,4,2,0,3.82,0,2.49,3.055
llama3.1:8b,4,2,1,3.82,0,3.31,3.079
llama3.1:8b,4,2,2,3.82,0,3.34,2.698
llama3.1:8b,4,2,3,3.82,0,11.26,0.764
llama3.1:8b,4,2,4,3.82,0,6.96,2.618
llama3.1:8b,4,2,5,3.82,0,2.01,2.482
llama3.1:8b,4,2,6,3.82,0,1.08,3.185
llama3.1:8b,4,2,0,3.82,2,2.5,3.106
llama3.1:8b,4,2,1,3.82,2,2.51,3.409
llama3.1:8b,4,2,2,3.82,2,2.41,3.061
llama3.1:8b,4,2,3,3.82,2,15.08,0.856
llama3.1:8b,4,2,4,3.82,2,3.38,3.701
llama3.1:8b,4,2,5,3.82,2,2.97,4.13
llama3.1:8b,4,2,6,3.82,2,1.58,2.964
llama3.1:8b,4,2,0,3.82,4,3.49,3.332
llama3.1:8b,4,2,1,3.82,4,4.7,3.444
llama3.1:8b,4,2,2,3.82,4,3.61,3.452
llama3.1:8b,4,2,3,3.82,4,15.36,0.994
llama3.1:8b,4,2,4,3.82,4,11.19,2.961
llama3.1:8b,4,2,5,3.82,4,3.49,3.371
llama3.1:8b,4,2,6,3.82,4,4.35,4.573
llama3.1:8b,4,2,0,3.82,6,4.73,4.062
llama3.1:8b,4,2,1,3.82,6,4.45,3.877
llama3.1:8b,4,2,2,3.82,6,3.58,3.955
llama3.1:8b,4,2,3,3.82,6,13.37,0.912
llama3.1:8b,4,2,4,3.82,6,8.67,2.767
llama3.1:8b,4,2,5,3.82,6,3.96,3.895
llama3.1:8b,4,2,6,3.82,6,5.63,4.771
llama3.1:8b,4,2,0,3.82,8,5.36,4.112
llama3.1:8b,4,2,1,3.82,8,5.85,4.461
llama3.1:8b,4,2,2,3.82,8,5.14,3.948
llama3.1:8b,4,2,3,3.82,8,8.39,0.899
llama3.1:8b,4,2,4,3.82,8,7.66,2.393
llama3.1:8b,4,2,5,3.82,8,5.31,4.22
llama3.1:8b,4,2,6,3.82,8,4.89,4.311
llama3.1:8b,4,2,0,3.82,10,5.75,3.423
llama3.1:8b,4,2,1,3.82,10,5.88,4.38
llama3.1:8b,4,2,2,3.82,10,4.45,3.717
llama3.1:8b,4,2,3,3.82,10,11.77,0.898
llama3.1:8b,4,2,4,3.82,10,11.88,2.588
llama3.1:8b,4,2,5,3.82,10,5.99,3.517
llama3.1:8b,4,2,6,3.82,10,9.32,5.131
llama3.1:8b,4,2,0,3.82,12,9.13,4.342
llama3.1:8b,4,2,1,3.82,12,12.79,3.515
llama3.1:8b,4,2,2,3.82,12,8.97,4.167
llama3.1:8b,4,2,3,3.82,12,17.76,0.907
llama3.1:8b,4,2,4,3.82,12,10.4,3.202
llama3.1:8b,4,2,5,3.82,12,9.38,4.557
llama3.1:8b,4,2,6,3.82,12,7.95,4.04
llama3.1:8b,6,0,0,6.18,0,4.48,3.472
llama3.1:8b,6,0,1,6.18,0,3.27,2.985
llama3.1:8b,6,0,2,6.18,0,4.0,2.593
llama3.1:8b,6,0,3,6.18,0,15.74,0.98
llama3.1:8b,6,0,4,6.18,0,9.99,3.285
llama3.1:8b,6,0,5,6.18,0,3.38,2.935
llama3.1:8b,6,0,6,6.18,0,3.23,2.587
llama3.1:8b,6,0,0,6.18,2,5.31,3.224
llama3.1:8b,6,0,1,6.18,2,3.87,3.271
llama3.1:8b,6,0,2,6.18,2,2.74,3.083
llama3.1:8b,6,0,3,6.18,2,12.31,0.827
llama3.1:8b,6,0,4,6.18,2,13.78,2.296
llama3.1:8b,6,0,5,6.18,2,3.48,2.954
llama3.1:8b,6,0,6,6.18,2,3.55,3.371
llama3.1:8b,6,0,0,6.18,4,5.62,3.565
llama3.1:8b,6,0,1,6.18,4,4.82,3.767
llama3.1:8b,6,0,2,6.18,4,5.06,3.28
llama3.1:8b,6,0,3,6.18,4,10.72,0.799
llama3.1:8b,6,0,4,6.18,4,4.28,3.34
llama3.1:8b,6,0,5,6.18,4,4.84,3.393
llama3.1:8b,6,0,6,6.18,4,4.35,3.477
llama3.1:8b,6,0,0,6.18,6,7.4,3.188
llama3.1:8b,6,0,1,6.18,6,6.04,3.582
llama3.1:8b,6,0,2,6.18,6,5.08,3.691
llama3.1:8b,6,0,3,6.18,6,9.89,1.071
llama3.1:8b,6,0,4,6.18,6,10.66,2.692
llama3.1:8b,6,0,5,6.18,6,4.17,3.193
llama3.1:8b,6,0,6,6.18,6,5.43,3.655
llama3.1:8b,6,0,0,6.18,8,6.19,2.94
llama3.1:8b,6,0,1,6.18,8,6.99,3.53
llama3.1:8b,6,0,2,6.18,8,6.97,3.637
llama3.1:8b,6,0,3,6.18,8,13.56,0.82
llama3.1:8b,6,0,4,6.18,8,11.85,2.549
llama3.1:8b,6,0,5,6.18,8,7.52,3.793
llama3.1:8b,6,0,6,6.18,8,9.48,3.757
llama3.1:8b,6,0,0,6.18,10,7.18,3.121
llama3.1:8b,6,0,1,6.18,10,5.67,3.33
llama3.1:8b,6,0,2,6.18,10,6.46,3.143
llama3.1:8b,6,0,3,6.18,10,26.33,1.159
llama3.1:8b,6,0,4,6.18,10,10.55,3.775
llama3.1:8b,6,0,5,6.18,10,8.01,3.315
llama3.1:8b,6,0,6,6.18,10,8.89,4.277
llama3.1:8b,6,0,0,6.18,12,12.36,3.263
llama3.1:8b,6,0,1,6.18,12,14.01,3.776
llama3.1:8b,6,0,2,6.18,12,10.37,3.665
llama3.1:8b,6,0,3,6.18,12,17.76,0.873
llama3.1:8b,6,0,4,6.18,12,16.77,3.138
llama3.1:8b,6,0,5,6.18,12,8.84,4.162
llama3.1:8b,6,0,6,6.18,12,12.23,3.671
llama3.1:8b,6,1,0,5.79,0,2.56,2.247
llama3.1:8b,6,1,1,5.79,0,1.58,2.064
llama3.1:8b,6,1,2,5.79,0,1.4,2.676
llama3.1:8b,6,1,3,5.79,0,9.42,0.851
llama3.1:8b,6,1,4,5.79,0,1.91,2.501
llama3.1:8b,6,1,5,5.79,0,1.27,2.385
llama3.1:8b,6,1,6,5.79,0,1.29,2.028
llama3.1:8b,6,1,0,5.79,2,3.03,2.533
llama3.1:8b,6,1,1,5.79,2,3.21,2.721
llama3.1:8b,6,1,2,5.79,2,2.86,2.845
llama3.1:8b,6,1,3,5.79,2,9.44,0.988
llama3.1:8b,6,1,4,5.79,2,6.58,0.887
llama3.1:8b,6,1,5,5.79,2,2.77,2.721
llama3.1:8b,6,1,6,5.79,2,2.46,2.693
llama3.1:8b,6,1,0,5.79,4,4.69,2.797
llama3.1:8b,6,1,1,5.79,4,3.55,2.909
llama3.1:8b,6,1,2,5.79,4,4.57,3.048
llama3.1:8b,6,1,3,5.79,4,15.98,0.887
llama3.1:8b,6,1,4,5.79,4,7.15,1.874
llama3.1:8b,6,1,5,5.79,4,2.95,2.564
llama3.1:8b,6,1,6,5.79,4,3.64,2.879
llama3.1:8b,6,1,0,5.79,6,4.77,3.073
llama3.1:8b,6,1,1,5.79,6,3.93,2.741
llama3.1:8b,6,1,2,5.79,6,3.81,2.326
llama3.1:8b,6,1,3,5.79,6,11.5,0.881
llama3.1:8b,6,1,4,5.79,6,7.92,2.207
llama3.1:8b,6,1,5,5.79,6,3.89,3.021
llama3.1:8b,6,1,6,5.79,6,4.51,2.934
llama3.1:8b,6,1,0,5.79,8,4.96,3.005
llama3.1:8b,6,1,1,5.79,8,4.91,3.155
llama3.1:8b,6,1,2,5.79,8,5.35,3.071
llama3.1:8b,6,1,3,5.79,8,10.51,0.918
llama3.1:8b,6,1,4,5.79,8,7.76,3.229
llama3.1:8b,6,1,5,5.79,8,5.45,3.006
llama3.1:8b,6,1,6,5.79,8,5.18,2.747
llama3.1:8b,6,1,0,5.79,10,5.64,3.144
llama3.1:8b,6,1,1,5.79,10,5.4,2.835
llama3.1:8b,6,1,2,5.79,10,4.81,2.465
llama3.1:8b,6,1,3,5.79,10,10.22,1.175
llama3.1:8b,6,1,4,5.79,10,12.6,4.485
llama3.1:8b,6,1,5,5.79,10,4.87,2.475
llama3.1:8b,6,1,6,5.79,10,7.5,3.358
llama3.1:8b,6,1,0,5.79,12,9.11,3.396
llama3.1:8b,6,1,1,5.79,12,6.16,2.752
llama3.1:8b,6,1,2,5.79,12,6.01,3.045
llama3.1:8b,6,1,3,5.79,12,12.99,0.958
llama3.1:8b,6,1,4,5.79,12,11.13,2.993
llama3.1:8b,6,1,5,5.79,12,14.32,4.943
llama3.1:8b,6,1,6,5.79,12,5.65,3.213
llama3.1:8b,6,2,0,5.61,0,3.8,2.166
llama3.1:8b,6,2,1,5.61,0,3.25,2.072
llama3.1:8b,6,2,2,5.61,0,4.6,3.567
llama3.1:8b,6,2,3,5.61,0,15.52,0.859
llama3.1:8b,6,2,4,5.61,0,9.26,2.636
llama3.1:8b,6,2,5,5.61,0,3.95,3.127
llama3.1:8b,6,2,6,5.61,0,4.28,2.968
llama3.1:8b,6,2,0,5.61,2,5.03,2.755
llama3.1:8b,6,2,1,5.61,2,4.56,2.677
llama3.1:8b,6,2,2,5.61,2,4.01,2.573
llama3.1:8b,6,2,3,5.61,2,13.9,0.872
llama3.1:8b,6,2,4,5.61,2,9.93,2.203
llama3.1:8b,6,2,5,5.61,2,4.86,3.697
llama3.1:8b,6,2,6,5.61,2,4.47,3.227
llama3.1:8b,6,2,0,5.61,4,5.92,4.359
llama3.1:8b,6,2,1,5.61,4,4.94,3.416
llama3.1:8b,6,2,2,5.61,4,6.49,3.76
llama3.1:8b,6,2,3,5.61,4,11.94,0.904
llama3.1:8b,6,2,4,5.61,4,8.69,2.463
llama3.1:8b,6,2,5,5.61,4,5.23,2.882
llama3.1:8b,6,2,6,5.61,4,4.4,3.869
llama3.1:8b,6,2,0,5.61,6,6.73,3.391
llama3.1:8b,6,2,1,5.61,6,5.83,4.193
llama3.1:8b,6,2,2,5.61,6,4.73,2.833
llama3.1:8b,6,2,3,5.61,6,12.63,0.867
llama3.1:8b,6,2,4,5.61,6,12.19,1.802
llama3.1:8b,6,2,5,5.61,6,7.57,2.629
llama3.1:8b,6,2,6,5.61,6,4.3,3.593
llama3.1:8b,6,2,0,5.61,8,7.01,3.289
llama3.1:8b,6,2,1,5.61,8,5.89,3.388
llama3.1:8b,6,2,2,5.61,8,5.49,3.738
llama3.1:8b,6,2,3,5.61,8,9.9,0.904
llama3.1:8b,6,2,4,5.61,8,12.83,2.334
llama3.1:8b,6,2,5,5.61,8,6.64,3.726
llama3.1:8b,6,2,6,5.61,8,5.82,3.921
llama3.1:8b,6,2,0,5.61,10,7.38,4.076
llama3.1:8b,6,2,1,5.61,10,7.5,4.002
llama3.1:8b,6,2,2,5.61,10,5.16,3.93
llama3.1:8b,6,2,3,5.61,10,10.44,0.868
llama3.1:8b,6,2,4,5.61,10,13.43,2.805
llama3.1:8b,6,2,5,5.61,10,6.44,3.045
llama3.1:8b,6,2,6,5.61,10,7.53,3.871
llama3.1:8b,6,2,0,5.61,12,12.8,3.984
llama3.1:8b,6,2,1,5.61,12,13.38,3.051
llama3.1:8b,6,2,2,5.61,12,6.6,3.945
llama3.1:8b,6,2,3,5.61,12,13.37,0.95
llama3.1:8b,6,2,4,5.61,12,17.24,3.167
llama3.1:8b,6,2,5,5.61,12,11.68,4.145
llama3.1:8b,6,2,6,5.61,12,14.16,4.582
llama3.1:8b,8,0,0,7.91,0,2.28,1.482
llama3.1:8b,8,0,1,7.91,0,4.98,2.632
llama3.1:8b,8,0,2,7.91,0,2.81,1.535
llama3.1:8b,8,0,3,7.91,0,13.9,0.844
llama3.1:8b,8,0,4,7.91,0,6.14,2.513
llama3.1:8b,8,0,5,7.91,0,2.36,2.207
llama3.1:8b,8,0,6,7.91,0,2.77,2.419
llama3.1:8b,8,0,0,7.91,2,4.06,2.443
llama3.1:8b,8,0,1,7.91,2,5.37,2.514
llama3.1:8b,8,0,2,7.91,2,4.64,2.46
llama3.1:8b,8,0,3,7.91,2,12.94,0.807
llama3.1:8b,8,0,4,7.91,2,8.57,2.512
llama3.1:8b,8,0,5,7.91,2,4.86,2.968
llama3.1:8b,8,0,6,7.91,2,4.51,3.003
llama3.1:8b,8,0,0,7.91,4,7.61,3.142
llama3.1:8b,8,0,1,7.91,4,6.09,2.804
llama3.1:8b,8,0,2,7.91,4,5.65,2.471
llama3.1:8b,8,0,3,7.91,4,8.35,1.043
llama3.1:8b,8,0,4,7.91,4,9.46,2.174
llama3.1:8b,8,0,5,7.91,4,6.02,2.919
llama3.1:8b,8,0,6,7.91,4,6.8,3.162
llama3.1:8b,8,0,0,7.91,6,6.79,2.777
llama3.1:8b,8,0,1,7.91,6,6.84,3.274
llama3.1:8b,8,0,2,7.91,6,7.28,2.674
llama3.1:8b,8,0,3,7.91,6,18.14,0.924
llama3.1:8b,8,0,4,7.91,6,10.18,2.612
llama3.1:8b,8,0,5,7.91,6,6.62,3.112
llama3.1:8b,8,0,6,7.91,6,7.62,3.525
llama3.1:8b,8,0,0,7.91,8,7.33,3.171
llama3.1:8b,8,0,1,7.91,8,8.99,3.19
llama3.1:8b,8,0,2,7.91,8,8.14,3.091
llama3.1:8b,8,0,3,7.91,8,15.4,0.897
llama3.1:8b,8,0,4,7.91,8,11.76,2.022
llama3.1:8b,8,0,5,7.91,8,8.51,3.562
llama3.1:8b,8,0,6,7.91,8,8.55,3.616
llama3.1:8b,8,0,0,7.91,10,7.89,3.239
llama3.1:8b,8,0,1,7.91,10,11.72,3.187
llama3.1:8b,8,0,2,7.91,10,7.91,3.479
llama3.1:8b,8,0,3,7.91,10,16.43,0.916
llama3.1:8b,8,0,4,7.91,10,10.14,2.24
llama3.1:8b,8,0,5,7.91,10,8.89,3.239
llama3.1:8b,8,0,6,7.91,10,9.26,2.963
llama3.1:8b,8,0,0,7.91,12,10.06,2.8
llama3.1:8b,8,0,1,7.91,12,13.05,2.918
llama3.1:8b,8,0,2,7.91,12,11.18,2.615
llama3.1:8b,8,0,3,7.91,12,17.58,0.83
llama3.1:8b,8,0,4,7.91,12,11.64,2.28
llama3.1:8b,8,0,5,7.91,12,12.82,4.847
llama3.1:8b,8,0,6,7.91,12,10.49,4.102
llama3.1:8b,8,1,0,7.74,0,5.28,2.494
llama3.1:8b,8,1,1,7.74,0,4.35,2.249
llama3.1:8b,8,1,2,7.74,0,5.24,2.35
llama3.1:8b,8,1,3,7.74,0,12.94,0.793
llama3.1:8b,8,1,4,7.74,0,12.01,1.711
llama3.1:8b,8,1,5,7.74,0,3.72,2.299
llama3.1:8b,8,1,6,7.74,0,5.43,2.254
llama3.1:8b,8,1,0,7.74,2,4.02,2.107
llama3.1:8b,8,1,1,7.74,2,5.46,2.822
llama3.1:8b,8,1,2,7.74,2,5.28,2.124
llama3.1:8b,8,1,3,7.74,2,14.63,0.769
llama3.1:8b,8,1,4,7.74,2,6.6,3.61
llama3.1:8b,8,1,5,7.74,2,5.46,2.065
llama3.1:8b,8,1,6,7.74,2,4.35,2.408
llama3.1:8b,8,1,0,7.74,4,5.87,2.572
llama3.1:8b,8,1,1,7.74,4,8.1,3.263
llama3.1:8b,8,1,2,7.74,4,5.67,2.439
llama3.1:8b,8,1,3,7.74,4,12.41,0.825
llama3.1:8b,8,1,4,7.74,4,7.34,2.496
llama3.1:8b,8,1,5,7.74,4,6.47,2.534
llama3.1:8b,8,1,6,7.74,4,6.57,2.962
llama3.1:8b,8,1,0,7.74,6,7.86,2.664
llama3.1:8b,8,1,1,7.74,6,6.93,2.978
llama3.1:8b,8,1,2,7.74,6,7.24,3.118
llama3.1:8b,8,1,3,7.74,6,13.14,0.972
llama3.1:8b,8,1,4,7.74,6,5.5,3.383
llama3.1:8b,8,1,5,7.74,6,7.54,3.189
llama3.1:8b,8,1,6,7.74,6,7.51,3.225
llama3.1:8b,8,1,0,7.74,8,9.86,3.105
llama3.1:8b,8,1,1,7.74,8,9.43,3.138
llama3.1:8b,8,1,2,7.74,8,9.51,3.738
llama3.1:8b,8,1,3,7.74,8,18.85,1.21
llama3.1:8b,8,1,4,7.74,8,23.64,2.356
llama3.1:8b,8,1,5,7.74,8,8.06,3.332
llama3.1:8b,8,1,6,7.74,8,6.98,3.182
llama3.1:8b,8,1,0,7.74,10,9.53,2.695
llama3.1:8b,8,1,1,7.74,10,9.32,3.681
llama3.1:8b,8,1,2,7.74,10,9.92,3.709
llama3.1:8b,8,1,3,7.74,10,13.39,1.04
llama3.1:8b,8,1,4,7.74,10,9.42,4.595
llama3.1:8b,8,1,5,7.74,10,8.47,3.202
llama3.1:8b,8,1,6,7.74,10,10.76,4.012
llama3.1:8b,8,1,0,7.74,12,13.77,3.454
llama3.1:8b,8,1,1,7.74,12,12.81,3.377
llama3.1:8b,8,1,2,7.74,12,12.13,3.72
llama3.1:8b,8,1,3,7.74,12,19.51,0.934
llama3.1:8b,8,1,4,7.74,12,13.16,3.227
llama3.1:8b,8,1,5,7.74,12,13.71,5.581
llama3.1:8b,8,1,6,7.74,12,13.66,4.27
llama3.1:8b,8,2,0,8.22,0,4.07,2.113
llama3.1:8b,8,2,1,8.22,0,4.4,2.146
llama3.1:8b,8,2,2,8.22,0,5.45,2.318
llama3.1:8b,8,2,3,8.22,0,11.26,0.74
llama3.1:8b,8,2,4,8.22,0,8.03,2.727
llama3.1:8b,8,2,5,8.22,0,4.6,2.734
llama3.1:8b,8,2,6,8.22,0,4.7,2.65
llama3.1:8b,8,2,0,8.22,2,6.73,2.543
llama3.1:8b,8,2,1,8.22,2,5.41,2.427
llama3.1:8b,8,2,2,8.22,2,5.55,2.986
llama3.1:8b,8,2,3,8.22,2,18.28,0.925
llama3.1:8b,8,2,4,8.22,2,11.55,2.735
llama3.1:8b,8,2,5,8.22,2,4.6,2.74
llama3.1:8b,8,2,6,8.22,2,7.23,2.662
llama3.1:8b,8,2,0,8.22,4,6.42,3.006
llama3.1:8b,8,2,1,8.22,4,6.44,2.982
llama3.1:8b,8,2,2,8.22,4,8.88,3.11
llama3.1:8b,8,2,3,8.22,4,18.29,0.934
llama3.1:8b,8,2,4,8.22,4,11.95,2.557
llama3.1:8b,8,2,5,8.22,4,4.72,2.428
llama3.1:8b,8,2,6,8.22,4,6.73,2.528
llama3.1:8b,8,2,0,8.22,6,7.15,2.977
llama3.1:8b,8,2,1,8.22,6,7.15,2.958
llama3.1:8b,8,2,2,8.22,6,6.63,3.284
llama3.1:8b,8,2,3,8.22,6,5.82,0.762
llama3.1:8b,8,2,4,8.22,6,11.6,2.879
llama3.1:8b,8,2,5,8.22,6,7.29,2.617
llama3.1:8b,8,2,6,8.22,6,8.12,3.294
llama3.1:8b,8,2,0,8.22,8,8.08,3.216
llama3.1:8b,8,2,1,8.22,8,8.71,2.569
llama3.1:8b,8,2,2,8.22,8,7.83,3.153
llama3.1:8b,8,2,3,8.22,8,11.01,0.901
llama3.1:8b,8,2,4,8.22,8,8.18,2.682
llama3.1:8b,8,2,5,8.22,8,8.01,3.41
llama3.1:8b,8,2,6,8.22,8,8.53,3.506
llama3.1:8b,8,2,0,8.22,10,9.2,2.744
llama3.1:8b,8,2,1,8.22,10,8.42,3.369
llama3.1:8b,8,2,2,8.22,10,7.59,3.156
llama3.1:8b,8,2,3,8.22,10,16.99,0.783
llama3.1:8b,8,2,4,8.22,10,11.43,2.874
llama3.1:8b,8,2,5,8.22,10,9.77,2.958
llama3.1:8b,8,2,6,8.22,10,8.28,2.759
llama3.1:8b,8,2,0,8.22,12,11.86,2.633
llama3.1:8b,8,2,1,8.22,12,11.7,2.532
llama3.1:8b,8,2,2,8.22,12,9.94,2.558
llama3.1:8b,8,2,3,8.22,12,16.56,0.901
llama3.1:8b,8,2,4,8.22,12,15.95,7.488
llama3.1:8b,8,2,5,8.22,12,11.41,3.78
llama3.1:8b,8,2,6,8.22,12,9.04,4.297
llama3.1:8b,10,0,0,10.07,0,6.46,2.359
llama3.1:8b,10,0,1,10.07,0,3.96,1.935
llama3.1:8b,10,0,2,10.07,0,4.92,2.376
llama3.1:8b,10,0,3,10.07,0,8.47,0.827
llama3.1:8b,10,0,4,10.07,0,10.88,2.325
llama3.1:8b,10,0,5,10.07,0,2.07,2.276
llama3.1:8b,10,0,6,10.07,0,3.05,2.324
llama3.1:8b,10,0,0,10.07,2,5.01,2.113
llama3.1:8b,10,0,1,10.07,2,5.02,2.636
llama3.1:8b,10,0,2,10.07,2,5.42,2.215
llama3.1:8b,10,0,3,10.07,2,13.98,0.853
llama3.1:8b,10,0,4,10.07,2,8.07,2.357
llama3.1:8b,10,0,5,10.07,2,3.52,2.347
llama3.1:8b,10,0,6,10.07,2,4.73,2.847
llama3.1:8b,10,0,0,10.07,4,7.51,2.67
llama3.1:8b,10,0,1,10.07,4,6.31,2.485
llama3.1:8b,10,0,2,10.07,4,6.39,2.516
llama3.1:8b,10,0,3,10.07,4,9.13,0.838
llama3.1:8b,10,0,4,10.07,4,5.37,3.399
llama3.1:8b,10,0,5,10.07,4,6.45,2.085
llama3.1:8b,10,0,6,10.07,4,7.0,2.953
llama3.1:8b,10,0,0,10.07,6,8.41,3.381
llama3.1:8b,10,0,1,10.07,6,9.19,3.48
llama3.1:8b,10,0,2,10.07,6,5.11,3.405
llama3.1:8b,10,0,3,10.07,6,14.8,0.852
llama3.1:8b,10,0,4,10.07,6,10.22,1.897
llama3.1:8b,10,0,5,10.07,6,7.7,2.529
llama3.1:8b,10,0,6,10.07,6,6.72,2.257
llama3.1:8b,10,0,0,10.07,8,10.85,3.718
llama3.1:8b,10,0,1,10.07,8,8.44,2.641
llama3.1:8b,10,0,2,10.07,8,8.61,2.583
llama3.1:8b,10,0,3,10.07,8,15.22,0.827
llama3.1:8b,10,0,4,10.07,8,9.22,3.282
llama3.1:8b,10,0,5,10.07,8,8.08,2.921
llama3.1:8b,10,0,6,10.07,8,8.24,3.232
llama3.1:8b,10,0,0,10.07,10,10.01,3.648
llama3.1:8b,10,0,1,10.07,10,11.81,3.833
llama3.1:8b,10,0,2,10.07,10,7.81,3.189
llama3.1:8b,10,0,3,10.07,10,15.4,0.939
llama3.1:8b,10,0,4,10.07,10,6.58,2.15
llama3.1:8b,10,0,5,10.07,10,10.2,2.863
llama3.1:8b,10,0,6,10.07,10,9.74,3.369
llama3.1:8b,10,0,0,10.07,12,10.68,3.933
llama3.1:8b,10,0,1,10.07,12,13.0,4.612
llama3.1:8b,10,0,2,10.07,12,11.3,3.964
llama3.1:8b,10,0,3,10.07,12,12.41,1.021
llama3.1:8b,10,0,4,10.07,12,12.23,4.787
llama3.1:8b,10,0,5,10.07,12,8.46,3.446
llama3.1:8b,10,0,6,10.07,12,12.39,4.87
llama3.1:8b,10,1,0,10.1,0,5.1,2.792
llama3.1:8b,10,1,1,10.1,0,5.2,2.943
llama3.1:8b,10,1,2,10.1,0,5.52,2.07
llama3.1:8b,10,1,3,10.1,0,11.52,1.164
llama3.1:8b,10,1,4,10.1,0,11.26,2.151
llama3.1:8b,10,1,5,10.1,0,5.41,2.577
llama3.1:8b,10,1,6,10.1,0,5.45,3.169
llama3.1:8b,10,1,0,10.1,2,5.04,3.006
llama3.1:8b,10,1,1,10.1,2,5.11,2.78
llama3.1:8b,10,1,2,10.1,2,6.75,2.96
llama3.1:8b,10,1,3,10.1,2,14.65,1.127
llama3.1:8b,10,1,4,10.1,2,4.48,2.431
llama3.1:8b,10,1,5,10.1,2,5.57,2.6
llama3.1:8b,10,1,6,10.1,2,6.48,3.588
llama3.1:8b,10,1,0,10.1,4,6.03,4.277
llama3.1:8b,10,1,1,10.1,4,6.99,2.727
llama3.1:8b,10,1,2,10.1,4,6.1,2.924
llama3.1:8b,10,1,3,10.1,4,9.68,1.075
llama3.1:8b,10,1,4,10.1,4,6.32,3.64
llama3.1:8b,10,1,5,10.1,4,5.93,3.835
llama3.1:8b,10,1,6,10.1,4,6.65,4.079
llama3.1:8b,10,1,0,10.1,6,8.56,5.793
llama3.1:8b,10,1,1,10.1,6,7.51,3.133
llama3.1:8b,10,1,2,10.1,6,7.03,5.878
llama3.1:8b,10,1,3,10.1,6,8.76,1.129
llama3.1:8b,10,1,4,10.1,6,8.54,5.44
llama3.1:8b,10,1,5,10.1,6,7.69,3.861
llama3.1:8b,10,1,6,10.1,6,8.41,5.013
llama3.1:8b,10,1,0,10.1,8,8.36,3.784
llama3.1:8b,10,1,1,10.1,8,8.3,5.863
llama3.1:8b,10,1,2,10.1,8,8.51,5.176
llama3.1:8b,10,1,3,10.1,8,13.45,1.027
llama3.1:8b,10,1,4,10.1,8,12.49,3.087
llama3.1:8b,10,1,5,10.1,8,7.82,3.965
llama3.1:8b,10,1,6,10.1,8,10.07,6.347
llama3.1:8b,10,1,0,10.1,10,9.81,5.722
llama3.1:8b,10,1,1,10.1,10,9.55,3.505
llama3.1:8b,10,1,2,10.1,10,10.08,5.053
llama3.1:8b,10,1,3,10.1,10,17.89,1.025
llama3.1:8b,10,1,4,10.1,10,11.77,4.992
llama3.1:8b,10,1,5,10.1,10,9.26,4.039
llama3.1:8b,10,1,6,10.1,10,9.27,5.677
llama3.1:8b,10,1,0,10.1,12,10.67,5.476
llama3.1:8b,10,1,1,10.1,12,9.58,3.42
llama3.1:8b,10,1,2,10.1,12,9.68,4.967
llama3.1:8b,10,1,3,10.1,12,11.44,1.328
llama3.1:8b,10,1,4,10.1,12,10.64,1.782
llama3.1:8b,10,1,5,10.1,12,10.82,5.271
llama3.1:8b,10,1,6,10.1,12,10.53,5.069
llama3.1:8b,10,2,0,10.2,0,3.33,1.81
llama3.1:8b,10,2,1,10.2,0,2.84,1.8
llama3.1:8b,10,2,2,10.2,0,3.5,1.829
llama3.1:8b,10,2,3,10.2,0,16.39,0.805
llama3.1:8b,10,2,4,10.2,0,3.42,1.473
llama3.1:8b,10,2,5,10.2,0,3.43,2.166
llama3.1:8b,10,2,6,10.2,0,3.85,1.864
llama3.1:8b,10,2,0,10.2,2,5.78,2.341
llama3.1:8b,10,2,1,10.2,2,4.24,1.997
llama3.1:8b,10,2,2,10.2,2,4.1,1.983
llama3.1:8b,10,2,3,10.2,2,12.41,0.842
llama3.1:8b,10,2,4,10.2,2,10.14,3.457
llama3.1:8b,10,2,5,10.2,2,4.25,1.909
llama3.1:8b,10,2,6,10.2,2,3.85,1.823
llama3.1:8b,10,2,0,10.2,4,7.41,2.827
llama3.1:8b,10,2,1,10.2,4,6.11,2.291
llama3.1:8b,10,2,2,10.2,4,4.81,2.233
llama3.1:8b,10,2,3,10.2,4,9.86,0.943
llama3.1:8b,10,2,4,10.2,4,11.26,2.34
llama3.1:8b,10,2,5,10.2,4,5.88,2.264
llama3.1:8b,10,2,6,10.2,4,6.49,2.652
llama3.1:8b,10,2,0,10.2,6,6.85,2.651
llama3.1:8b,10,2,1,10.2,6,6.56,2.825
llama3.1:8b,10,2,2,10.2,6,6.18,2.453
llama3.1:8b,10,2,3,10.2,6,10.63,0.915
llama3.1:8b,10,2,4,10.2,6,10.89,3.281
llama3.1:8b,10,2,5,10.2,6,5.21,1.989
llama3.1:8b,10,2,6,10.2,6,7.51,2.777
llama3.1:8b,10,2,0,10.2,8,9.35,2.605
llama3.1:8b,10,2,1,10.2,8,6.93,2.376
llama3.1:8b,10,2,2,10.2,8,9.61,2.821
llama3.1:8b,10,2,3,10.2,8,17.29,0.829
llama3.1:8b,10,2,4,10.2,8,9.45,2.159
llama3.1:8b,10,2,5,10.2,8,9.84,2.893
llama3.1:8b,10,2,6,10.2,8,7.77,3.423
llama3.1:8b,10,2,0,10.2,10,10.93,2.899
llama3.1:8b,10,2,1,10.2,10,11.43,2.959
llama3.1:8b,10,2,2,10.2,10,7.31,2.74
llama3.1:8b,10,2,3,10.2,10,12.31,0.974
llama3.1:8b,10,2,4,10.2,10,10.6,2.618
llama3.1:8b,10,2,5,10.2,10,10.71,2.574
llama3.1:8b,10,2,6,10.2,10,14.39,3.782
llama3.1:8b,10,2,0,10.2,12,12.2,2.664
llama3.1:8b,10,2,1,10.2,12,13.32,3.2
llama3.1:8b,10,2,2,10.2,12,8.9,2.597
llama3.1:8b,10,2,3,10.2,12,20.48,0.9
llama3.1:8b,10,2,4,10.2,12,10.63,2.458
llama3.1:8b,10,2,5,10.2,12,13.68,5.096
llama3.1:8b,10,2,6,10.2,12,14.86,3.71
llama3.1:8b,12,0,0,11.81,0,5.55,3.69
llama3.1:8b,12,0,1,11.81,0,6.22,3.695
llama3.1:8b,12,0,2,11.81,0,6.04,3.187
llama3.1:8b,12,0,3,11.81,0,11.26,0.942
llama3.1:8b,12,0,4,11.81,0,10.35,1.643
llama3.1:8b,12,0,5,11.81,0,6.07,3.531
llama3.1:8b,12,0,6,11.81,0,5.91,4.014
llama3.1:8b,12,0,0,11.81,2,7.06,5.749
llama3.1:8b,12,0,1,11.81,2,6.09,3.792
llama3.1:8b,12,0,2,11.81,2,6.03,3.441
llama3.1:8b,12,0,3,11.81,2,9.55,1.047
llama3.1:8b,12,0,4,11.81,2,13.17,2.898
llama3.1:8b,12,0,5,11.81,2,6.82,4.911
llama3.1:8b,12,0,6,11.81,2,7.29,3.112
llama3.1:8b,12,0,0,11.81,4,9.67,6.705
llama3.1:8b,12,0,1,11.81,4,7.65,4.794
llama3.1:8b,12,0,2,11.81,4,8.12,4.928
llama3.1:8b,12,0,3,11.81,4,10.86,1.14
llama3.1:8b,12,0,4,11.81,4,6.68,4.178
llama3.1:8b,12,0,5,11.81,4,7.28,3.815
llama3.1:8b,12,0,6,11.81,4,8.45,5.518
llama3.1:8b,12,0,0,11.81,6,9.7,6.623
llama3.1:8b,12,0,1,11.81,6,7.0,5.021
llama3.1:8b,12,0,2,11.81,6,8.3,3.501
llama3.1:8b,12,0,3,11.81,6,13.93,1.134
llama3.1:8b,12,0,4,11.81,6,14.31,3.451
llama3.1:8b,12,0,5,11.81,6,8.87,3.765
llama3.1:8b,12,0,6,11.81,6,8.23,5.304
llama3.1:8b,12,0,0,11.81,8,8.94,6.402
llama3.1:8b,12,0,1,11.81,8,9.52,5.286
llama3.1:8b,12,0,2,11.81,8,9.04,3.914
llama3.1:8b,12,0,3,11.81,8,12.56,1.045
llama3.1:8b,12,0,4,11.81,8,12.06,3.73
llama3.1:8b,12,0,5,11.81,8,8.49,4.544
llama3.1:8b,12,0,6,11.81,8,9.23,5.948
llama3.1:8b,12,0,0,11.81,10,12.54,6.182
llama3.1:8b,12,0,1,11.81,10,10.33,7.72
llama3.1:8b,12,0,2,11.81,10,10.85,4.466
llama3.1:8b,12,0,3,11.81,10,16.34,1.111
llama3.1:8b,12,0,4,11.81,10,46.35,4.595
llama3.1:8b,12,0,5,11.81,10,10.9,4.642
llama3.1:8b,12,0,6,11.81,10,11.81,5.192
llama3.1:8b,12,0,0,11.81,12,12.53,6.444
llama3.1:8b,12,0,1,11.81,12,11.88,7.53
llama3.1:8b,12,0,2,11.81,12,10.3,5.005
llama3.1:8b,12,0,3,11.81,12,13.39,1.359
llama3.1:8b,12,0,4,11.81,12,10.75,3.024
llama3.1:8b,12,0,5,11.81,12,13.96,8.737
llama3.1:8b,12,0,6,11.81,12,13.82,6.395
llama3.1:8b,12,1,0,11.54,0,3.84,2.56
llama3.1:8b,12,1,1,11.54,0,4.02,2.533
llama3.1:8b,12,1,2,11.54,0,2.42,2.074
llama3.1:8b,12,1,3,11.54,0,9.55,0.969
llama3.1:8b,12,1,4,11.54,0,4.6,3.392
llama3.1:8b,12,1,5,11.54,0,3.83,2.488
llama3.1:8b,12,1,6,11.54,0,3.71,2.561
llama3.1:8b,12,1,0,11.54,2,4.61,2.883
llama3.1:8b,12,1,1,11.54,2,5.99,3.049
llama3.1:8b,12,1,2,11.54,2,4.45,3.271
llama3.1:8b,12,1,3,11.54,2,10.86,0.963
llama3.1:8b,12,1,4,11.54,2,8.53,2.002
llama3.1:8b,12,1,5,11.54,2,4.24,2.355
llama3.1:8b,12,1,6,11.54,2,3.9,2.852
llama3.1:8b,12,1,0,11.54,4,6.54,4.209
llama3.1:8b,12,1,1,11.54,4,5.9,3.618
llama3.1:8b,12,1,2,11.54,4,4.51,3.961
llama3.1:8b,12,1,3,11.54,4,13.98,1.061
llama3.1:8b,12,1,4,11.54,4,4.4,2.701
llama3.1:8b,12,1,5,11.54,4,3.98,2.647
llama3.1:8b,12,1,6,11.54,4,5.47,3.825
llama3.1:8b,12,1,0,11.54,6,6.92,3.967
llama3.1:8b,12,1,1,11.54,6,7.82,4.216
llama3.1:8b,12,1,2,11.54,6,6.18,4.32
llama3.1:8b,12,1,3,11.54,6,11.21,1.045
llama3.1:8b,12,1,4,11.54,6,13.59,2.04
llama3.1:8b,12,1,5,11.54,6,6.51,3.856
llama3.1:8b,12,1,6,11.54,6,6.66,4.577
llama3.1:8b,12,1,0,11.54,8,10.18,4.223
llama3.1:8b,12,1,1,11.54,8,8.96,4.992
llama3.1:8b,12,1,2,11.54,8,7.19,3.769
llama3.1:8b,12,1,3,11.54,8,12.5,1.06
llama3.1:8b,12,1,4,11.54,8,12.87,2.663
llama3.1:8b,12,1,5,11.54,8,7.48,3.86
llama3.1:8b,12,1,6,11.54,8,8.25,5.183
llama3.1:8b,12,1,0,11.54,10,9.51,5.487
llama3.1:8b,12,1,1,11.54,10,10.88,4.502
llama3.1:8b,12,1,2,11.54,10,8.94,4.004
llama3.1:8b,12,1,3,11.54,10,11.94,1.062
llama3.1:8b,12,1,4,11.54,10,11.16,2.405
llama3.1:8b,12,1,5,11.54,10,8.62,4.722
llama3.1:8b,12,1,6,11.54,10,10.65,5.756
llama3.1:8b,12,1,0,11.54,12,10.23,4.695
llama3.1:8b,12,1,1,11.54,12,13.46,5.307
llama3.1:8b,12,1,2,11.54,12,11.41,6.734
llama3.1:8b,12,1,3,11.54,12,10.81,1.079
llama3.1:8b,12,1,4,11.54,12,14.09,4.284
llama3.1:8b,12,1,5,11.54,12,11.11,5.376
llama3.1:8b,12,1,6,11.54,12,11.84,5.654
llama3.1:8b,12,2,0,11.65,0,2.29,2.005
llama3.1:8b,12,2,1,11.65,0,3.83,2.223
llama3.1:8b,12,2,2,11.65,0,3.86,3.015
llama3.1:8b,12,2,3,11.65,0,11.26,0.777
llama3.1:8b,12,2,4,11.65,0,4.54,2.006
llama3.1:8b,12,2,5,11.65,0,2.33,2.243
llama3.1:8b,12,2,6,11.65,0,4.8,2.202
llama3.1:8b,12,2,0,11.65,2,4.89,3.015
llama3.1:8b,12,2,1,11.65,2,4.54,2.126
llama3.1:8b,12,2,2,11.65,2,4.25,2.363
llama3.1:8b,12,2,3,11.65,2,11.5,0.785
llama3.1:8b,12,2,4,11.65,2,5.93,2.212
llama3.1:8b,12,2,5,11.65,2,4.37,2.318
llama3.1:8b,12,2,6,11.65,2,3.36,2.658
llama3.1:8b,12,2,0,11.65,4,6.7,3.086
llama3.1:8b,12,2,1,11.65,4,5.01,3.091
llama3.1:8b,12,2,2,11.65,4,6.81,3.884
llama3.1:8b,12,2,3,11.65,4,14.63,0.833
llama3.1:8b,12,2,4,11.65,4,5.41,3.378
llama3.1:8b,12,2,5,11.65,4,5.19,2.679
llama3.1:8b,12,2,6,11.65,4,5.17,3.555
llama3.1:8b,12,2,0,11.65,6,9.34,3.138
llama3.1:8b,12,2,1,11.65,6,8.54,3.588
llama3.1:8b,12,2,2,11.65,6,5.21,3.134
llama3.1:8b,12,2,3,11.65,6,12.63,0.875
llama3.1:8b,12,2,4,11.65,6,11.49,2.699
llama3.1:8b,12,2,5,11.65,6,6.88,3.044
llama3.1:8b,12,2,6,11.65,6,6.48,3.262
llama3.1:8b,12,2,0,11.65,8,8.88,3.07
llama3.1:8b,12,2,1,11.65,8,8.5,3.353
llama3.1:8b,12,2,2,11.65,8,6.45,3.44
llama3.1:8b,12,2,3,11.65,8,11.09,0.886
llama3.1:8b,12,2,4,11.65,8,9.64,3.294
llama3.1:8b,12,2,5,11.65,8,7.92,3.291
llama3.1:8b,12,2,6,11.65,8,8.4,3.608
llama3.1:8b,12,2,0,11.65,10,12.32,3.094
llama3.1:8b,12,2,1,11.65,10,10.67,3.441
llama3.1:8b,12,2,2,11.65,10,7.1,3.313
llama3.1:8b,12,2,3,11.65,10,23.72,1.074
llama3.1:8b,12,2,4,11.65,10,12.66,3.122
llama3.1:8b,12,2,5,11.65,10,9.02,3.283
llama3.1:8b,12,2,6,11.65,10,10.0,3.523
llama3.1:8b,12,2,0,11.65,12,13.39,3.293
llama3.1:8b,12,2,1,11.65,12,12.37,3.168
llama3.1:8b,12,2,2,11.65,12,12.94,3.276
llama3.1:8b,12,2,3,11.65,12,18.45,0.802
llama3.1:8b,12,2,4,11.65,12,13.94,2.752
llama3.1:8b,12,2,5,11.65,12,12.73,3.903
llama3.1:8b,12,2,6,11.65,12,13.71,4.145
mistral:7b,0,0,0,0.44,0,1.76,0.836
mistral:7b,0,0,1,0.44,0,3.78,0.932
mistral:7b,0,0,2,0.44,0,2.31,0.918
mistral:7b,0,0,3,0.44,0,3.15,1.263
mistral:7b,0,0,4,0.44,0,6.27,0.865
mistral:7b,0,0,5,0.44,0,2.44,1.241
mistral:7b,0,0,6,0.44,0,2.78,1.071
mistral:7b,0,0,0,0.44,2,1.04,0.992
mistral:7b,0,0,1,0.44,2,1.76,0.944
mistral:7b,0,0,2,0.44,2,1.23,1.013
mistral:7b,0,0,3,0.44,2,2.15,1.068
mistral:7b,0,0,4,0.44,2,9.02,1.431
mistral:7b,0,0,5,0.44,2,2.28,1.132
mistral:7b,0,0,6,0.44,2,1.61,1.063
mistral:7b,0,0,0,0.44,4,1.8,0.935
mistral:7b,0,0,1,0.44,4,1.85,1.014
mistral:7b,0,0,2,0.44,4,2.54,1.144
mistral:7b,0,0,3,0.44,4,2.9,1.381
mistral:7b,0,0,4,0.44,4,4.04,1.092
mistral:7b,0,0,5,0.44,4,1.97,1.571
mistral:7b,0,0,6,0.44,4,0.68,1.07
mistral:7b,0,0,0,0.44,6,3.0,1.006
mistral:7b,0,0,1,0.44,6,2.9,1.064
mistral:7b,0,0,2,0.44,6,2.3,0.981
mistral:7b,0,0,3,0.44,6,4.55,1.358
mistral:7b,0,0,4,0.44,6,8.77,2.037
mistral:7b,0,0,5,0.44,6,7.38,2.722
mistral:7b,0,0,6,0.44,6,1.47,1.182
mistral:7b,0,0,0,0.44,8,5.07,0.998
mistral:7b,0,0,1,0.44,8,3.41,1.114
mistral:7b,0,0,2,0.44,8,2.88,1.167
mistral:7b,0,0,3,0.44,8,5.18,1.342
mistral:7b,0,0,4,0.44,8,5.14,2.051
mistral:7b,0,0,5,0.44,8,6.83,1.295
mistral:7b,0,0,6,0.44,8,3.83,1.268
mistral:7b,0,0,0,0.44,10,5.38,1.21
mistral:7b,0,0,1,0.44,10,4.7,1.278
mistral:7b,0,0,2,0.44,10,2.81,1.067
mistral:7b,0,0,3,0.44,10,10.0,1.745
mistral:7b,0,0,4,0.44,10,8.04,0.915
mistral:7b,0,0,5,0.44,10,6.46,1.549
mistral:7b,0,0,6,0.44,10,5.66,1.376
mistral:7b,0,0,0,0.44,12,7.97,1.311
mistral:7b,0,0,1,0.44,12,9.6,1.319
mistral:7b,0,0,2,0.44,12,6.52,1.388
mistral:7b,0,0,3,0.44,12,9.94,1.846
mistral:7b,0,0,4,0.44,12,11.23,2.91
mistral:7b,0,0,5,0.44,12,13.83,6.391
mistral:7b,0,0,6,0.44,12,6.61,1.715
mistral:7b,0,1,0,-0.18,0,0.79,1.425
mistral:7b,0,1,1,-0.18,0,1.26,1.462
mistral:7b,0,1,2,-0.18,0,1.0,1.748
mistral:7b,0,1,3,-0.18,0,2.82,2.198
mistral:7b,0,1,4,-0.18,0,7.7,2.653
mistral:7b,0,1,5,-0.18,0,1.18,1.561
mistral:7b,0,1,6,-0.18,0,13.41,1.202
mistral:7b,0,1,0,-0.18,2,1.14,1.354
mistral:7b,0,1,1,-0.18,2,-0.3,1.406
mistral:7b,0,1,2,-0.18,2,2.06,1.189
mistral:7b,0,1,3,-0.18,2,2.64,1.34
mistral:7b,0,1,4,-0.18,2,11.6,2.711
mistral:7b,0,1,5,-0.18,2,0.97,1.47
mistral:7b,0,1,6,-0.18,2,1.29,1.931
mistral:7b,0,1,0,-0.18,4,1.07,1.643
mistral:7b,0,1,1,-0.18,4,2.35,1.309
mistral:7b,0,1,2,-0.18,4,2.46,1.309
mistral:7b,0,1,3,-0.18,4,2.78,1.995
mistral:7b,0,1,4,-0.18,4,2.84,2.245
mistral:7b,0,1,5,-0.18,4,3.68,1.289
mistral:7b,0,1,6,-0.18,4,1.55,1.498
mistral:7b,0,1,0,-0.18,6,1.8,1.35
mistral:7b,0,1,1,-0.18,6,2.72,1.25
mistral:7b,0,1,2,-0.18,6,1.29,1.09
mistral:7b,0,1,3,-0.18,6,3.09,1.393
mistral:7b,0,1,4,-0.18,6,7.84,1.677
mistral:7b,0,1,5,-0.18,6,3.66,1.388
mistral:7b,0,1,6,-0.18,6,1.57,1.377
mistral:7b,0,1,0,-0.18,8,3.28,1.481
mistral:7b,0,1,1,-0.18,8,3.54,1.331
mistral:7b,0,1,2,-0.18,8,3.06,1.265
mistral:7b,0,1,3,-0.18,8,5.74,2.013
mistral:7b,0,1,4,-0.18,8,6.51,1.482
mistral:7b,0,1,5,-0.18,8,5.1,0.934
mistral:7b,0,1,6,-0.18,8,1.71,1.345
mistral:7b,0,1,0,-0.18,10,6.5,1.267
mistral:7b,0,1,1,-0.18,10,5.18,1.197
mistral:7b,0,1,2,-0.18,10,3.78,1.294
mistral:7b,0,1,3,-0.18,10,5.61,1.945
mistral:7b,0,1,4,-0.18,10,9.56,1.487
mistral:7b,0,1,5,-0.18,10,6.73,1.32
mistral:7b,0,1,6,-0.18,10,2.29,1.441
mistral:7b,0,1,0,-0.18,12,6.54,1.514
mistral:7b,0,1,1,-0.18,12,7.61,1.558
mistral:7b,0,1,2,-0.18,12,7.15,1.482
mistral:7b,0,1,3,-0.18,12,9.44,1.793
mistral:7b,0,1,4,-0.18,12,9.22,2.429
mistral:7b,0,1,5,-0.18,12,5.4,1.367
mistral:7b,0,1,6,-0.18,12,8.89,2.15
mistral:7b,0,2,0,0.33,0,0.51,1.229
mistral:7b,0,2,1,0.33,0,1.48,1.315
mistral:7b,0,2,2,0.33,0,1.39,1.044
mistral:7b,0,2,3,0.33,0,2.44,0.994
mistral:7b,0,2,4,0.33,0,9.52,1.971
mistral:7b,0,2,5,0.33,0,1.55,1.029
mistral:7b,0,2,6,0.33,0,-0.41,1.497
mistral:7b,0,2,0,0.33,2,1.64,1.188
mistral:7b,0,2,1,0.33,2,5.19,1.128
mistral:7b,0,2,2,0.33,2,0.52,1.106
mistral:7b,0,2,3,0.33,2,3.74,1.426
mistral:7b,0,2,4,0.33,2,10.09,3.268
mistral:7b,0,2,5,0.33,2,4.19,1.009
mistral:7b,0,2,6,0.33,2,1.79,1.231
mistral:7b,0,2,0,0.33,4,3.36,1.192
mistral:7b,0,2,1,0.33,4,2.59,1.267
mistral:7b,0,2,2,0.33,4,2.69,1.159
mistral:7b,0,2,3,0.33,4,4.67,1.392
mistral:7b,0,2,4,0.33,4,11.17,2.58
mistral:7b,0,2,5,0.33,4,3.94,2.129
mistral:7b,0,2,6,0.33,4,2.92,1.219
mistral:7b,0,2,0,0.33,6,4.87,1.244
mistral:7b,0,2,1,0.33,6,4.5,1.061
mistral:7b,0,2,2,0.33,6,3.56,1.118
mistral:7b,0,2,3,0.33,6,7.89,1.74
mistral:7b,0,2,4,0.33,6,9.62,3.169
mistral:7b,0,2,5,0.33,6,4.76,1.222
mistral:7b,0,2,6,0.33,6,4.27,1.366
mistral:7b,0,2,0,0.33,8,4.15,1.147
mistral:7b,0,2,1,0.33,8,6.12,1.19
mistral:7b,0,2,2,0.33,8,14.45,1.23
mistral:7b,0,2,3,0.33,8,8.81,1.78
mistral:7b,0,2,4,0.33,8,13.46,1.89
mistral:7b,0,2,5,0.33,8,7.29,1.564
mistral:7b,0,2,6,0.33,8,4.07,1.226
mistral:7b,0,2,0,0.33,10,6.77,1.738
mistral:7b,0,2,1,0.33,10,5.91,1.42
mistral:7b,0,2,2,0.33,10,8.01,1.142
mistral:7b,0,2,3,0.33,10,9.73,2.072
mistral:7b,0,2,4,0.33,10,12.04,2.002
mistral:7b,0,2,5,0.33,10,9.54,4.407
mistral:7b,0,2,6,0.33,10,6.47,1.257
mistral:7b,0,2,0,0.33,12,9.41,1.622
mistral:7b,0,2,1,0.33,12,9.97,1.284
mistral:7b,0,2,2,0.33,12,7.35,1.306
mistral:7b,0,2,3,0.33,12,13.01,3.051
mistral:7b,0,2,4,0.33,12,10.66,1.904
mistral:7b,0,2,5,0.33,12,12.76,8.016
mistral:7b,0,2,6,0.33,12,9.8,1.62
mistral:7b,2,0,0,1.99,0,2.09,0.937
mistral:7b,2,0,1,1.99,0,3.98,1.301
mistral:7b,2,0,2,1.99,0,2.4,1.208
mistral:7b,2,0,3,1.99,0,3.11,1.321
mistral:7b,2,0,4,1.99,0,8.22,1.771
mistral:7b,2,0,5,1.99,0,3.05,1.396
mistral:7b,2,0,6,1.99,0,1.21,0.974
mistral:7b,2,0,0,1.99,2,2.95,1.303
mistral:7b,2,0,1,1.99,2,2.95,1.335
mistral:7b,2,0,2,1.99,2,3.22,1.351
mistral:7b,2,0,3,1.99,2,5.0,1.674
mistral:7b,2,0,4,1.99,2,8.1,1.888
mistral:7b,2,0,5,1.99,2,4.3,1.398
mistral:7b,2,0,6,1.99,2,2.25,1.418
mistral:7b,2,0,0,1.99,4,4.6,1.393
mistral:7b,2,0,1,1.99,4,4.44,1.426
mistral:7b,2,0,2,1.99,4,3.95,1.474
mistral:7b,2,0,3,1.99,4,4.99,1.48
mistral:7b,2,0,4,1.99,4,6.94,1.49
mistral:7b,2,0,5,1.99,4,3.2,1.954
mistral:7b,2,0,6,1.99,4,3.65,1.111
mistral:7b,2,0,0,1.99,6,4.33,1.25
mistral:7b,2,0,1,1.99,6,5.21,1.358
mistral:7b,2,0,2,1.99,6,3.95,1.38
mistral:7b,2,0,3,1.99,6,6.05,1.562
mistral:7b,2,0,4,1.99,6,7.83,1.631
mistral:7b,2,0,5,1.99,6,6.34,1.181
mistral:7b,2,0,6,1.99,6,4.14,1.433
mistral:7b,2,0,0,1.99,8,5.55,1.502
mistral:7b,2,0,1,1.99,8,4.45,1.382
mistral:7b,2,0,2,1.99,8,4.24,1.469
mistral:7b,2,0,3,1.99,8,6.64,1.72
mistral:7b,2,0,4,1.99,8,8.16,2.006
mistral:7b,2,0,5,1.99,8,5.21,1.355
mistral:7b,2,0,6,1.99,8,5.9,1.198
mistral:7b,2,0,0,1.99,10,8.27,1.547
mistral:7b,2,0,1,1.99,10,7.28,1.333
mistral:7b,2,0,2,1.99,10,4.71,1.507
mistral:7b,2,0,3,1.99,10,6.24,1.668
mistral:7b,2,0,4,1.99,10,8.31,2.703
mistral:7b,2,0,5,1.99,10,8.05,2.475
mistral:7b,2,0,6,1.99,10,6.89,1.635
mistral:7b,2,0,0,1.99,12,10.44,1.411
mistral:7b,2,0,1,1.99,12,12.04,1.297
mistral:7b,2,0,2,1.99,12,8.54,1.639
mistral:7b,2,0,3,1.99,12,13.83,2.123
mistral:7b,2,0,4,1.99,12,8.46,1.588
mistral:7b,2,0,5,1.99,12,17.88,1.691
mistral:7b,2,0,6,1.99,12,9.79,1.782
mistral:7b,2,1,0,2.17,0,2.06,1.442
mistral:7b,2,1,1,2.17,0,1.89,1.649
mistral:7b,2,1,2,2.17,0,1.69,1.599
mistral:7b,2,1,3,2.17,0,1.71,1.863
mistral:7b,2,1,4,2.17,0,3.64,0.659
mistral:7b,2,1,5,2.17,0,4.87,1.714
mistral:7b,2,1,6,2.17,0,0.88,1.807
mistral:7b,2,1,0,2.17,2,1.65,1.632
mistral:7b,2,1,1,2.17,2,2.39,1.675
mistral:7b,2,1,2,2.17,2,1.74,1.695
mistral:7b,2,1,3,2.17,2,2.18,1.561
mistral:7b,2,1,4,2.17,2,5.27,0.824
mistral:7b,2,1,5,2.17,2,1.41,1.651
mistral:7b,2,1,6,2.17,2,2.2,1.666
mistral:7b,2,1,0,2.17,4,1.72,1.708
mistral:7b,2,1,1,2.17,4,2.28,1.711
mistral:7b,2,1,2,2.17,4,3.27,1.44
mistral:7b,2,1,3,2.17,4,1.93,1.734
mistral:7b,2,1,4,2.17,4,5.68,0.847
mistral:7b,2,1,5,2.17,4,1.93,1.773
mistral:7b,2,1,6,2.17,4,2.18,1.613
mistral:7b,2,1,0,2.17,6,2.55,1.646
mistral:7b,2,1,1,2.17,6,2.87,1.667
mistral:7b,2,1,2,2.17,6,1.99,1.697
mistral:7b,2,1,3,2.17,6,2.45,1.828
mistral:7b,2,1,4,2.17,6,5.67,1.072
mistral:7b,2,1,5,2.17,6,4.34,1.728
mistral:7b,2,1,6,2.17,6,2.39,1.552
mistral:7b,2,1,0,2.17,8,2.3,1.563
mistral:7b,2,1,1,2.17,8,2.28,1.794
mistral:7b,2,1,2,2.17,8,2.77,2.022
mistral:7b,2,1,3,2.17,8,3.15,1.562
mistral:7b,2,1,4,2.17,8,9.7,2.789
mistral:7b,2,1,5,2.17,8,2.38,1.636
mistral:7b,2,1,6,2.17,8,2.0,1.854
mistral:7b,2,1,0,2.17,10,2.8,1.719
mistral:7b,2,1,1,2.17,10,3.66,1.924
mistral:7b,2,1,2,2.17,10,2.69,1.847
mistral:7b,2,1,3,2.17,10,4.07,2.245
mistral:7b,2,1,4,2.17,10,6.62,1.231
mistral:7b,2,1,5,2.17,10,3.18,2.045
mistral:7b,2,1,6,2.17,10,2.38,1.962
mistral:7b,2,1,0,2.17,12,6.16,1.64
mistral:7b,2,1,1,2.17,12,7.05,1.674
mistral:7b,2,1,2,2.17,12,5.29,2.132
mistral:7b,2,1,3,2.17,12,5.2,1.897
mistral:7b,2,1,4,2.17,12,5.67,0.695
mistral:7b,2,1,5,2.17,12,13.38,5.216
mistral:7b,2,1,6,2.17,12,4.4,1.95
mistral:7b,2,2,0,1.96,0,3.11,1.951
mistral:7b,2,2,1,1.96,0,2.72,1.151
mistral:7b,2,2,2,1.96,0,3.01,1.928
mistral:7b,2,2,3,1.96,0,3.75,1.497
mistral:7b,2,2,4,1.96,0,8.59,2.181
mistral:7b,2,2,5,1.96,0,2.38,1.49
mistral:7b,2,2,6,1.96,0,1.75,1.385
mistral:7b,2,2,0,1.96,2,3.06,1.674
mistral:7b,2,2,1,1.96,2,2.71,1.509
mistral:7b,2,2,2,1.96,2,1.93,1.18
mistral:7b,2,2,3,1.96,2,3.39,1.837
mistral:7b,2,2,4,1.96,2,3.14,1.243
mistral:7b,2,2,5,1.96,2,2.86,1.559
mistral:7b,2,2,6,1.96,2,2.06,1.429
mistral:7b,2,2,0,1.96,4,4.25,1.341
mistral:7b,2,2,1,1.96,4,2.5,1.466
mistral:7b,2,2,2,1.96,4,3.19,1.516
mistral:7b,2,2,3,1.96,4,3.27,1.891
mistral:7b,2,2,4,1.96,4,8.42,2.398
mistral:7b,2,2,5,1.96,4,2.97,2.945
mistral:7b,2,2,6,1.96,4,3.51,1.272
mistral:7b,2,2,0,1.96,6,3.24,1.579
mistral:7b,2,2,1,1.96,6,3.43,1.41
mistral:7b,2,2,2,1.96,6,2.8,1.536
mistral:7b,2,2,3,1.96,6,3.72,1.532
mistral:7b,2,2,4,1.96,6,11.57,1.924
mistral:7b,2,2,5,1.96,6,6.6,2.175
mistral:7b,2,2,6,1.96,6,3.35,1.61
mistral:7b,2,2,0,1.96,8,4.02,1.61
mistral:7b,2,2,1,1.96,8,5.81,1.569
mistral:7b,2,2,2,1.96,8,3.17,1.516
mistral:7b,2,2,3,1.96,8,4.09,1.844
mistral:7b,2,2,4,1.96,8,8.2,0.926
mistral:7b,2,2,5,1.96,8,2.48,1.493
mistral:7b,2,2,6,1.96,8,3.26,1.496
mistral:7b,2,2,0,1.96,10,3.82,1.614
mistral:7b,2,2,1,1.96,10,3.45,1.578
mistral:7b,2,2,2,1.96,10,5.36,1.548
mistral:7b,2,2,3,1.96,10,7.2,1.842
mistral:7b,2,2,4,1.96,10,6.24,1.408
mistral:7b,2,2,5,1.96,10,4.1,1.381
mistral:7b,2,2,6,1.96,10,2.88,1.636
mistral:7b,2,2,0,1.96,12,7.19,1.771
mistral:7b,2,2,1,1.96,12,8.74,2.009
mistral:7b,2,2,2,1.96,12,6.45,1.155
mistral:7b,2,2,3,1.96,12,13.3,1.8
mistral:7b,2,2,4,1.96,12,11.35,1.912
mistral:7b,2,2,5,1.96,12,8.58,1.72
mistral:7b,2,2,6,1.96,12,6.31,1.732
mistral:7b,4,0,0,3.85,0,1.82,1.966
mistral:7b,4,0,1,3.85,0,2.55,1.867
mistral:7b,4,0,2,3.85,0,2.54,1.992
mistral:7b,4,0,3,3.85,0,2.28,1.776
mistral:7b,4,0,4,3.85,0,6.54,2.198
mistral:7b,4,0,5,3.85,0,2.51,1.96
mistral:7b,4,0,6,3.85,0,1.72,1.778
mistral:7b,4,0,0,3.85,2,3.83,2.241
mistral:7b,4,0,1,3.85,2,4.32,2.245
mistral:7b,4,0,2,3.85,2,2.5,2.021
mistral:7b,4,0,3,3.85,2,3.29,2.187
mistral:7b,4,0,4,3.85,2,5.81,2.206
mistral:7b,4,0,5,3.85,2,3.74,2.122
mistral:7b,4,0,6,3.85,2,2.87,2.141
mistral:7b,4,0,0,3.85,4,4.88,2.251
mistral:7b,4,0,1,3.85,4,4.11,2.356
mistral:7b,4,0,2,3.85,4,3.2,2.243
mistral:7b,4,0,3,3.85,4,4.32,2.265
mistral:7b,4,0,4,3.85,4,7.55,1.761
mistral:7b,4,0,5,3.85,4,4.32,2.275
mistral:7b,4,0,6,3.85,4,2.39,1.799
mistral:7b,4,0,0,3.85,6,3.21,2.203
mistral:7b,4,0,1,3.85,6,3.88,1.978
mistral:7b,4,0,2,3.85,6,4.03,2.126
mistral:7b,4,0,3,3.85,6,4.77,2.41
mistral:7b,4,0,4,3.85,6,7.46,2.708
mistral:7b,4,0,5,3.85,6,4.16,2.08
mistral:7b,4,0,6,3.85,6,4.19,2.217
mistral:7b,4,0,0,3.85,8,3.62,2.021
mistral:7b,4,0,1,3.85,8,4.76,2.315
mistral:7b,4,0,2,3.85,8,5.43,2.215
mistral:7b,4,0,3,3.85,8,5.01,2.307
mistral:7b,4,0,4,3.85,8,6.0,1.913
mistral:7b,4,0,5,3.85,8,5.17,2.058
mistral:7b,4,0,6,3.85,8,5.12,2.386
mistral:7b,4,0,0,3.85,10,6.43,2.293
mistral:7b,4,0,1,3.85,10,4.98,2.4
mistral:7b,4,0,2,3.85,10,4.22,2.273
mistral:7b,4,0,3,3.85,10,7.01,2.475
mistral:7b,4,0,4,3.85,10,7.78,2.368
mistral:7b,4,0,5,3.85,10,5.08,2.351
mistral:7b,4,0,6,3.85,10,4.3,2.179
mistral:7b,4,0,0,3.85,12,9.46,2.347
mistral:7b,4,0,1,3.85,12,8.25,2.544
mistral:7b,4,0,2,3.85,12,5.88,2.304
mistral:7b,4,0,3,3.85,12,8.73,2.704
mistral:7b,4,0,4,3.85,12,6.73,1.611
mistral:7b,4,0,5,3.85,12,5.57,2.632
mistral:7b,4,0,6,3.85,12,6.33,2.337
mistral:7b,4,1,0,3.69,0,3.33,2.367
mistral:7b,4,1,1,3.69,0,2.78,2.587
mistral:7b,4,1,2,3.69,0,1.93,2.183
mistral:7b,4,1,3,3.69,0,4.11,2.934
mistral:7b,4,1,4,3.69,0,10.52,2.212
mistral:7b,4,1,5,3.69,0,3.74,1.943
mistral:7b,4,1,6,3.69,0,2.47,2.049
mistral:7b,4,1,0,3.69,2,3.01,1.45
mistral:7b,4,1,1,3.69,2,3.27,2.621
mistral:7b,4,1,2,3.69,2,2.85,2.009
mistral:7b,4,1,3,3.69,2,3.26,3.241
mistral:7b,4,1,4,3.69,2,10.61,1.413
mistral:7b,4,1,5,3.69,2,3.21,1.806
mistral:7b,4,1,6,3.69,2,3.46,2.646
mistral:7b,4,1,0,3.69,4,3.62,2.489
mistral:7b,4,1,1,3.69,4,2.6,2.012
mistral:7b,4,1,2,3.69,4,3.11,1.951
mistral:7b,4,1,3,3.69,4,2.97,3.134
mistral:7b,4,1,4,3.69,4,11.6,1.663
mistral:7b,4,1,5,3.69,4,4.16,1.532
mistral:7b,4,1,6,3.69,4,3.0,2.782
mistral:7b,4,1,0,3.69,6,3.68,2.789
mistral:7b,4,1,1,3.69,6,4.18,2.178
mistral:7b,4,1,2,3.69,6,3.4,2.308
mistral:7b,4,1,3,3.69,6,4.08,3.484
mistral:7b,4,1,4,3.69,6,8.55,2.304
mistral:7b,4,1,5,3.69,6,5.75,1.761
mistral:7b,4,1,6,3.69,6,3.71,2.697
mistral:7b,4,1,0,3.69,8,4.81,2.741
mistral:7b,4,1,1,3.69,8,4.08,3.152
mistral:7b,4,1,2,3.69,8,2.86,2.029
mistral:7b,4,1,3,3.69,8,5.42,3.47
mistral:7b,4,1,4,3.69,8,7.96,1.526
mistral:7b,4,1,5,3.69,8,5.5,3.271
mistral:7b,4,1,6,3.69,8,4.2,3.131
mistral:7b,4,1,0,3.69,10,6.5,2.958
mistral:7b,4,1,1,3.69,10,7.52,3.019
mistral:7b,4,1,2,3.69,10,4.74,2.684
mistral:7b,4,1,3,3.69,10,6.07,2.615
mistral:7b,4,1,4,3.69,10,8.2,1.656
mistral:7b,4,1,5,3.69,10,5.41,2.581
mistral:7b,4,1,6,3.69,10,5.01,3.045
mistral:7b,4,1,0,3.69,12,10.15,3.607
mistral:7b,4,1,1,3.69,12,10.37,3.918
mistral:7b,4,1,2,3.69,12,9.27,3.135
mistral:7b,4,1,3,3.69,12,9.0,3.715
mistral:7b,4,1,4,3.69,12,9.68,1.132
mistral:7b,4,1,5,3.69,12,13.21,7.149
mistral:7b,4,1,6,3.69,12,10.05,3.535
mistral:7b,4,2,0,3.82,0,3.29,2.106
mistral:7b,4,2,1,3.82,0,2.23,2.316
mistral:7b,4,2,2,3.82,0,2.28,2.464
mistral:7b,4,2,3,3.82,0,3.35,3.11
mistral:7b,4,2,4,3.82,0,13.4,2.346
mistral:7b,4,2,5,3.82,0,3.15,1.656
mistral:7b,4,2,6,3.82,0,1.68,2.745
mistral:7b,4,2,0,3.82,2,4.53,2.551
mistral:7b,4,2,1,3.82,2,3.96,3.408
mistral:7b,4,2,2,3.82,2,3.19,1.701
mistral:7b,4,2,3,3.82,2,4.54,2.694
mistral:7b,4,2,4,3.82,2,12.22,2.211
mistral:7b,4,2,5,3.82,2,2.86,2.839
mistral:7b,4,2,6,3.82,2,1.32,1.94
mistral:7b,4,2,0,3.82,4,3.64,2.031
mistral:7b,4,2,1,3.82,4,4.55,2.831
mistral:7b,4,2,2,3.82,4,2.34,2.617
mistral:7b,4,2,3,3.82,4,4.93,3.86
mistral:7b,4,2,4,3.82,4,10.01,1.126
mistral:7b,4,2,5,3.82,4,4.35,3.015
mistral:7b,4,2,6,3.82,4,3.85,3.608
mistral:7b,4,2,0,3.82,6,6.09,3.829
mistral:7b,4,2,1,3.82,6,3.95,2.967
mistral:7b,4,2,2,3.82,6,4.2,3.24
mistral:7b,4,2,3,3.82,6,4.88,3.83
mistral:7b,4,2,4,3.82,6,7.6,1.444
mistral:7b,4,2,5,3.82,6,6.24,3.267
mistral:7b,4,2,6,3.82,6,3.77,3.61
mistral:7b,4,2,0,3.82,8,5.91,2.938
mistral:7b,4,2,1,3.82,8,6.57,3.226
mistral:7b,4,2,2,3.82,8,4.34,3.073
mistral:7b,4,2,3,3.82,8,4.7,3.784
mistral:7b,4,2,4,3.82,8,11.15,1.93
mistral:7b,4,2,5,3.82,8,6.5,2.636
mistral:7b,4,2,6,3.82,8,5.05,3.078
mistral:7b,4,2,0,3.82,10,8.57,3.271
mistral:7b,4,2,1,3.82,10,5.88,3.776
mistral:7b,4,2,2,3.82,10,4.9,2.778
mistral:7b,4,2,3,3.82,10,7.8,3.76
mistral:7b,4,2,4,3.82,10,10.64,2.311
mistral:7b,4,2,5,3.82,10,7.34,3.308
mistral:7b,4,2,6,3.82,10,6.47,3.688
mistral:7b,4,2,0,3.82,12,10.04,3.813
mistral:7b,4,2,1,3.82,12,9.6,2.647
mistral:7b,4,2,2,3.82,12,8.53,1.996
mistral:7b,4,2,3,3.82,12,9.84,4.146
mistral:7b,4,2,4,3.82,12,9.6,1.482
mistral:7b,4,2,5,3.82,12,8.68,3.106
mistral:7b,4,2,6,3.82,12,8.79,4.07
mistral:7b,6,0,0,6.18,0,8.11,1.361
mistral:7b,6,0,1,6.18,0,3.86,2.121
mistral:7b,6,0,2,6.18,0,3.91,1.964
mistral:7b,6,0,3,6.18,0,6.86,3.59
mistral:7b,6,0,4,6.18,0,10.43,1.892
mistral:7b,6,0,5,6.18,0,4.24,2.305
mistral:7b,6,0,6,6.18,0,2.66,1.633
mistral:7b,6,0,0,6.18,2,6.45,1.722
mistral:7b,6,0,1,6.18,2,5.37,2.936
mistral:7b,6,0,2,6.18,2,4.64,1.787
mistral:7b,6,0,3,6.18,2,5.58,3.374
mistral:7b,6,0,4,6.18,2,10.39,1.838
mistral:7b,6,0,5,6.18,2,6.0,1.642
mistral:7b,6,0,6,6.18,2,3.2,2.739
mistral:7b,6,0,0,6.18,4,5.38,2.526
mistral:7b,6,0,1,6.18,4,7.59,1.619
mistral:7b,6,0,2,6.18,4,5.3,2.552
mistral:7b,6,0,3,6.18,4,8.5,3.032
mistral:7b,6,0,4,6.18,4,13.3,1.899
mistral:7b,6,0,5,6.18,4,5.47,3.833
mistral:7b,6,0,6,6.18,4,4.22,2.423
mistral:7b,6,0,0,6.18,6,6.03,3.787
mistral:7b,6,0,1,6.18,6,6.6,3.558
mistral:7b,6,0,2,6.18,6,5.83,3.161
mistral:7b,6,0,3,6.18,6,7.59,3.663
mistral:7b,6,0,4,6.18,6,12.64,2.186
mistral:7b,6,0,5,6.18,6,6.55,2.522
mistral:7b,6,0,6,6.18,6,5.63,2.773
mistral:7b,6,0,0,6.18,8,8.48,3.249
mistral:7b,6,0,1,6.18,8,7.95,3.354
mistral:7b,6,0,2,6.18,8,11.63,1.774
mistral:7b,6,0,3,6.18,8,7.39,3.77
mistral:7b,6,0,4,6.18,8,11.21,3.575
mistral:7b,6,0,5,6.18,8,7.56,3.306
mistral:7b,6,0,6,6.18,8,7.57,2.693
mistral:7b,6,0,0,6.18,10,11.93,2.692
mistral:7b,6,0,1,6.18,10,9.8,3.446
mistral:7b,6,0,2,6.18,10,8.09,2.336
mistral:7b,6,0,3,6.18,10,8.47,4.112
mistral:7b,6,0,4,6.18,10,9.7,3.557
mistral:7b,6,0,5,6.18,10,11.42,2.281
mistral:7b,6,0,6,6.18,10,8.03,3.259
mistral:7b,6,0,0,6.18,12,12.6,3.475
mistral:7b,6,0,1,6.18,12,17.15,2.254
mistral:7b,6,0,2,6.18,12,10.9,2.954
mistral:7b,6,0,3,6.18,12,13.46,3.642
mistral:7b,6,0,4,6.18,12,12.46,1.968
mistral:7b,6,0,5,6.18,12,12.39,3.309
mistral:7b,6,0,6,6.18,12,13.0,3.701
mistral:7b,6,1,0,5.79,0,4.01,2.488
mistral:7b,6,1,1,5.79,0,3.49,1.794
mistral:7b,6,1,2,5.79,0,3.64,1.836
mistral:7b,6,1,3,5.79,0,4.29,2.251
mistral:7b,6,1,4,5.79,0,6.85,2.437
mistral:7b,6,1,5,5.79,0,4.01,1.744
mistral:7b,6,1,6,5.79,0,3.87,2.099
mistral:7b,6,1,0,5.79,2,5.53,1.693
mistral:7b,6,1,1,5.79,2,4.87,2.27
mistral:7b,6,1,2,5.79,2,3.58,2.222
mistral:7b,6,1,3,5.79,2,4.46,2.649
mistral:7b,6,1,4,5.79,2,11.56,1.812
mistral:7b,6,1,5,5.79,2,4.16,1.901
mistral:7b,6,1,6,5.79,2,3.93,2.321
mistral:7b,6,1,0,5.79,4,4.94,2.305
mistral:7b,6,1,1,5.79,4,4.81,1.176
mistral:7b,6,1,2,5.79,4,3.66,2.021
mistral:7b,6,1,3,5.79,4,5.27,2.715
mistral:7b,6,1,4,5.79,4,11.69,1.509
mistral:7b,6,1,5,5.79,4,4.18,2.211
mistral:7b,6,1,6,5.79,4,3.72,2.027
mistral:7b,6,1,0,5.79,6,6.04,2.482
mistral:7b,6,1,1,5.79,6,3.65,1.874
mistral:7b,6,1,2,5.79,6,4.08,1.905
mistral:7b,6,1,3,5.79,6,5.58,2.77
mistral:7b,6,1,4,5.79,6,11.96,2.35
mistral:7b,6,1,5,5.79,6,4.56,1.225
mistral:7b,6,1,6,5.79,6,3.57,1.991
mistral:7b,6,1,0,5.79,8,4.99,2.426
mistral:7b,6,1,1,5.79,8,4.94,2.349
mistral:7b,6,1,2,5.79,8,4.79,1.539
mistral:7b,6,1,3,5.79,8,5.34,2.739
mistral:7b,6,1,4,5.79,8,8.39,3.511
mistral:7b,6,1,5,5.79,8,6.84,1.941
mistral:7b,6,1,6,5.79,8,5.24,2.466
mistral:7b,6,1,0,5.79,10,5.65,2.779
mistral:7b,6,1,1,5.79,10,5.49,2.781
mistral:7b,6,1,2,5.79,10,4.41,1.604
mistral:7b,6,1,3,5.79,10,6.72,1.895
mistral:7b,6,1,4,5.79,10,7.13,1.758
mistral:7b,6,1,5,5.79,10,6.49,2.557
mistral:7b,6,1,6,5.79,10,4.75,2.711
mistral:7b,6,1,0,5.79,12,7.73,3.006
mistral:7b,6,1,1,5.79,12,7.69,2.981
mistral:7b,6,1,2,5.79,12,5.55,2.518
mistral:7b,6,1,3,5.79,12,8.7,2.964
mistral:7b,6,1,4,5.79,12,9.22,1.798
mistral:7b,6,1,5,5.79,12,6.19,1.909
mistral:7b,6,1,6,5.79,12,6.77,2.919
mistral:7b,6,2,0,5.61,0,4.94,1.857
mistral:7b,6,2,1,5.61,0,4.39,2.503
mistral:7b,6,2,2,5.61,0,3.3,1.578
mistral:7b,6,2,3,5.61,0,5.83,2.955
mistral:7b,6,2,4,5.61,0,11.77,1.7
mistral:7b,6,2,5,5.61,0,4.72,1.784
mistral:7b,6,2,6,5.61,0,2.5,1.629
mistral:7b,6,2,0,5.61,2,5.72,3.2
mistral:7b,6,2,1,5.61,2,4.96,2.423
mistral:7b,6,2,2,5.61,2,4.72,3.028
mistral:7b,6,2,3,5.61,2,5.72,1.857
mistral:7b,6,2,4,5.61,2,14.42,1.348
mistral:7b,6,2,5,5.61,2,4.43,2.062
mistral:7b,6,2,6,5.61,2,4.62,1.691
mistral:7b,6,2,0,5.61,4,5.46,1.949
mistral:7b,6,2,1,5.61,4,5.38,2.52
mistral:7b,6,2,2,5.61,4,5.27,2.05
mistral:7b,6,2,3,5.61,4,7.56,2.495
mistral:7b,6,2,4,5.61,4,12.14,2.119
mistral:7b,6,2,5,5.61,4,5.68,3.42
mistral:7b,6,2,6,5.61,4,4.49,3.064
mistral:7b,6,2,0,5.61,6,7.62,2.437
mistral:7b,6,2,1,5.61,6,5.7,3.343
mistral:7b,6,2,2,5.61,6,5.59,2.597
mistral:7b,6,2,3,5.61,6,8.59,2.784
mistral:7b,6,2,4,5.61,6,14.91,2.647
mistral:7b,6,2,5,5.61,6,6.23,3.291
mistral:7b,6,2,6,5.61,6,4.37,2.198
mistral:7b,6,2,0,5.61,8,7.91,3.627
mistral:7b,6,2,1,5.61,8,7.44,2.945
mistral:7b,6,2,2,5.61,8,7.09,3.177
mistral:7b,6,2,3,5.61,8,7.3,3.049
mistral:7b,6,2,4,5.61,8,13.19,2.086
mistral:7b,6,2,5,5.61,8,8.04,2.746
mistral:7b,6,2,6,5.61,8,7.29,2.78
mistral:7b,6,2,0,5.61,10,9.36,3.376
mistral:7b,6,2,1,5.61,10,8.68,3.392
mistral:7b,6,2,2,5.61,10,6.31,3.302
mistral:7b,6,2,3,5.61,10,9.88,2.862
mistral:7b,6,2,4,5.61,10,15.34,2.242
mistral:7b,6,2,5,5.61,10,9.3,2.591
mistral:7b,6,2,6,5.61,10,10.64,3.075
mistral:7b,6,2,0,5.61,12,12.16,2.123
mistral:7b,6,2,1,5.61,12,11.62,3.101
mistral:7b,6,2,2,5.61,12,10.3,3.095
mistral:7b,6,2,3,5.61,12,13.39,3.178
mistral:7b,6,2,4,5.61,12,11.83,1.955
mistral:7b,6,2,5,5.61,12,10.42,2.229
mistral:7b,6,2,6,5.61,12,8.89,3.741
mistral:7b,8,0,0,7.91,0,5.63,2.435
mistral:7b,8,0,1,7.91,0,5.32,2.273
mistral:7b,8,0,2,7.91,0,4.86,2.134
mistral:7b,8,0,3,7.91,0,5.04,2.419
mistral:7b,8,0,4,7.91,0,9.64,2.129
mistral:7b,8,0,5,7.91,0,4.66,2.173
mistral:7b,8,0,6,7.91,0,5.28,2.302
mistral:7b,8,0,0,7.91,2,6.85,2.049
mistral:7b,8,0,1,7.91,2,5.41,2.458
mistral:7b,8,0,2,7.91,2,5.1,2.347
mistral:7b,8,0,3,7.91,2,7.11,3.084
mistral:7b,8,0,4,7.91,2,10.2,2.431
mistral:7b,8,0,5,7.91,2,4.85,2.325
mistral:7b,8,0,6,7.91,2,5.16,2.339
mistral:7b,8,0,0,7.91,4,6.34,2.456
mistral:7b,8,0,1,7.91,4,5.92,2.312
mistral:7b,8,0,2,7.91,4,6.3,2.477
mistral:7b,8,0,3,7.91,4,7.35,2.879
mistral:7b,8,0,4,7.91,4,12.02,4.037
mistral:7b,8,0,5,7.91,4,6.2,2.472
mistral:7b,8,0,6,7.91,4,6.12,2.46
mistral:7b,8,0,0,7.91,6,7.57,2.394
mistral:7b,8,0,1,7.91,6,6.96,2.331
mistral:7b,8,0,2,7.91,6,6.7,2.524
mistral:7b,8,0,3,7.91,6,7.63,3.164
mistral:7b,8,0,4,7.91,6,10.28,3.981
mistral:7b,8,0,5,7.91,6,6.94,1.483
mistral:7b,8,0,6,7.91,6,6.6,2.414
mistral:7b,8,0,0,7.91,8,7.4,2.527
mistral:7b,8,0,1,7.91,8,7.45,2.567
mistral:7b,8,0,2,7.91,8,6.67,2.472
mistral:7b,8,0,3,7.91,8,8.49,2.986
mistral:7b,8,0,4,7.91,8,12.79,2.123
mistral:7b,8,0,5,7.91,8,7.47,2.344
mistral:7b,8,0,6,7.91,8,8.0,2.782
mistral:7b,8,0,0,7.91,10,10.02,2.581
mistral:7b,8,0,1,7.91,10,10.05,2.152
mistral:7b,8,0,2,7.91,10,7.33,2.54
mistral:7b,8,0,3,7.91,10,8.63,2.939
mistral:7b,8,0,4,7.91,10,9.89,2.705
mistral:7b,8,0,5,7.91,10,8.81,1.628
mistral:7b,8,0,6,7.91,10,7.85,2.558
mistral:7b,8,0,0,7.91,12,10.58,2.478
mistral:7b,8,0,1,7.91,12,12.84,2.199
mistral:7b,8,0,2,7.91,12,10.23,1.799
mistral:7b,8,0,3,7.91,12,12.79,2.665
mistral:7b,8,0,4,7.91,12,10.57,4.448
mistral:7b,8,0,5,7.91,12,10.84,2.246
mistral:7b,8,0,6,7.91,12,9.74,2.559
mistral:7b,8,1,0,7.74,0,6.59,2.259
mistral:7b,8,1,1,7.74,0,6.06,2.352
mistral:7b,8,1,2,7.74,0,5.51,2.048
mistral:7b,8,1,3,7.74,0,6.78,2.72
mistral:7b,8,1,4,7.74,0,9.87,2.345
mistral:7b,8,1,5,7.74,0,6.04,1.889
mistral:7b,8,1,6,7.74,0,5.4,1.807
mistral:7b,8,1,0,7.74,2,6.33,2.755
mistral:7b,8,1,1,7.74,2,7.61,1.865
mistral:7b,8,1,2,7.74,2,6.91,2.333
mistral:7b,8,1,3,7.74,2,7.54,3.361
mistral:7b,8,1,4,7.74,2,12.68,2.59
mistral:7b,8,1,5,7.74,2,4.25,1.622
mistral:7b,8,1,6,7.74,2,6.06,3.033
mistral:7b,8,1,0,7.74,4,7.57,2.047
mistral:7b,8,1,1,7.74,4,8.27,2.573
mistral:7b,8,1,2,7.74,4,6.02,2.416
mistral:7b,8,1,3,7.74,4,8.24,3.53
mistral:7b,8,1,4,7.74,4,13.17,3.408
mistral:7b,8,1,5,7.74,4,7.73,2.624
mistral:7b,8,1,6,7.74,4,5.58,2.575
mistral:7b,8,1,0,7.74,6,9.45,2.352
mistral:7b,8,1,1,7.74,6,8.83,2.748
mistral:7b,8,1,2,7.74,6,5.87,2.462
mistral:7b,8,1,3,7.74,6,9.98,2.979
mistral:7b,8,1,4,7.74,6,10.76,2.729
mistral:7b,8,1,5,7.74,6,7.81,2.996
mistral:7b,8,1,6,7.74,6,9.48,2.748
mistral:7b,8,1,0,7.74,8,8.43,3.045
mistral:7b,8,1,1,7.74,8,8.03,2.226
mistral:7b,8,1,2,7.74,8,7.21,2.365
mistral:7b,8,1,3,7.74,8,10.49,3.719
mistral:7b,8,1,4,7.74,8,11.86,2.434
mistral:7b,8,1,5,7.74,8,9.51,2.761
mistral:7b,8,1,6,7.74,8,7.3,3.257
mistral:7b,8,1,0,7.74,10,11.74,2.456
mistral:7b,8,1,1,7.74,10,11.17,2.931
mistral:7b,8,1,2,7.74,10,8.93,2.576
mistral:7b,8,1,3,7.74,10,9.08,3.196
mistral:7b,8,1,4,7.74,10,11.82,2.061
mistral:7b,8,1,5,7.74,10,10.93,2.925
mistral:7b,8,1,6,7.74,10,9.75,2.589
mistral:7b,8,1,0,7.74,12,12.05,2.688
mistral:7b,8,1,1,7.74,12,14.43,3.595
mistral:7b,8,1,2,7.74,12,13.05,2.86
mistral:7b,8,1,3,7.74,12,12.57,3.131
mistral:7b,8,1,4,7.74,12,11.43,2.805
mistral:7b,8,1,5,7.74,12,14.73,2.527
mistral:7b,8,1,6,7.74,12,10.93,2.883
mistral:7b,8,2,0,8.22,0,7.38,2.402
mistral:7b,8,2,1,8.22,0,6.54,2.106
mistral:7b,8,2,2,8.22,0,6.18,2.17
mistral:7b,8,2,3,8.22,0,7.96,2.477
mistral:7b,8,2,4,8.22,0,11.04,2.597
mistral:7b,8,2,5,8.22,0,8.06,2.066
mistral:7b,8,2,6,8.22,0,6.03,2.295
mistral:7b,8,2,0,8.22,2,8.21,2.211
mistral:7b,8,2,1,8.22,2,7.57,2.641
mistral:7b,8,2,2,8.22,2,7.93,2.056
mistral:7b,8,2,3,8.22,2,7.56,2.314
mistral:7b,8,2,4,8.22,2,11.81,3.217
mistral:7b,8,2,5,8.22,2,7.39,2.295
mistral:7b,8,2,6,8.22,2,7.11,2.247
mistral:7b,8,2,0,8.22,4,8.48,2.413
mistral:7b,8,2,1,8.22,4,8.84,2.665
mistral:7b,8,2,2,8.22,4,7.33,2.3
mistral:7b,8,2,3,8.22,4,8.26,2.942
mistral:7b,8,2,4,8.22,4,10.8,3.949
mistral:7b,8,2,5,8.22,4,6.14,2.592
mistral:7b,8,2,6,8.22,4,7.96,2.196
mistral:7b,8,2,0,8.22,6,8.86,2.669
mistral:7b,8,2,1,8.22,6,9.14,2.652
mistral:7b,8,2,2,8.22,6,8.83,2.864
mistral:7b,8,2,3,8.22,6,9.24,2.775
mistral:7b,8,2,4,8.22,6,8.73,3.666
mistral:7b,8,2,5,8.22,6,8.09,2.65
mistral:7b,8,2,6,8.22,6,8.83,2.573
mistral:7b,8,2,0,8.22,8,9.35,2.47
mistral:7b,8,2,1,8.22,8,8.15,2.55
mistral:7b,8,2,2,8.22,8,9.25,2.468
mistral:7b,8,2,3,8.22,8,7.95,2.751
mistral:7b,8,2,4,8.22,8,14.1,3.044
mistral:7b,8,2,5,8.22,8,9.47,2.387
mistral:7b,8,2,6,8.22,8,8.14,2.656
mistral:7b,8,2,0,8.22,10,8.75,2.476
mistral:7b,8,2,1,8.22,10,9.36,2.827
mistral:7b,8,2,2,8.22,10,8.02,2.69
mistral:7b,8,2,3,8.22,10,10.37,3.251
mistral:7b,8,2,4,8.22,10,12.99,3.838
mistral:7b,8,2,5,8.22,10,9.67,2.593
mistral:7b,8,2,6,8.22,10,10.98,2.893
mistral:7b,8,2,0,8.22,12,11.25,2.998
mistral:7b,8,2,1,8.22,12,9.97,2.815
mistral:7b,8,2,2,8.22,12,10.07,2.276
mistral:7b,8,2,3,8.22,12,10.77,3.205
mistral:7b,8,2,4,8.22,12,9.36,4.36
mistral:7b,8,2,5,8.22,12,11.53,2.788
mistral:7b,8,2,6,8.22,12,11.53,3.163
mistral:7b,10,0,0,10.07,0,7.68,1.533
mistral:7b,10,0,1,10.07,0,4.72,2.896
mistral:7b,10,0,2,10.07,0,7.17,1.468
mistral:7b,10,0,3,10.07,0,6.32,1.369
mistral:7b,10,0,4,10.07,0,13.17,3.426
mistral:7b,10,0,5,10.07,0,5.64,2.402
mistral:7b,10,0,6,10.07,0,4.92,1.427
mistral:7b,10,0,0,10.07,2,8.81,3.556
mistral:7b,10,0,1,10.07,2,6.48,3.521
mistral:7b,10,0,2,10.07,2,8.07,2.185
mistral:7b,10,0,3,10.07,2,6.66,1.758
mistral:7b,10,0,4,10.07,2,9.17,2.462
mistral:7b,10,0,5,10.07,2,5.86,1.713
mistral:7b,10,0,6,10.07,2,3.75,2.64
mistral:7b,10,0,0,10.07,4,12.74,2.096
mistral:7b,10,0,1,10.07,4,9.09,4.087
mistral:7b,10,0,2,10.07,4,7.15,3.787
mistral:7b,10,0,3,10.07,4,8.77,2.319
mistral:7b,10,0,4,10.07,4,9.89,4.487
mistral:7b,10,0,5,10.07,4,8.36,3.273
mistral:7b,10,0,6,10.07,4,6.15,2.058
mistral:7b,10,0,0,10.07,6,8.84,2.778
mistral:7b,10,0,1,10.07,6,8.74,3.729
mistral:7b,10,0,2,10.07,6,9.18,1.678
mistral:7b,10,0,3,10.07,6,10.27,2.736
mistral:7b,10,0,4,10.07,6,9.96,3.818
mistral:7b,10,0,5,10.07,6,9.52,4.19
mistral:7b,10,0,6,10.07,6,8.02,4.264
mistral:7b,10,0,0,10.07,8,8.43,4.008
mistral:7b,10,0,1,10.07,8,9.09,3.427
mistral:7b,10,0,2,10.07,8,8.06,3.718
mistral:7b,10,0,3,10.07,8,8.97,2.994
mistral:7b,10,0,4,10.07,8,10.15,3.237
mistral:7b,10,0,5,10.07,8,8.3,2.596
mistral:7b,10,0,6,10.07,8,7.67,3.901
mistral:7b,10,0,0,10.07,10,11.33,2.454
mistral:7b,10,0,1,10.07,10,9.54,4.378
mistral:7b,10,0,2,10.07,10,8.63,3.59
mistral:7b,10,0,3,10.07,10,10.98,4.438
mistral:7b,10,0,4,10.07,10,7.7,2.482
mistral:7b,10,0,5,10.07,10,8.72,2.286
mistral:7b,10,0,6,10.07,10,8.4,3.788
mistral:7b,10,0,0,10.07,12,10.71,4.221
mistral:7b,10,0,1,10.07,12,10.33,4.239
mistral:7b,10,0,2,10.07,12,9.74,4.219
mistral:7b,10,0,3,10.07,12,11.45,3.173
mistral:7b,10,0,4,10.07,12,13.24,3.605
mistral:7b,10,0,5,10.07,12,10.32,4.07
mistral:7b,10,0,6,10.07,12,9.82,4.169
mistral:7b,10,1,0,10.1,0,4.81,1.578
mistral:7b,10,1,1,10.1,0,9.47,3.125
mistral:7b,10,1,2,10.1,0,6.42,3.884
mistral:7b,10,1,3,10.1,0,7.03,3.532
mistral:7b,10,1,4,10.1,0,13.34,4.63
mistral:7b,10,1,5,10.1,0,4.42,2.39
mistral:7b,10,1,6,10.1,0,6.59,6.038
mistral:7b,10,1,0,10.1,2,6.36,2.803
mistral:7b,10,1,1,10.1,2,7.46,2.97
mistral:7b,10,1,2,10.1,2,6.4,4.539
mistral:7b,10,1,3,10.1,2,6.87,3.979
mistral:7b,10,1,4,10.1,2,12.49,3.777
mistral:7b,10,1,5,10.1,2,7.49,5.673
mistral:7b,10,1,6,10.1,2,6.86,2.139
mistral:7b,10,1,0,10.1,4,8.5,6.386
mistral:7b,10,1,1,10.1,4,7.82,6.021
mistral:7b,10,1,2,10.1,4,7.9,5.415
mistral:7b,10,1,3,10.1,4,6.95,3.865
mistral:7b,10,1,4,10.1,4,11.34,4.508
mistral:7b,10,1,5,10.1,4,4.64,2.615
mistral:7b,10,1,6,10.1,4,7.56,3.639
mistral:7b,10,1,0,10.1,6,9.86,2.355
mistral:7b,10,1,1,10.1,6,9.52,3.966
mistral:7b,10,1,2,10.1,6,8.8,3.729
mistral:7b,10,1,3,10.1,6,7.16,3.751
mistral:7b,10,1,4,10.1,6,15.78,3.324
mistral:7b,10,1,5,10.1,6,6.8,2.051
mistral:7b,10,1,6,10.1,6,8.21,6.242
mistral:7b,10,1,0,10.1,8,8.77,2.195
mistral:7b,10,1,1,10.1,8,11.1,4.72
mistral:7b,10,1,2,10.1,8,10.35,7.584
mistral:7b,10,1,3,10.1,8,9.38,7.211
mistral:7b,10,1,4,10.1,8,15.05,3.542
mistral:7b,10,1,5,10.1,8,7.75,3.28
mistral:7b,10,1,6,10.1,8,8.35,4.605
mistral:7b,10,1,0,10.1,10,9.71,3.255
mistral:7b,10,1,1,10.1,10,11.6,3.626
mistral:7b,10,1,2,10.1,10,9.8,3.38
mistral:7b,10,1,3,10.1,10,10.09,5.242
mistral:7b,10,1,4,10.1,10,16.17,3.102
mistral:7b,10,1,5,10.1,10,11.22,5.76
mistral:7b,10,1,6,10.1,10,11.53,1.878
mistral:7b,10,1,0,10.1,12,10.0,2.378
mistral:7b,10,1,1,10.1,12,11.86,8.514
mistral:7b,10,1,2,10.1,12,11.66,7.085
mistral:7b,10,1,3,10.1,12,11.76,6.013
mistral:7b,10,1,4,10.1,12,15.26,2.719
mistral:7b,10,1,5,10.1,12,11.51,8.526
mistral:7b,10,1,6,10.1,12,13.09,5.74
mistral:7b,10,2,0,10.2,0,5.4,1.786
mistral:7b,10,2,1,10.2,0,5.31,1.125
mistral:7b,10,2,2,10.2,0,4.8,1.15
mistral:7b,10,2,3,10.2,0,6.65,1.604
mistral:7b,10,2,4,10.2,0,9.09,1.422
mistral:7b,10,2,5,10.2,0,6.73,1.594
mistral:7b,10,2,6,10.2,0,4.91,1.69
mistral:7b,10,2,0,10.2,2,6.53,1.829
mistral:7b,10,2,1,10.2,2,7.65,1.785
mistral:7b,10,2,2,10.2,2,5.18,1.263
mistral:7b,10,2,3,10.2,2,6.81,1.624
mistral:7b,10,2,4,10.2,2,11.21,2.216
mistral:7b,10,2,5,10.2,2,5.92,1.287
mistral:7b,10,2,6,10.2,2,6.18,1.532
mistral:7b,10,2,0,10.2,4,8.18,1.77
mistral:7b,10,2,1,10.2,4,8.2,1.788
mistral:7b,10,2,2,10.2,4,6.54,1.595
mistral:7b,10,2,3,10.2,4,7.92,1.948
mistral:7b,10,2,4,10.2,4,9.84,1.763
mistral:7b,10,2,5,10.2,4,6.5,2.135
mistral:7b,10,2,6,10.2,4,6.9,2.182
mistral:7b,10,2,0,10.2,6,9.55,2.126
mistral:7b,10,2,1,10.2,6,8.05,1.678
mistral:7b,10,2,2,10.2,6,7.15,1.454
mistral:7b,10,2,3,10.2,6,9.36,2.445
mistral:7b,10,2,4,10.2,6,10.15,1.965
mistral:7b,10,2,5,10.2,6,9.73,1.214
mistral:7b,10,2,6,10.2,6,7.85,1.739
mistral:7b,10,2,0,10.2,8,9.83,1.98
mistral:7b,10,2,1,10.2,8,9.34,2.097
mistral:7b,10,2,2,10.2,8,11.21,1.782
mistral:7b,10,2,3,10.2,8,8.03,2.649
mistral:7b,10,2,4,10.2,8,10.49,1.406
mistral:7b,10,2,5,10.2,8,8.8,2.274
mistral:7b,10,2,6,10.2,8,58.68,2.007
mistral:7b,10,2,0,10.2,10,12.96,2.194
mistral:7b,10,2,1,10.2,10,10.35,1.289
mistral:7b,10,2,2,10.2,10,11.61,1.913
mistral:7b,10,2,3,10.2,10,10.5,2.674
mistral:7b,10,2,4,10.2,10,12.85,2.288
mistral:7b,10,2,5,10.2,10,11.61,2.315
mistral:7b,10,2,6,10.2,10,10.78,1.98
mistral:7b,10,2,0,10.2,12,16.39,2.666
mistral:7b,10,2,1,10.2,12,15.0,2.678
mistral:7b,10,2,2,10.2,12,11.53,1.884
mistral:7b,10,2,3,10.2,12,13.25,2.871
mistral:7b,10,2,4,10.2,12,12.42,1.331
mistral:7b,10,2,5,10.2,12,13.36,2.306
mistral:7b,10,2,6,10.2,12,14.2,3.436
mistral:7b,12,0,0,11.81,0,7.63,1.157
mistral:7b,12,0,1,11.81,0,6.51,3.189
mistral:7b,12,0,2,11.81,0,5.57,1.707
mistral:7b,12,0,3,11.81,0,6.28,1.6
mistral:7b,12,0,4,11.81,0,17.31,2.877
mistral:7b,12,0,5,11.81,0,5.49,5.404
mistral:7b,12,0,6,11.81,0,7.07,5.279
mistral:7b,12,0,0,11.81,2,8.74,4.437
mistral:7b,12,0,1,11.81,2,8.07,3.362
mistral:7b,12,0,2,11.81,2,6.83,3.556
mistral:7b,12,0,3,11.81,2,8.52,4.484
mistral:7b,12,0,4,11.81,2,13.03,3.251
mistral:7b,12,0,5,11.81,2,8.25,4.769
mistral:7b,12,0,6,11.81,2,6.33,2.82
mistral:7b,12,0,0,11.81,4,7.78,2.934
mistral:7b,12,0,1,11.81,4,9.63,2.224
mistral:7b,12,0,2,11.81,4,8.34,3.542
mistral:7b,12,0,3,11.81,4,10.24,3.823
mistral:7b,12,0,4,11.81,4,14.5,3.641
mistral:7b,12,0,5,11.81,4,9.39,5.274
mistral:7b,12,0,6,11.81,4,6.54,1.923
mistral:7b,12,0,0,11.81,6,10.38,6.374
mistral:7b,12,0,1,11.81,6,10.63,4.977
mistral:7b,12,0,2,11.81,6,9.72,5.357
mistral:7b,12,0,3,11.81,6,10.82,3.691
mistral:7b,12,0,4,11.81,6,14.32,3.03
mistral:7b,12,0,5,11.81,6,11.03,7.568
mistral:7b,12,0,6,11.81,6,8.99,5.016
mistral:7b,12,0,0,11.81,8,11.53,7.17
mistral:7b,12,0,1,11.81,8,9.15,2.716
mistral:7b,12,0,2,11.81,8,10.31,7.001
mistral:7b,12,0,3,11.81,8,10.57,4.968
mistral:7b,12,0,4,11.81,8,15.69,3.916
mistral:7b,12,0,5,11.81,8,11.07,5.939
mistral:7b,12,0,6,11.81,8,10.85,4.988
mistral:7b,12,0,0,11.81,10,11.62,6.007
mistral:7b,12,0,1,11.81,10,12.61,4.579
mistral:7b,12,0,2,11.81,10,11.84,5.18
mistral:7b,12,0,3,11.81,10,13.26,4.435
mistral:7b,12,0,4,11.81,10,14.69,3.485
mistral:7b,12,0,5,11.81,10,12.19,3.169
mistral:7b,12,0,6,11.81,10,10.37,6.198
mistral:7b,12,0,0,11.81,12,14.73,8.498
mistral:7b,12,0,1,11.81,12,13.72,7.531
mistral:7b,12,0,2,11.81,12,13.39,5.96
mistral:7b,12,0,3,11.81,12,14.38,4.431
mistral:7b,12,0,4,11.81,12,15.9,3.654
mistral:7b,12,0,5,11.81,12,13.44,10.784
mistral:7b,12,0,6,11.81,12,13.37,5.373
mistral:7b,12,1,0,11.54,0,8.89,3.103
mistral:7b,12,1,1,11.54,0,5.75,2.633
mistral:7b,12,1,2,11.54,0,5.96,2.439
mistral:7b,12,1,3,11.54,0,7.96,3.459
mistral:7b,12,1,4,11.54,0,12.02,5.967
mistral:7b,12,1,5,11.54,0,8.42,5.728
mistral:7b,12,1,6,11.54,0,4.73,2.453
mistral:7b,12,1,0,11.54,2,7.21,2.571
mistral:7b,12,1,1,11.54,2,7.72,2.803
mistral:7b,12,1,2,11.54,2,6.0,1.888
mistral:7b,12,1,3,11.54,2,7.72,5.104
mistral:7b,12,1,4,11.54,2,9.8,4.192
mistral:7b,12,1,5,11.54,2,8.78,5.761
mistral:7b,12,1,6,11.54,2,5.34,3.045
mistral:7b,12,1,0,11.54,4,8.3,2.256
mistral:7b,12,1,1,11.54,4,8.5,4.841
mistral:7b,12,1,2,11.54,4,6.56,3.436
mistral:7b,12,1,3,11.54,4,9.72,4.85
mistral:7b,12,1,4,11.54,4,9.43,3.327
mistral:7b,12,1,5,11.54,4,8.29,4.007
mistral:7b,12,1,6,11.54,4,7.85,4.426
mistral:7b,12,1,0,11.54,6,10.8,4.91
mistral:7b,12,1,1,11.54,6,9.62,5.204
mistral:7b,12,1,2,11.54,6,8.52,5.606
mistral:7b,12,1,3,11.54,6,10.0,3.222
mistral:7b,12,1,4,11.54,6,10.82,3.924
mistral:7b,12,1,5,11.54,6,10.29,3.442
mistral:7b,12,1,6,11.54,6,9.45,4.85
mistral:7b,12,1,0,11.54,8,10.58,4.025
mistral:7b,12,1,1,11.54,8,10.68,5.166
mistral:7b,12,1,2,11.54,8,9.74,4.495
mistral:7b,12,1,3,11.54,8,10.9,6.071
mistral:7b,12,1,4,11.54,8,11.0,4.412
mistral:7b,12,1,5,11.54,8,8.72,3.983
mistral:7b,12,1,6,11.54,8,9.65,4.396
mistral:7b,12,1,0,11.54,10,9.22,5.123
mistral:7b,12,1,1,11.54,10,10.22,6.533
mistral:7b,12,1,2,11.54,10,8.28,3.695
mistral:7b,12,1,3,11.54,10,11.51,4.721
mistral:7b,12,1,4,11.54,10,10.54,3.636
mistral:7b,12,1,5,11.54,10,11.26,4.742
mistral:7b,12,1,6,11.54,10,10.42,3.991
mistral:7b,12,1,0,11.54,12,10.98,6.171
mistral:7b,12,1,1,11.54,12,12.84,4.183
mistral:7b,12,1,2,11.54,12,10.99,4.889
mistral:7b,12,1,3,11.54,12,12.32,6.168
mistral:7b,12,1,4,11.54,12,11.21,4.493
mistral:7b,12,1,5,11.54,12,12.16,5.754
mistral:7b,12,1,6,11.54,12,11.67,7.59
mistral:7b,12,2,0,11.65,0,8.09,2.883
mistral:7b,12,2,1,11.65,0,5.75,2.567
mistral:7b,12,2,2,11.65,0,4.77,1.616
mistral:7b,12,2,3,11.65,0,6.73,3.081
mistral:7b,12,2,4,11.65,0,13.43,2.738
mistral:7b,12,2,5,11.65,0,7.37,4.07
mistral:7b,12,2,6,11.65,0,6.79,3.518
mistral:7b,12,2,0,11.65,2,9.3,2.268
mistral:7b,12,2,1,11.65,2,5.81,1.153
mistral:7b,12,2,2,11.65,2,7.27,2.296
mistral:7b,12,2,3,11.65,2,7.39,2.57
mistral:7b,12,2,4,11.65,2,15.55,2.592
mistral:7b,12,2,5,11.65,2,6.8,2.494
mistral:7b,12,2,6,11.65,2,6.0,2.431
mistral:7b,12,2,0,11.65,4,9.55,3.202
mistral:7b,12,2,1,11.65,4,9.05,2.882
mistral:7b,12,2,2,11.65,4,6.41,2.95
mistral:7b,12,2,3,11.65,4,10.07,3.802
mistral:7b,12,2,4,11.65,4,11.04,2.598
mistral:7b,12,2,5,11.65,4,6.72,3.134
mistral:7b,12,2,6,11.65,4,8.35,2.76
mistral:7b,12,2,0,11.65,6,10.93,2.669
mistral:7b,12,2,1,11.65,6,11.41,3.343
mistral:7b,12,2,2,11.65,6,9.72,3.179
mistral:7b,12,2,3,11.65,6,9.99,3.857
mistral:7b,12,2,4,11.65,6,12.63,2.934
mistral:7b,12,2,5,11.65,6,9.81,3.062
mistral:7b,12,2,6,11.65,6,9.27,3.401
mistral:7b,12,2,0,11.65,8,11.66,3.387
mistral:7b,12,2,1,11.65,8,11.22,3.341
mistral:7b,12,2,2,11.65,8,10.99,2.638
mistral:7b,12,2,3,11.65,8,11.88,3.423
mistral:7b,12,2,4,11.65,8,14.3,2.931
mistral:7b,12,2,5,11.65,8,8.4,2.818
mistral:7b,12,2,6,11.65,8,10.63,3.26
mistral:7b,12,2,0,11.65,10,12.61,3.431
mistral:7b,12,2,1,11.65,10,12.91,3.847
mistral:7b,12,2,2,11.65,10,13.2,2.723
mistral:7b,12,2,3,11.65,10,12.81,3.83
mistral:7b,12,2,4,11.65,10,12.47,2.776
mistral:7b,12,2,5,11.65,10,12.23,3.748
mistral:7b,12,2,6,11.65,10,12.41,3.641
mistral:7b,12,2,0,11.65,12,15.44,3.821
mistral:7b,12,2,1,11.65,12,14.13,3.441
mistral:7b,12,2,2,11.65,12,12.59,3.098
mistral:7b,12,2,3,11.65,12,12.44,4.103
mistral:7b,12,2,4,11.65,12,13.71,2.431
mistral:7b,12,2,5,11.65,12,12.11,3.693
mistral:7b,12,2,6,11.65,12,12.85,3.645
gemma4:e4b,0,0,0,0.44,0,-0.53,1.754
gemma4:e4b,0,0,1,0.44,0,-0.02,8.327
gemma4:e4b,0,0,2,0.44,0,-0.53,6.159
gemma4:e4b,0,0,3,0.44,0,3.99,6.264
gemma4:e4b,0,0,4,0.44,0,4.35,7.348
gemma4:e4b,0,0,5,0.44,0,-0.57,7.84
gemma4:e4b,0,0,6,0.44,0,-0.22,8.945
gemma4:e4b,0,0,0,0.44,2,0.45,7.472
gemma4:e4b,0,0,1,0.44,2,0.38,1.749
gemma4:e4b,0,0,2,0.44,2,0.1,5.611
gemma4:e4b,0,0,3,0.44,2,7.59,4.339
gemma4:e4b,0,0,4,0.44,2,7.94,8.895
gemma4:e4b,0,0,5,0.44,2,1.21,4.353
gemma4:e4b,0,0,6,0.44,2,0.62,9.349
gemma4:e4b,0,0,0,0.44,4,1.75,3.383
gemma4:e4b,0,0,1,0.44,4,1.29,4.223
gemma4:e4b,0,0,2,0.44,4,1.22,9.175
gemma4:e4b,0,0,3,0.44,4,3.31,5.618
gemma4:e4b,0,0,4,0.44,4,8.35,6.586
gemma4:e4b,0,0,5,0.44,4,1.59,8.996
gemma4:e4b,0,0,6,0.44,4,0.56,9.959
gemma4:e4b,0,0,0,0.44,6,1.47,1.93
gemma4:e4b,0,0,1,0.44,6,1.77,3.694
gemma4:e4b,0,0,2,0.44,6,0.38,4.317
gemma4:e4b,0,0,3,0.44,6,3.64,5.824
gemma4:e4b,0,0,4,0.44,6,12.16,8.073
gemma4:e4b,0,0,5,0.44,6,4.64,8.637
gemma4:e4b,0,0,6,0.44,6,3.54,9.231
gemma4:e4b,0,0,0,0.44,8,9.5,8.672
gemma4:e4b,0,0,1,0.44,8,3.56,9.743
gemma4:e4b,0,0,2,0.44,8,3.22,4.533
gemma4:e4b,0,0,3,0.44,8,15.1,5.273
gemma4:e4b,0,0,4,0.44,8,8.96,11.093
gemma4:e4b,0,0,5,0.44,8,6.76,10.025
gemma4:e4b,0,0,6,0.44,8,5.88,9.758
gemma4:e4b,0,0,0,0.44,10,9.54,9.128
gemma4:e4b,0,0,1,0.44,10,7.21,9.178
gemma4:e4b,0,0,2,0.44,10,7.61,5.296
gemma4:e4b,0,0,3,0.44,10,15.62,4.943
gemma4:e4b,0,0,4,0.44,10,13.17,6.87
gemma4:e4b,0,0,5,0.44,10,13.68,8.931
gemma4:e4b,0,0,6,0.44,10,9.25,9.733
gemma4:e4b,0,0,0,0.44,12,11.99,7.768
gemma4:e4b,0,0,1,0.44,12,9.74,3.897
gemma4:e4b,0,0,2,0.44,12,8.85,5.377
gemma4:e4b,0,0,3,0.44,12,14.97,5.902
gemma4:e4b,0,0,4,0.44,12,16.36,6.116
gemma4:e4b,0,0,5,0.44,12,12.53,8.315
gemma4:e4b,0,0,6,0.44,12,13.5,7.999
gemma4:e4b,0,1,0,-0.18,0,-0.69,8.45
gemma4:e4b,0,1,1,-0.18,0,-0.62,9.604
gemma4:e4b,0,1,2,-0.18,0,-0.67,9.272
gemma4:e4b,0,1,3,-0.18,0,6.95,1.138
gemma4:e4b,0,1,4,-0.18,0,6.72,7.139
gemma4:e4b,0,1,5,-0.18,0,-0.63,10.418
gemma4:e4b,0,1,6,-0.18,0,-1.35,10.073
gemma4:e4b,0,1,0,-0.18,2,1.55,9.667
gemma4:e4b,0,1,1,-0.18,2,0.67,9.507
gemma4:e4b,0,1,2,-0.18,2,0.53,8.666
gemma4:e4b,0,1,3,-0.18,2,1.96,5.756
gemma4:e4b,0,1,4,-0.18,2,8.74,6.282
gemma4:e4b,0,1,5,-0.18,2,0.88,9.133
gemma4:e4b,0,1,6,-0.18,2,0.5,11.538
gemma4:e4b,0,1,0,-0.18,4,2.45,9.997
gemma4:e4b,0,1,1,-0.18,4,2.06,8.542
gemma4:e4b,0,1,2,-0.18,4,1.06,4.455
gemma4:e4b,0,1,3,-0.18,4,9.69,4.672
gemma4:e4b,0,1,4,-0.18,4,10.36,11.752
gemma4:e4b,0,1,5,-0.18,4,1.67,8.965
gemma4:e4b,0,1,6,-0.18,4,0.93,4.494
gemma4:e4b,0,1,0,-0.18,6,4.25,9.487
gemma4:e4b,0,1,1,-0.18,6,2.38,9.628
gemma4:e4b,0,1,2,-0.18,6,1.84,4.003
gemma4:e4b,0,1,3,-0.18,6,2.98,6.188
gemma4:e4b,0,1,4,-0.18,6,14.55,4.302
gemma4:e4b,0,1,5,-0.18,6,3.89,9.478
gemma4:e4b,0,1,6,-0.18,6,2.25,8.948
gemma4:e4b,0,1,0,-0.18,8,6.94,10.471
gemma4:e4b,0,1,1,-0.18,8,4.97,11.06
gemma4:e4b,0,1,2,-0.18,8,4.26,4.827
gemma4:e4b,0,1,3,-0.18,8,12.15,5.525
gemma4:e4b,0,1,4,-0.18,8,9.98,8.203
gemma4:e4b,0,1,5,-0.18,8,5.64,10.738
gemma4:e4b,0,1,6,-0.18,8,5.43,11.612
gemma4:e4b,0,1,0,-0.18,10,7.28,7.906
gemma4:e4b,0,1,1,-0.18,10,7.66,9.413
gemma4:e4b,0,1,2,-0.18,10,8.43,4.811
gemma4:e4b,0,1,3,-0.18,10,12.14,4.688
gemma4:e4b,0,1,4,-0.18,10,14.84,8.539
gemma4:e4b,0,1,5,-0.18,10,7.23,11.214
gemma4:e4b,0,1,6,-0.18,10,8.73,12.513
gemma4:e4b,0,1,0,-0.18,12,9.33,8.503
gemma4:e4b,0,1,1,-0.18,12,9.77,9.901
gemma4:e4b,0,1,2,-0.18,12,11.26,10.144
gemma4:e4b,0,1,3,-0.18,12,3.65,7.194
gemma4:e4b,0,1,4,-0.18,12,13.16,9.796
gemma4:e4b,0,1,5,-0.18,12,8.72,10.379
gemma4:e4b,0,1,6,-0.18,12,10.96,11.543
gemma4:e4b,0,2,0,0.33,0,-0.16,3.381
gemma4:e4b,0,2,1,0.33,0,0.55,1.903
gemma4:e4b,0,2,2,0.33,0,-0.39,8.601
gemma4:e4b,0,2,3,0.33,0,2.28,5.839
gemma4:e4b,0,2,4,0.33,0,7.89,7.918
gemma4:e4b,0,2,5,0.33,0,-0.18,7.656
gemma4:e4b,0,2,6,0.33,0,-1.12,9.239
gemma4:e4b,0,2,0,0.33,2,0.97,2.01
gemma4:e4b,0,2,1,0.33,2,1.35,7.853
gemma4:e4b,0,2,2,0.33,2,0.8,5.765
gemma4:e4b,0,2,3,0.33,2,3.11,5.761
gemma4:e4b,0,2,4,0.33,2,7.69,8.81
gemma4:e4b,0,2,5,0.33,2,1.23,8.268
gemma4:e4b,0,2,6,0.33,2,0.58,6.79
gemma4:e4b,0,2,0,0.33,4,3.16,7.094
gemma4:e4b,0,2,1,0.33,4,2.05,4.909
gemma4:e4b,0,2,2,0.33,4,3.3,3.816
gemma4:e4b,0,2,3,0.33,4,2.78,5.441
gemma4:e4b,0,2,4,0.33,4,10.92,7.549
gemma4:e4b,0,2,5,0.33,4,2.89,8.885
gemma4:e4b,0,2,6,0.33,4,2.42,9.334
gemma4:e4b,0,2,0,0.33,6,6.92,8.362
gemma4:e4b,0,2,1,0.33,6,3.24,7.501
gemma4:e4b,0,2,2,0.33,6,4.28,6.247
gemma4:e4b,0,2,3,0.33,6,2.91,5.432
gemma4:e4b,0,2,4,0.33,6,12.08,5.533
gemma4:e4b,0,2,5,0.33,6,3.86,8.25
gemma4:e4b,0,2,6,0.33,6,5.88,10.316
gemma4:e4b,0,2,0,0.33,8,8.62,7.431
gemma4:e4b,0,2,1,0.33,8,5.9,5.021
gemma4:e4b,0,2,2,0.33,8,6.26,4.845
gemma4:e4b,0,2,3,0.33,8,12.96,5.85
gemma4:e4b,0,2,4,0.33,8,12.3,8.11
gemma4:e4b,0,2,5,0.33,8,7.91,7.832
gemma4:e4b,0,2,6,0.33,8,8.33,9.063
gemma4:e4b,0,2,0,0.33,10,10.61,3.448
gemma4:e4b,0,2,1,0.33,10,8.41,7.119
gemma4:e4b,0,2,2,0.33,10,10.11,9.129
gemma4:e4b,0,2,3,0.33,10,2.6,5.012
gemma4:e4b,0,2,4,0.33,10,11.58,11.028
gemma4:e4b,0,2,5,0.33,10,10.82,4.815
gemma4:e4b,0,2,6,0.33,10,12.4,9.668
gemma4:e4b,0,2,0,0.33,12,13.85,3.26
gemma4:e4b,0,2,1,0.33,12,11.8,7.693
gemma4:e4b,0,2,2,0.33,12,13.31,7.989
gemma4:e4b,0,2,3,0.33,12,14.1,5.747
gemma4:e4b,0,2,4,0.33,12,10.7,9.628
gemma4:e4b,0,2,5,0.33,12,15.73,9.549
gemma4:e4b,0,2,6,0.33,12,13.71,8.576
gemma4:e4b,2,0,0,1.99,0,1.06,7.729
gemma4:e4b,2,0,1,1.99,0,0.82,3.574
gemma4:e4b,2,0,2,1.99,0,0.3,8.603
gemma4:e4b,2,0,3,1.99,0,7.19,3.115
gemma4:e4b,2,0,4,1.99,0,9.59,6.898
gemma4:e4b,2,0,5,1.99,0,0.39,3.653
gemma4:e4b,2,0,6,1.99,0,1.37,4.228
gemma4:e4b,2,0,0,1.99,2,2.12,4.023
gemma4:e4b,2,0,1,1.99,2,2.29,8.834
gemma4:e4b,2,0,2,1.99,2,1.92,8.93
gemma4:e4b,2,0,3,1.99,2,4.32,5.496
gemma4:e4b,2,0,4,1.99,2,7.38,7.664
gemma4:e4b,2,0,5,1.99,2,2.3,9.172
gemma4:e4b,2,0,6,1.99,2,2.03,10.148
gemma4:e4b,2,0,0,1.99,4,3.64,8.691
gemma4:e4b,2,0,1,1.99,4,3.22,8.838
gemma4:e4b,2,0,2,1.99,4,2.02,8.615
gemma4:e4b,2,0,3,1.99,4,3.46,5.329
gemma4:e4b,2,0,4,1.99,4,6.03,7.637
gemma4:e4b,2,0,5,1.99,4,3.09,10.422
gemma4:e4b,2,0,6,1.99,4,3.0,11.294
gemma4:e4b,2,0,0,1.99,6,5.23,7.71
gemma4:e4b,2,0,1,1.99,6,3.74,8.922
gemma4:e4b,2,0,2,1.99,6,3.09,9.026
gemma4:e4b,2,0,3,1.99,6,4.56,5.382
gemma4:e4b,2,0,4,1.99,6,8.87,10.811
gemma4:e4b,2,0,5,1.99,6,3.73,9.694
gemma4:e4b,2,0,6,1.99,6,3.01,6.65
gemma4:e4b,2,0,0,1.99,8,7.32,8.419
gemma4:e4b,2,0,1,1.99,8,7.46,3.741
gemma4:e4b,2,0,2,1.99,8,3.53,5.811
gemma4:e4b,2,0,3,1.99,8,4.48,5.688
gemma4:e4b,2,0,4,1.99,8,8.28,10.388
gemma4:e4b,2,0,5,1.99,8,6.02,4.121
gemma4:e4b,2,0,6,1.99,8,7.01,9.812
gemma4:e4b,2,0,0,1.99,10,8.5,4.064
gemma4:e4b,2,0,1,1.99,10,7.21,8.691
gemma4:e4b,2,0,2,1.99,10,7.6,10.047
gemma4:e4b,2,0,3,1.99,10,4.15,5.863
gemma4:e4b,2,0,4,1.99,10,12.62,7.268
gemma4:e4b,2,0,5,1.99,10,8.3,9.115
gemma4:e4b,2,0,6,1.99,10,11.01,10.385
gemma4:e4b,2,0,0,1.99,12,10.02,9.053
gemma4:e4b,2,0,1,1.99,12,12.43,9.296
gemma4:e4b,2,0,2,1.99,12,8.78,3.629
gemma4:e4b,2,0,3,1.99,12,5.76,5.96
gemma4:e4b,2,0,4,1.99,12,11.75,10.109
gemma4:e4b,2,0,5,1.99,12,9.86,9.035
gemma4:e4b,2,0,6,1.99,12,9.27,10.015
gemma4:e4b,2,1,0,2.17,0,0.54,3.748
gemma4:e4b,2,1,1,2.17,0,0.43,9.949
gemma4:e4b,2,1,2,2.17,0,0.4,4.509
gemma4:e4b,2,1,3,2.17,0,3.83,5.631
gemma4:e4b,2,1,4,2.17,0,10.68,7.544
gemma4:e4b,2,1,5,2.17,0,1.34,9.565
gemma4:e4b,2,1,6,2.17,0,1.23,10.896
gemma4:e4b,2,1,0,2.17,2,1.86,10.481
gemma4:e4b,2,1,1,2.17,2,1.3,5.943
gemma4:e4b,2,1,2,2.17,2,0.51,10.215
gemma4:e4b,2,1,3,2.17,2,12.44,5.046
gemma4:e4b,2,1,4,2.17,2,12.94,9.579
gemma4:e4b,2,1,5,2.17,2,0.74,8.755
gemma4:e4b,2,1,6,2.17,2,1.78,11.724
gemma4:e4b,2,1,0,2.17,4,2.18,4.614
gemma4:e4b,2,1,1,2.17,4,1.83,10.277
gemma4:e4b,2,1,2,2.17,4,1.76,10.293
gemma4:e4b,2,1,3,2.17,4,5.35,6.036
gemma4:e4b,2,1,4,2.17,4,11.27,11.021
gemma4:e4b,2,1,5,2.17,4,1.85,9.484
gemma4:e4b,2,1,6,2.17,4,1.56,9.246
gemma4:e4b,2,1,0,2.17,6,2.28,10.511
gemma4:e4b,2,1,1,2.17,6,2.49,9.35
gemma4:e4b,2,1,2,2.17,6,2.8,10.307
gemma4:e4b,2,1,3,2.17,6,4.62,5.283
gemma4:e4b,2,1,4,2.17,6,13.42,6.243
gemma4:e4b,2,1,5,2.17,6,2.52,8.275
gemma4:e4b,2,1,6,2.17,6,1.52,12.303
gemma4:e4b,2,1,0,2.17,8,2.7,9.92
gemma4:e4b,2,1,1,2.17,8,2.17,11.594
gemma4:e4b,2,1,2,2.17,8,1.84,5.951
gemma4:e4b,2,1,3,2.17,8,5.04,6.602
gemma4:e4b,2,1,4,2.17,8,13.14,10.084
gemma4:e4b,2,1,5,2.17,8,2.58,10.963
gemma4:e4b,2,1,6,2.17,8,1.95,8.537
gemma4:e4b,2,1,0,2.17,10,4.13,8.897
gemma4:e4b,2,1,1,2.17,10,5.95,10.752
gemma4:e4b,2,1,2,2.17,10,3.26,7.717
gemma4:e4b,2,1,3,2.17,10,13.02,3.822
gemma4:e4b,2,1,4,2.17,10,10.61,6.834
gemma4:e4b,2,1,5,2.17,10,6.14,9.766
gemma4:e4b,2,1,6,2.17,10,2.17,9.477
gemma4:e4b,2,1,0,2.17,12,6.32,10.421
gemma4:e4b,2,1,1,2.17,12,3.26,10.338
gemma4:e4b,2,1,2,2.17,12,6.14,8.904
gemma4:e4b,2,1,3,2.17,12,11.73,4.672
gemma4:e4b,2,1,4,2.17,12,12.9,10.744
gemma4:e4b,2,1,5,2.17,12,15.28,10.661
gemma4:e4b,2,1,6,2.17,12,5.82,9.703
gemma4:e4b,2,2,0,1.96,0,0.37,10.381
gemma4:e4b,2,2,1,1.96,0,-0.11,3.497
gemma4:e4b,2,2,2,1.96,0,-0.4,8.521
gemma4:e4b,2,2,3,1.96,0,8.9,5.11
gemma4:e4b,2,2,4,1.96,0,12.53,10.207
gemma4:e4b,2,2,5,1.96,0,-0.14,4.825
gemma4:e4b,2,2,6,1.96,0,-0.53,9.076
gemma4:e4b,2,2,0,1.96,2,1.42,9.076
gemma4:e4b,2,2,1,1.96,2,0.98,6.184
gemma4:e4b,2,2,2,1.96,2,0.86,10.432
gemma4:e4b,2,2,3,1.96,2,12.62,4.903
gemma4:e4b,2,2,4,1.96,2,14.45,10.444
gemma4:e4b,2,2,5,1.96,2,1.46,10.295
gemma4:e4b,2,2,6,1.96,2,0.89,10.025
gemma4:e4b,2,2,0,1.96,4,2.1,9.814
gemma4:e4b,2,2,1,1.96,4,1.54,9.901
gemma4:e4b,2,2,2,1.96,4,1.79,5.861
gemma4:e4b,2,2,3,1.96,4,8.6,2.328
gemma4:e4b,2,2,4,1.96,4,3.94,8.098
gemma4:e4b,2,2,5,1.96,4,1.82,4.976
gemma4:e4b,2,2,6,1.96,4,1.02,10.898
gemma4:e4b,2,2,0,1.96,6,1.64,3.772
gemma4:e4b,2,2,1,1.96,6,2.04,3.672
gemma4:e4b,2,2,2,1.96,6,2.01,7.742
gemma4:e4b,2,2,3,1.96,6,12.09,2.691
gemma4:e4b,2,2,4,1.96,6,11.02,12.443
gemma4:e4b,2,2,5,1.96,6,1.93,4.646
gemma4:e4b,2,2,6,1.96,6,1.89,8.487
gemma4:e4b,2,2,0,1.96,8,2.79,8.202
gemma4:e4b,2,2,1,1.96,8,2.23,3.899
gemma4:e4b,2,2,2,1.96,8,1.8,6.754
gemma4:e4b,2,2,3,1.96,8,16.72,3.743
gemma4:e4b,2,2,4,1.96,8,4.23,8.337
gemma4:e4b,2,2,5,1.96,8,2.81,10.42
gemma4:e4b,2,2,6,1.96,8,1.47,6.635
gemma4:e4b,2,2,0,1.96,10,3.27,9.592
gemma4:e4b,2,2,1,1.96,10,2.56,8.43
gemma4:e4b,2,2,2,1.96,10,2.05,7.102
gemma4:e4b,2,2,3,1.96,10,11.96,3.347
gemma4:e4b,2,2,4,1.96,10,13.64,11.308
gemma4:e4b,2,2,5,1.96,10,7.06,9.762
gemma4:e4b,2,2,6,1.96,10,3.99,9.691
gemma4:e4b,2,2,0,1.96,12,5.57,3.788
gemma4:e4b,2,2,1,1.96,12,5.62,7.626
gemma4:e4b,2,2,2,1.96,12,7.68,4.452
gemma4:e4b,2,2,3,1.96,12,5.81,6.266
gemma4:e4b,2,2,4,1.96,12,13.2,14.692
gemma4:e4b,2,2,5,1.96,12,7.37,5.258
gemma4:e4b,2,2,6,1.96,12,5.68,9.221
gemma4:e4b,4,0,0,3.85,0,0.19,6.456
gemma4:e4b,4,0,1,3.85,0,-0.07,10.345
gemma4:e4b,4,0,2,3.85,0,0.85,5.285
gemma4:e4b,4,0,3,3.85,0,12.07,5.338
gemma4:e4b,4,0,4,3.85,0,6.07,8.627
gemma4:e4b,4,0,5,3.85,0,-0.05,7.301
gemma4:e4b,4,0,6,3.85,0,0.05,7.634
gemma4:e4b,4,0,0,3.85,2,2.64,4.689
gemma4:e4b,4,0,1,3.85,2,1.46,10.167
gemma4:e4b,4,0,2,3.85,2,1.48,7.491
gemma4:e4b,4,0,3,3.85,2,9.39,4.366
gemma4:e4b,4,0,4,3.85,2,5.13,11.067
gemma4:e4b,4,0,5,3.85,2,1.25,9.84
gemma4:e4b,4,0,6,3.85,2,0.97,9.613
gemma4:e4b,4,0,0,3.85,4,3.81,2.969
gemma4:e4b,4,0,1,3.85,4,2.69,10.712
gemma4:e4b,4,0,2,3.85,4,2.54,11.114
gemma4:e4b,4,0,3,3.85,4,5.87,7.551
gemma4:e4b,4,0,4,3.85,4,9.72,10.185
gemma4:e4b,4,0,5,3.85,4,3.04,10.491
gemma4:e4b,4,0,6,3.85,4,2.52,10.468
gemma4:e4b,4,0,0,3.85,6,3.62,9.707
gemma4:e4b,4,0,1,3.85,6,3.71,4.192
gemma4:e4b,4,0,2,3.85,6,3.24,4.921
gemma4:e4b,4,0,3,3.85,6,6.17,6.881
gemma4:e4b,4,0,4,3.85,6,7.35,10.913
gemma4:e4b,4,0,5,3.85,6,3.48,10.217
gemma4:e4b,4,0,6,3.85,6,3.86,11.739
gemma4:e4b,4,0,0,3.85,8,5.19,5.697
gemma4:e4b,4,0,1,3.85,8,3.8,8.788
gemma4:e4b,4,0,2,3.85,8,3.57,10.753
gemma4:e4b,4,0,3,3.85,8,12.74,4.758
gemma4:e4b,4,0,4,3.85,8,6.94,15.237
gemma4:e4b,4,0,5,3.85,8,4.45,11.022
gemma4:e4b,4,0,6,3.85,8,3.48,9.854
gemma4:e4b,4,0,0,3.85,10,5.73,5.282
gemma4:e4b,4,0,1,3.85,10,4.11,6.022
gemma4:e4b,4,0,2,3.85,10,3.81,5.254
gemma4:e4b,4,0,3,3.85,10,13.03,5.082
gemma4:e4b,4,0,4,3.85,10,6.91,8.736
gemma4:e4b,4,0,5,3.85,10,6.57,13.669
gemma4:e4b,4,0,6,3.85,10,4.26,10.053
gemma4:e4b,4,0,0,3.85,12,6.0,4.868
gemma4:e4b,4,0,1,3.85,12,7.94,9.902
gemma4:e4b,4,0,2,3.85,12,11.29,11.877
gemma4:e4b,4,0,3,3.85,12,12.79,5.604
gemma4:e4b,4,0,4,3.85,12,7.9,8.914
gemma4:e4b,4,0,5,3.85,12,7.4,6.205
gemma4:e4b,4,0,6,3.85,12,7.73,10.054
gemma4:e4b,4,1,0,3.69,0,0.51,4.77
gemma4:e4b,4,1,1,3.69,0,0.54,14.931
gemma4:e4b,4,1,2,3.69,0,0.35,5.572
gemma4:e4b,4,1,3,3.69,0,11.58,5.073
gemma4:e4b,4,1,4,3.69,0,8.1,9.63
gemma4:e4b,4,1,5,3.69,0,0.05,9.253
gemma4:e4b,4,1,6,3.69,0,0.69,11.253
gemma4:e4b,4,1,0,3.69,2,2.33,5.778
gemma4:e4b,4,1,1,3.69,2,1.58,5.518
gemma4:e4b,4,1,2,3.69,2,1.93,11.634
gemma4:e4b,4,1,3,3.69,2,8.73,4.099
gemma4:e4b,4,1,4,3.69,2,6.4,18.434
gemma4:e4b,4,1,5,3.69,2,1.14,10.926
gemma4:e4b,4,1,6,3.69,2,2.2,10.169
gemma4:e4b,4,1,0,3.69,4,2.62,5.943
gemma4:e4b,4,1,1,3.69,4,2.47,15.319
gemma4:e4b,4,1,2,3.69,4,2.05,14.823
gemma4:e4b,4,1,3,3.69,4,11.2,5.85
gemma4:e4b,4,1,4,3.69,4,8.8,9.364
gemma4:e4b,4,1,5,3.69,4,3.19,5.912
gemma4:e4b,4,1,6,3.69,4,2.57,6.365
gemma4:e4b,4,1,0,3.69,6,4.41,5.674
gemma4:e4b,4,1,1,3.69,6,3.41,9.458
gemma4:e4b,4,1,2,3.69,6,3.22,5.862
gemma4:e4b,4,1,3,3.69,6,12.02,3.728
gemma4:e4b,4,1,4,3.69,6,7.99,7.375
gemma4:e4b,4,1,5,3.69,6,3.08,6.839
gemma4:e4b,4,1,6,3.69,6,3.38,5.858
gemma4:e4b,4,1,0,3.69,8,4.83,11.719
gemma4:e4b,4,1,1,3.69,8,3.91,6.556
gemma4:e4b,4,1,2,3.69,8,3.06,12.677
gemma4:e4b,4,1,3,3.69,8,14.93,5.011
gemma4:e4b,4,1,4,3.69,8,10.03,8.969
gemma4:e4b,4,1,5,3.69,8,3.82,7.939
gemma4:e4b,4,1,6,3.69,8,4.45,6.699
gemma4:e4b,4,1,0,3.69,10,6.07,6.387
gemma4:e4b,4,1,1,3.69,10,5.52,6.879
gemma4:e4b,4,1,2,3.69,10,4.3,9.877
gemma4:e4b,4,1,3,3.69,10,11.91,4.579
gemma4:e4b,4,1,4,3.69,10,9.42,8.818
gemma4:e4b,4,1,5,3.69,10,4.96,6.656
gemma4:e4b,4,1,6,3.69,10,5.61,7.641
gemma4:e4b,4,1,0,3.69,12,7.64,6.176
gemma4:e4b,4,1,1,3.69,12,8.69,14.466
gemma4:e4b,4,1,2,3.69,12,8.64,6.349
gemma4:e4b,4,1,3,3.69,12,18.36,5.237
gemma4:e4b,4,1,4,3.69,12,11.98,7.72
gemma4:e4b,4,1,5,3.69,12,10.12,12.517
gemma4:e4b,4,1,6,3.69,12,7.54,10.693
gemma4:e4b,4,2,0,3.82,0,0.03,8.156
gemma4:e4b,4,2,1,3.82,0,-0.28,13.242
gemma4:e4b,4,2,2,3.82,0,0.43,15.36
gemma4:e4b,4,2,3,3.82,0,4.55,8.382
gemma4:e4b,4,2,4,3.82,0,8.14,8.858
gemma4:e4b,4,2,5,3.82,0,-0.28,14.011
gemma4:e4b,4,2,6,3.82,0,0.8,11.399
gemma4:e4b,4,2,0,3.82,2,2.98,6.045
gemma4:e4b,4,2,1,3.82,2,2.19,6.349
gemma4:e4b,4,2,2,3.82,2,1.75,9.169
gemma4:e4b,4,2,3,3.82,2,11.71,5.258
gemma4:e4b,4,2,4,3.82,2,9.02,11.106
gemma4:e4b,4,2,5,3.82,2,1.79,6.547
gemma4:e4b,4,2,6,3.82,2,2.09,13.089
gemma4:e4b,4,2,0,3.82,4,3.84,11.174
gemma4:e4b,4,2,1,3.82,4,2.8,10.042
gemma4:e4b,4,2,2,3.82,4,3.01,6.024
gemma4:e4b,4,2,3,3.82,4,12.16,4.667
gemma4:e4b,4,2,4,3.82,4,6.99,5.646
gemma4:e4b,4,2,5,3.82,4,3.13,10.417
gemma4:e4b,4,2,6,3.82,4,3.03,10.176
gemma4:e4b,4,2,0,3.82,6,3.86,6.078
gemma4:e4b,4,2,1,3.82,6,3.55,11.603
gemma4:e4b,4,2,2,3.82,6,3.33,9.141
gemma4:e4b,4,2,3,3.82,6,5.07,8.389
gemma4:e4b,4,2,4,3.82,6,8.47,7.498
gemma4:e4b,4,2,5,3.82,6,3.12,6.632
gemma4:e4b,4,2,6,3.82,6,3.62,12.015
gemma4:e4b,4,2,0,3.82,8,7.07,10.13
gemma4:e4b,4,2,1,3.82,8,5.24,9.242
gemma4:e4b,4,2,2,3.82,8,3.57,9.947
gemma4:e4b,4,2,3,3.82,8,4.86,9.859
gemma4:e4b,4,2,4,3.82,8,11.17,6.377
gemma4:e4b,4,2,5,3.82,8,5.58,15.32
gemma4:e4b,4,2,6,3.82,8,5.23,12.375
gemma4:e4b,4,2,0,3.82,10,8.56,11.018
gemma4:e4b,4,2,1,3.82,10,8.11,11.057
gemma4:e4b,4,2,2,3.82,10,7.24,6.204
gemma4:e4b,4,2,3,3.82,10,4.77,10.122
gemma4:e4b,4,2,4,3.82,10,12.34,11.562
gemma4:e4b,4,2,5,3.82,10,8.96,12.763
gemma4:e4b,4,2,6,3.82,10,6.16,6.779
gemma4:e4b,4,2,0,3.82,12,9.76,7.58
gemma4:e4b,4,2,1,3.82,12,9.48,11.95
gemma4:e4b,4,2,2,3.82,12,8.66,9.918
gemma4:e4b,4,2,3,3.82,12,5.31,8.703
gemma4:e4b,4,2,4,3.82,12,11.93,8.839
gemma4:e4b,4,2,5,3.82,12,8.98,14.146
gemma4:e4b,4,2,6,3.82,12,8.57,10.992
gemma4:e4b,6,0,0,6.18,0,2.1,9.725
gemma4:e4b,6,0,1,6.18,0,1.03,5.766
gemma4:e4b,6,0,2,6.18,0,1.46,8.723
gemma4:e4b,6,0,3,6.18,0,6.75,9.884
gemma4:e4b,6,0,4,6.18,0,8.01,12.069
gemma4:e4b,6,0,5,6.18,0,2.1,6.181
gemma4:e4b,6,0,6,6.18,0,1.63,14.945
gemma4:e4b,6,0,0,6.18,2,4.19,10.135
gemma4:e4b,6,0,1,6.18,2,2.97,5.978
gemma4:e4b,6,0,2,6.18,2,1.89,12.272
gemma4:e4b,6,0,3,6.18,2,6.72,8.195
gemma4:e4b,6,0,4,6.18,2,14.34,10.964
gemma4:e4b,6,0,5,6.18,2,2.68,7.024
gemma4:e4b,6,0,6,6.18,2,2.93,12.079
gemma4:e4b,6,0,0,6.18,4,4.86,9.286
gemma4:e4b,6,0,1,6.18,4,2.88,7.708
gemma4:e4b,6,0,2,6.18,4,3.31,14.496
gemma4:e4b,6,0,3,6.18,4,6.95,7.673
gemma4:e4b,6,0,4,6.18,4,14.26,13.755
gemma4:e4b,6,0,5,6.18,4,5.04,6.427
gemma4:e4b,6,0,6,6.18,4,4.24,10.32
gemma4:e4b,6,0,0,6.18,6,6.58,6.048
gemma4:e4b,6,0,1,6.18,6,5.73,10.527
gemma4:e4b,6,0,2,6.18,6,5.07,5.936
gemma4:e4b,6,0,3,6.18,6,14.56,4.805
gemma4:e4b,6,0,4,6.18,6,11.58,11.949
gemma4:e4b,6,0,5,6.18,6,5.44,14.667
gemma4:e4b,6,0,6,6.18,6,5.11,12.991
gemma4:e4b,6,0,0,6.18,8,7.71,11.918
gemma4:e4b,6,0,1,6.18,8,6.62,6.26
gemma4:e4b,6,0,2,6.18,8,5.96,6.261
gemma4:e4b,6,0,3,6.18,8,10.25,5.02
gemma4:e4b,6,0,4,6.18,8,13.67,13.512
gemma4:e4b,6,0,5,6.18,8,6.52,13.797
gemma4:e4b,6,0,6,6.18,8,5.97,12.548
gemma4:e4b,6,0,0,6.18,10,12.01,10.879
gemma4:e4b,6,0,1,6.18,10,7.59,6.056
gemma4:e4b,6,0,2,6.18,10,7.81,6.23
gemma4:e4b,6,0,3,6.18,10,9.16,5.22
gemma4:e4b,6,0,4,6.18,10,14.76,14.804
gemma4:e4b,6,0,5,6.18,10,8.77,6.761
gemma4:e4b,6,0,6,6.18,10,7.41,7.146
gemma4:e4b,6,0,0,6.18,12,13.46,6.975
gemma4:e4b,6,0,1,6.18,12,11.6,6.768
gemma4:e4b,6,0,2,6.18,12,13.97,10.52
gemma4:e4b,6,0,3,6.18,12,7.74,8.636
gemma4:e4b,6,0,4,6.18,12,14.93,14.829
gemma4:e4b,6,0,5,6.18,12,15.78,11.143
gemma4:e4b,6,0,6,6.18,12,14.72,13.384
gemma4:e4b,6,1,0,5.79,0,1.4,9.826
gemma4:e4b,6,1,1,5.79,0,1.12,9.538
gemma4:e4b,6,1,2,5.79,0,0.85,4.434
gemma4:e4b,6,1,3,5.79,0,9.51,4.366
gemma4:e4b,6,1,4,5.79,0,8.13,10.269
gemma4:e4b,6,1,5,5.79,0,0.78,10.305
gemma4:e4b,6,1,6,5.79,0,0.23,11.302
gemma4:e4b,6,1,0,5.79,2,3.33,11.994
gemma4:e4b,6,1,1,5.79,2,2.3,4.663
gemma4:e4b,6,1,2,5.79,2,1.47,9.612
gemma4:e4b,6,1,3,5.79,2,6.34,6.971
gemma4:e4b,6,1,4,5.79,2,8.84,11.369
gemma4:e4b,6,1,5,5.79,2,1.9,5.988
gemma4:e4b,6,1,6,5.79,2,2.19,12.198
gemma4:e4b,6,1,0,5.79,4,5.33,8.852
gemma4:e4b,6,1,1,5.79,4,4.21,11.905
gemma4:e4b,6,1,2,5.79,4,3.71,9.667
gemma4:e4b,6,1,3,5.79,4,9.08,3.339
gemma4:e4b,6,1,4,5.79,4,10.0,11.057
gemma4:e4b,6,1,5,5.79,4,4.33,10.292
gemma4:e4b,6,1,6,5.79,4,2.81,10.606
gemma4:e4b,6,1,0,5.79,6,4.6,4.658
gemma4:e4b,6,1,1,5.79,6,4.38,5.172
gemma4:e4b,6,1,2,5.79,6,3.94,9.933
gemma4:e4b,6,1,3,5.79,6,11.23,5.698
gemma4:e4b,6,1,4,5.79,6,7.13,5.468
gemma4:e4b,6,1,5,5.79,6,5.35,5.121
gemma4:e4b,6,1,6,5.79,6,4.34,9.372
gemma4:e4b,6,1,0,5.79,8,5.98,4.91
gemma4:e4b,6,1,1,5.79,8,5.47,5.193
gemma4:e4b,6,1,2,5.79,8,4.77,12.287
gemma4:e4b,6,1,3,5.79,8,11.42,5.466
gemma4:e4b,6,1,4,5.79,8,12.29,7.044
gemma4:e4b,6,1,5,5.79,8,4.8,9.689
gemma4:e4b,6,1,6,5.79,8,5.22,5.947
gemma4:e4b,6,1,0,5.79,10,6.47,4.823
gemma4:e4b,6,1,1,5.79,10,5.0,12.029
gemma4:e4b,6,1,2,5.79,10,4.73,6.173
gemma4:e4b,6,1,3,5.79,10,16.72,4.97
gemma4:e4b,6,1,4,5.79,10,11.56,11.769
gemma4:e4b,6,1,5,5.79,10,6.05,10.233
gemma4:e4b,6,1,6,5.79,10,5.78,10.792
gemma4:e4b,6,1,0,5.79,12,8.51,5.102
gemma4:e4b,6,1,1,5.79,12,6.9,5.152
gemma4:e4b,6,1,2,5.79,12,8.95,10.035
gemma4:e4b,6,1,3,5.79,12,13.35,5.235
gemma4:e4b,6,1,4,5.79,12,12.36,14.262
gemma4:e4b,6,1,5,5.79,12,8.37,6.304
gemma4:e4b,6,1,6,5.79,12,10.19,10.002
gemma4:e4b,6,2,0,5.61,0,1.51,9.064
gemma4:e4b,6,2,1,5.61,0,2.23,5.752
gemma4:e4b,6,2,2,5.61,0,2.41,4.735
gemma4:e4b,6,2,3,5.61,0,9.51,5.303
gemma4:e4b,6,2,4,5.61,0,11.32,9.033
gemma4:e4b,6,2,5,5.61,0,0.68,8.346
gemma4:e4b,6,2,6,5.61,0,2.88,14.703
gemma4:e4b,6,2,0,5.61,2,3.53,12.028
gemma4:e4b,6,2,1,5.61,2,3.52,12.704
gemma4:e4b,6,2,2,5.61,2,3.68,6.308
gemma4:e4b,6,2,3,5.61,2,10.55,5.107
gemma4:e4b,6,2,4,5.61,2,12.35,10.441
gemma4:e4b,6,2,5,5.61,2,3.44,5.718
gemma4:e4b,6,2,6,5.61,2,2.82,13.033
gemma4:e4b,6,2,0,5.61,4,4.98,13.414
gemma4:e4b,6,2,1,5.61,4,4.81,6.005
gemma4:e4b,6,2,2,5.61,4,3.74,9.741
gemma4:e4b,6,2,3,5.61,4,6.43,8.266
gemma4:e4b,6,2,4,5.61,4,11.9,11.768
gemma4:e4b,6,2,5,5.61,4,4.98,6.993
gemma4:e4b,6,2,6,5.61,4,5.01,6.364
gemma4:e4b,6,2,0,5.61,6,6.39,6.789
gemma4:e4b,6,2,1,5.61,6,5.14,9.743
gemma4:e4b,6,2,2,5.61,6,4.77,7.062
gemma4:e4b,6,2,3,5.61,6,12.51,4.527
gemma4:e4b,6,2,4,5.61,6,8.87,11.724
gemma4:e4b,6,2,5,5.61,6,5.88,6.501
gemma4:e4b,6,2,6,5.61,6,6.04,11.708
gemma4:e4b,6,2,0,5.61,8,7.38,7.605
gemma4:e4b,6,2,1,5.61,8,6.18,6.601
gemma4:e4b,6,2,2,5.61,8,5.72,11.897
gemma4:e4b,6,2,3,5.61,8,6.49,7.788
gemma4:e4b,6,2,4,5.61,8,13.48,12.823
gemma4:e4b,6,2,5,5.61,8,5.45,13.167
gemma4:e4b,6,2,6,5.61,8,6.22,9.846
gemma4:e4b,6,2,0,5.61,10,9.87,6.751
gemma4:e4b,6,2,1,5.61,10,7.82,9.374
gemma4:e4b,6,2,2,5.61,10,6.29,5.974
gemma4:e4b,6,2,3,5.61,10,13.36,5.089
gemma4:e4b,6,2,4,5.61,10,12.38,10.608
gemma4:e4b,6,2,5,5.61,10,8.49,7.181
gemma4:e4b,6,2,6,5.61,10,7.48,6.334
gemma4:e4b,6,2,0,5.61,12,12.07,9.904
gemma4:e4b,6,2,1,5.61,12,11.81,6.915
gemma4:e4b,6,2,2,5.61,12,13.66,5.727
gemma4:e4b,6,2,3,5.61,12,17.1,5.667
gemma4:e4b,6,2,4,5.61,12,14.4,11.884
gemma4:e4b,6,2,5,5.61,12,13.86,7.394
gemma4:e4b,6,2,6,5.61,12,12.35,6.782
gemma4:e4b,8,0,0,7.91,0,1.87,4.142
gemma4:e4b,8,0,1,7.91,0,0.78,10.204
gemma4:e4b,8,0,2,7.91,0,1.38,6.96
gemma4:e4b,8,0,3,7.91,0,8.74,7.211
gemma4:e4b,8,0,4,7.91,0,8.99,10.015
gemma4:e4b,8,0,5,7.91,0,1.44,7.453
gemma4:e4b,8,0,6,7.91,0,1.69,7.078
gemma4:e4b,8,0,0,7.91,2,4.74,5.2
gemma4:e4b,8,0,1,7.91,2,3.37,9.775
gemma4:e4b,8,0,2,7.91,2,3.67,5.166
gemma4:e4b,8,0,3,7.91,2,11.16,4.517
gemma4:e4b,8,0,4,7.91,2,5.47,12.873
gemma4:e4b,8,0,5,7.91,2,2.4,10.033
gemma4:e4b,8,0,6,7.91,2,3.55,9.376
gemma4:e4b,8,0,0,7.91,4,5.31,5.687
gemma4:e4b,8,0,1,7.91,4,5.6,10.122
gemma4:e4b,8,0,2,7.91,4,4.74,7.953
gemma4:e4b,8,0,3,7.91,4,14.0,5.033
gemma4:e4b,8,0,4,7.91,4,8.53,8.073
gemma4:e4b,8,0,5,7.91,4,6.15,8.967
gemma4:e4b,8,0,6,7.91,4,5.15,8.321
gemma4:e4b,8,0,0,7.91,6,6.23,5.652
gemma4:e4b,8,0,1,7.91,6,6.47,5.401
gemma4:e4b,8,0,2,7.91,6,6.38,5.482
gemma4:e4b,8,0,3,7.91,6,11.21,4.919
gemma4:e4b,8,0,4,7.91,6,7.84,7.761
gemma4:e4b,8,0,5,7.91,6,5.07,10.296
gemma4:e4b,8,0,6,7.91,6,5.77,8.798
gemma4:e4b,8,0,0,7.91,8,7.54,13.619
gemma4:e4b,8,0,1,7.91,8,6.68,9.109
gemma4:e4b,8,0,2,7.91,8,6.6,5.41
gemma4:e4b,8,0,3,7.91,8,12.41,5.03
gemma4:e4b,8,0,4,7.91,8,6.45,13.306
gemma4:e4b,8,0,5,7.91,8,6.96,9.277
gemma4:e4b,8,0,6,7.91,8,6.87,5.04
gemma4:e4b,8,0,0,7.91,10,9.61,5.292
gemma4:e4b,8,0,1,7.91,10,11.47,8.867
gemma4:e4b,8,0,2,7.91,10,8.29,8.942
gemma4:e4b,8,0,3,7.91,10,11.84,4.146
gemma4:e4b,8,0,4,7.91,10,9.99,10.625
gemma4:e4b,8,0,5,7.91,10,11.73,9.258
gemma4:e4b,8,0,6,7.91,10,8.05,9.346
gemma4:e4b,8,0,0,7.91,12,13.92,10.991
gemma4:e4b,8,0,1,7.91,12,12.74,6.48
gemma4:e4b,8,0,2,7.91,12,14.24,5.56
gemma4:e4b,8,0,3,7.91,12,9.18,7.904
gemma4:e4b,8,0,4,7.91,12,11.8,10.673
gemma4:e4b,8,0,5,7.91,12,14.11,10.7
gemma4:e4b,8,0,6,7.91,12,11.95,6.077
gemma4:e4b,8,1,0,7.74,0,2.05,4.261
gemma4:e4b,8,1,1,7.74,0,2.28,9.414
gemma4:e4b,8,1,2,7.74,0,1.61,12.599
gemma4:e4b,8,1,3,7.74,0,10.24,4.99
gemma4:e4b,8,1,4,7.74,0,9.13,10.93
gemma4:e4b,8,1,5,7.74,0,2.09,5.381
gemma4:e4b,8,1,6,7.74,0,1.64,10.007
gemma4:e4b,8,1,0,7.74,2,5.16,10.525
gemma4:e4b,8,1,1,7.74,2,3.78,9.682
gemma4:e4b,8,1,2,7.74,2,3.95,6.394
gemma4:e4b,8,1,3,7.74,2,7.69,5.039
gemma4:e4b,8,1,4,7.74,2,11.47,8.819
gemma4:e4b,8,1,5,7.74,2,4.24,8.883
gemma4:e4b,8,1,6,7.74,2,3.86,14.014
gemma4:e4b,8,1,0,7.74,4,6.73,10.739
gemma4:e4b,8,1,1,7.74,4,6.14,9.943
gemma4:e4b,8,1,2,7.74,4,6.21,11.647
gemma4:e4b,8,1,3,7.74,4,7.89,7.966
gemma4:e4b,8,1,4,7.74,4,11.0,12.098
gemma4:e4b,8,1,5,7.74,4,4.63,11.027
gemma4:e4b,8,1,6,7.74,4,5.21,11.997
gemma4:e4b,8,1,0,7.74,6,7.36,5.894
gemma4:e4b,8,1,1,7.74,6,6.76,6.293
gemma4:e4b,8,1,2,7.74,6,6.33,6.09
gemma4:e4b,8,1,3,7.74,6,12.43,5.113
gemma4:e4b,8,1,4,7.74,6,9.59,11.707
gemma4:e4b,8,1,5,7.74,6,6.43,10.54
gemma4:e4b,8,1,6,7.74,6,6.9,10.431
gemma4:e4b,8,1,0,7.74,8,8.35,4.256
gemma4:e4b,8,1,1,7.74,8,8.04,5.782
gemma4:e4b,8,1,2,7.74,8,7.64,9.108
gemma4:e4b,8,1,3,7.74,8,11.17,4.7
gemma4:e4b,8,1,4,7.74,8,13.95,9.895
gemma4:e4b,8,1,5,7.74,8,7.73,8.768
gemma4:e4b,8,1,6,7.74,8,8.47,6.029
gemma4:e4b,8,1,0,7.74,10,13.56,9.451
gemma4:e4b,8,1,1,7.74,10,12.64,9.312
gemma4:e4b,8,1,2,7.74,10,15.0,12.475
gemma4:e4b,8,1,3,7.74,10,13.51,4.876
gemma4:e4b,8,1,4,7.74,10,14.73,11.044
gemma4:e4b,8,1,5,7.74,10,13.57,6.405
gemma4:e4b,8,1,6,7.74,10,10.22,10.702
gemma4:e4b,8,1,0,7.74,12,15.41,6.014
gemma4:e4b,8,1,1,7.74,12,14.83,6.647
gemma4:e4b,8,1,2,7.74,12,14.21,6.659
gemma4:e4b,8,1,3,7.74,12,16.74,5.499
gemma4:e4b,8,1,4,7.74,12,15.74,10.728
gemma4:e4b,8,1,5,7.74,12,17.68,11.184
gemma4:e4b,8,1,6,7.74,12,15.15,10.077
gemma4:e4b,8,2,0,8.22,0,3.93,9.606
gemma4:e4b,8,2,1,8.22,0,2.95,5.222
gemma4:e4b,8,2,2,8.22,0,1.78,13.183
gemma4:e4b,8,2,3,8.22,0,10.1,5.469
gemma4:e4b,8,2,4,8.22,0,5.61,11.098
gemma4:e4b,8,2,5,8.22,0,2.93,6.443
gemma4:e4b,8,2,6,8.22,0,2.15,11.053
gemma4:e4b,8,2,0,8.22,2,6.16,5.558
gemma4:e4b,8,2,1,8.22,2,4.79,12.043
gemma4:e4b,8,2,2,8.22,2,4.03,11.349
gemma4:e4b,8,2,3,8.22,2,11.12,5.602
gemma4:e4b,8,2,4,8.22,2,8.23,10.926
gemma4:e4b,8,2,5,8.22,2,4.28,9.819
gemma4:e4b,8,2,6,8.22,2,4.37,12.84
gemma4:e4b,8,2,0,8.22,4,6.41,5.732
gemma4:e4b,8,2,1,8.22,4,6.82,12.82
gemma4:e4b,8,2,2,8.22,4,5.93,12.589
gemma4:e4b,8,2,3,8.22,4,8.55,4.872
gemma4:e4b,8,2,4,8.22,4,8.48,10.458
gemma4:e4b,8,2,5,8.22,4,6.42,11.589
gemma4:e4b,8,2,6,8.22,4,6.73,9.221
gemma4:e4b,8,2,0,8.22,6,7.52,5.022
gemma4:e4b,8,2,1,8.22,6,7.22,6.279
gemma4:e4b,8,2,2,8.22,6,6.93,11.182
gemma4:e4b,8,2,3,8.22,6,9.09,8.245
gemma4:e4b,8,2,4,8.22,6,11.72,5.213
gemma4:e4b,8,2,5,8.22,6,6.81,14.243
gemma4:e4b,8,2,6,8.22,6,6.0,6.627
gemma4:e4b,8,2,0,8.22,8,9.05,5.966
gemma4:e4b,8,2,1,8.22,8,8.28,10.03
gemma4:e4b,8,2,2,8.22,8,7.21,11.023
gemma4:e4b,8,2,3,8.22,8,14.91,5.832
gemma4:e4b,8,2,4,8.22,8,10.6,9.251
gemma4:e4b,8,2,5,8.22,8,8.13,11.558
gemma4:e4b,8,2,6,8.22,8,6.99,13.633
gemma4:e4b,8,2,0,8.22,10,12.86,5.917
gemma4:e4b,8,2,1,8.22,10,9.54,5.336
gemma4:e4b,8,2,2,8.22,10,8.89,9.492
gemma4:e4b,8,2,3,8.22,10,13.96,4.558
gemma4:e4b,8,2,4,8.22,10,13.3,11.809
gemma4:e4b,8,2,5,8.22,10,11.56,9.556
gemma4:e4b,8,2,6,8.22,10,11.06,11.351
gemma4:e4b,8,2,0,8.22,12,14.02,5.412
gemma4:e4b,8,2,1,8.22,12,15.32,10.339
gemma4:e4b,8,2,2,8.22,12,12.57,5.471
gemma4:e4b,8,2,3,8.22,12,14.51,4.835
gemma4:e4b,8,2,4,8.22,12,14.48,5.289
gemma4:e4b,8,2,5,8.22,12,17.56,11.478
gemma4:e4b,8,2,6,8.22,12,14.87,6.048
gemma4:e4b,10,0,0,10.07,0,3.07,3.917
gemma4:e4b,10,0,1,10.07,0,2.78,4.381
gemma4:e4b,10,0,2,10.07,0,2.08,9.599
gemma4:e4b,10,0,3,10.07,0,8.79,5.318
gemma4:e4b,10,0,4,10.07,0,8.88,8.908
gemma4:e4b,10,0,5,10.07,0,1.51,8.099
gemma4:e4b,10,0,6,10.07,0,3.49,9.39
gemma4:e4b,10,0,0,10.07,2,4.58,4.747
gemma4:e4b,10,0,1,10.07,2,3.38,8.62
gemma4:e4b,10,0,2,10.07,2,3.22,8.074
gemma4:e4b,10,0,3,10.07,2,11.12,5.538
gemma4:e4b,10,0,4,10.07,2,10.22,10.449
gemma4:e4b,10,0,5,10.07,2,3.61,6.128
gemma4:e4b,10,0,6,10.07,2,4.09,9.925
gemma4:e4b,10,0,0,10.07,4,6.05,5.367
gemma4:e4b,10,0,1,10.07,4,5.44,10.241
gemma4:e4b,10,0,2,10.07,4,6.11,10.399
gemma4:e4b,10,0,3,10.07,4,10.53,8.279
gemma4:e4b,10,0,4,10.07,4,10.93,7.234
gemma4:e4b,10,0,5,10.07,4,4.99,10.419
gemma4:e4b,10,0,6,10.07,4,5.49,8.507
gemma4:e4b,10,0,0,10.07,6,7.79,6.767
gemma4:e4b,10,0,1,10.07,6,7.53,6.392
gemma4:e4b,10,0,2,10.07,6,7.65,16.122
gemma4:e4b,10,0,3,10.07,6,11.7,4.974
gemma4:e4b,10,0,4,10.07,6,10.38,14.958
gemma4:e4b,10,0,5,10.07,6,8.24,6.955
gemma4:e4b,10,0,6,10.07,6,8.49,10.643
gemma4:e4b,10,0,0,10.07,8,9.54,7.042
gemma4:e4b,10,0,1,10.07,8,8.67,7.055
gemma4:e4b,10,0,2,10.07,8,9.4,11.164
gemma4:e4b,10,0,3,10.07,8,14.27,4.728
gemma4:e4b,10,0,4,10.07,8,11.34,13.428
gemma4:e4b,10,0,5,10.07,8,8.46,7.914
gemma4:e4b,10,0,6,10.07,8,9.4,13.66
gemma4:e4b,10,0,0,10.07,10,11.9,7.292
gemma4:e4b,10,0,1,10.07,10,9.81,6.693
gemma4:e4b,10,0,2,10.07,10,10.73,13.401
gemma4:e4b,10,0,3,10.07,10,13.01,4.916
gemma4:e4b,10,0,4,10.07,10,12.75,13.824
gemma4:e4b,10,0,5,10.07,10,11.1,11.897
gemma4:e4b,10,0,6,10.07,10,10.65,13.092
gemma4:e4b,10,0,0,10.07,12,12.54,7.207
gemma4:e4b,10,0,1,10.07,12,11.65,6.933
gemma4:e4b,10,0,2,10.07,12,12.7,8.154
gemma4:e4b,10,0,3,10.07,12,14.53,5.474
gemma4:e4b,10,0,4,10.07,12,13.37,11.373
gemma4:e4b,10,0,5,10.07,12,13.46,11.98
gemma4:e4b,10,0,6,10.07,12,13.02,7.416
gemma4:e4b,10,1,0,10.1,0,4.08,10.601
gemma4:e4b,10,1,1,10.1,0,4.19,9.868
gemma4:e4b,10,1,2,10.1,0,4.0,13.6
gemma4:e4b,10,1,3,10.1,0,8.51,5.371
gemma4:e4b,10,1,4,10.1,0,15.76,12.678
gemma4:e4b,10,1,5,10.1,0,3.32,9.529
gemma4:e4b,10,1,6,10.1,0,3.56,10.613
gemma4:e4b,10,1,0,10.1,2,6.02,8.639
gemma4:e4b,10,1,1,10.1,2,4.37,9.225
gemma4:e4b,10,1,2,10.1,2,4.07,8.793
gemma4:e4b,10,1,3,10.1,2,9.2,5.832
gemma4:e4b,10,1,4,10.1,2,12.91,10.248
gemma4:e4b,10,1,5,10.1,2,4.45,8.985
gemma4:e4b,10,1,6,10.1,2,4.62,9.987
gemma4:e4b,10,1,0,10.1,4,7.93,11.301
gemma4:e4b,10,1,1,10.1,4,7.1,10.837
gemma4:e4b,10,1,2,10.1,4,6.63,8.822
gemma4:e4b,10,1,3,10.1,4,14.01,5.101
gemma4:e4b,10,1,4,10.1,4,13.9,12.125
gemma4:e4b,10,1,5,10.1,4,6.62,10.044
gemma4:e4b,10,1,6,10.1,4,6.86,12.22
gemma4:e4b,10,1,0,10.1,6,10.64,11.493
gemma4:e4b,10,1,1,10.1,6,8.16,12.773
gemma4:e4b,10,1,2,10.1,6,8.49,9.26
gemma4:e4b,10,1,3,10.1,6,12.48,5.003
gemma4:e4b,10,1,4,10.1,6,12.98,13.775
gemma4:e4b,10,1,5,10.1,6,7.51,13.603
gemma4:e4b,10,1,6,10.1,6,8.81,16.115
gemma4:e4b,10,1,0,10.1,8,8.58,8.575
gemma4:e4b,10,1,1,10.1,8,8.91,14.323
gemma4:e4b,10,1,2,10.1,8,9.47,15.903
gemma4:e4b,10,1,3,10.1,8,15.47,6.549
gemma4:e4b,10,1,4,10.1,8,14.26,8.264
gemma4:e4b,10,1,5,10.1,8,9.7,12.075
gemma4:e4b,10,1,6,10.1,8,10.02,14.056
gemma4:e4b,10,1,0,10.1,10,10.71,10.493
gemma4:e4b,10,1,1,10.1,10,9.82,11.694
gemma4:e4b,10,1,2,10.1,10,10.39,14.945
gemma4:e4b,10,1,3,10.1,10,14.28,6.798
gemma4:e4b,10,1,4,10.1,10,13.21,11.168
gemma4:e4b,10,1,5,10.1,10,9.79,14.735
gemma4:e4b,10,1,6,10.1,10,9.48,14.811
gemma4:e4b,10,1,0,10.1,12,11.82,11.332
gemma4:e4b,10,1,1,10.1,12,13.11,11.263
gemma4:e4b,10,1,2,10.1,12,13.39,11.98
gemma4:e4b,10,1,3,10.1,12,12.42,8.42
gemma4:e4b,10,1,4,10.1,12,14.49,11.647
gemma4:e4b,10,1,5,10.1,12,13.23,14.782
gemma4:e4b,10,1,6,10.1,12,12.87,14.761
gemma4:e4b,10,2,0,10.2,0,3.45,9.864
gemma4:e4b,10,2,1,10.2,0,2.79,4.29
gemma4:e4b,10,2,2,10.2,0,2.27,9.259
gemma4:e4b,10,2,3,10.2,0,8.07,4.637
gemma4:e4b,10,2,4,10.2,0,7.99,9.271
gemma4:e4b,10,2,5,10.2,0,2.74,8.642
gemma4:e4b,10,2,6,10.2,0,1.55,6.294
gemma4:e4b,10,2,0,10.2,2,5.21,8.336
gemma4:e4b,10,2,1,10.2,2,4.41,4.811
gemma4:e4b,10,2,2,10.2,2,4.11,4.711
gemma4:e4b,10,2,3,10.2,2,8.02,4.885
gemma4:e4b,10,2,4,10.2,2,7.89,9.524
gemma4:e4b,10,2,5,10.2,2,3.45,10.215
gemma4:e4b,10,2,6,10.2,2,4.61,9.613
gemma4:e4b,10,2,0,10.2,4,6.48,8.757
gemma4:e4b,10,2,1,10.2,4,5.81,11.87
gemma4:e4b,10,2,2,10.2,4,5.55,11.629
gemma4:e4b,10,2,3,10.2,4,9.12,4.873
gemma4:e4b,10,2,4,10.2,4,10.26,10.105
gemma4:e4b,10,2,5,10.2,4,5.96,12.116
gemma4:e4b,10,2,6,10.2,4,4.88,10.841
gemma4:e4b,10,2,0,10.2,6,8.09,10.352
gemma4:e4b,10,2,1,10.2,6,7.27,8.011
gemma4:e4b,10,2,2,10.2,6,7.15,4.173
gemma4:e4b,10,2,3,10.2,6,12.03,5.176
gemma4:e4b,10,2,4,10.2,6,8.32,13.056
gemma4:e4b,10,2,5,10.2,6,6.86,9.251
gemma4:e4b,10,2,6,10.2,6,6.82,10.754
gemma4:e4b,10,2,0,10.2,8,9.96,8.635
gemma4:e4b,10,2,1,10.2,8,8.57,8.161
gemma4:e4b,10,2,2,10.2,8,8.52,11.925
gemma4:e4b,10,2,3,10.2,8,10.93,7.064
gemma4:e4b,10,2,4,10.2,8,10.17,9.111
gemma4:e4b,10,2,5,10.2,8,8.11,5.121
gemma4:e4b,10,2,6,10.2,8,7.87,12.363
gemma4:e4b,10,2,0,10.2,10,12.26,4.96
gemma4:e4b,10,2,1,10.2,10,13.11,10.412
gemma4:e4b,10,2,2,10.2,10,9.93,5.497
gemma4:e4b,10,2,3,10.2,10,12.36,5.099
gemma4:e4b,10,2,4,10.2,10,8.71,9.862
gemma4:e4b,10,2,5,10.2,10,10.68,8.859
gemma4:e4b,10,2,6,10.2,10,10.93,9.219
gemma4:e4b,10,2,0,10.2,12,15.36,9.811
gemma4:e4b,10,2,1,10.2,12,13.67,9.384
gemma4:e4b,10,2,2,10.2,12,18.52,12.902
gemma4:e4b,10,2,3,10.2,12,13.62,4.894
gemma4:e4b,10,2,4,10.2,12,15.01,11.736
gemma4:e4b,10,2,5,10.2,12,16.09,9.779
gemma4:e4b,10,2,6,10.2,12,15.65,11.124
gemma4:e4b,12,0,0,11.81,0,3.64,9.479
gemma4:e4b,12,0,1,11.81,0,4.28,11.41
gemma4:e4b,12,0,2,11.81,0,4.16,13.646
gemma4:e4b,12,0,3,11.81,0,11.43,6.096
gemma4:e4b,12,0,4,11.81,0,10.28,11.105
gemma4:e4b,12,0,5,11.81,0,2.76,9.787
gemma4:e4b,12,0,6,11.81,0,4.44,12.332
gemma4:e4b,12,0,0,11.81,2,5.68,7.09
gemma4:e4b,12,0,1,11.81,2,4.57,10.691
gemma4:e4b,12,0,2,11.81,2,5.23,10.13
gemma4:e4b,12,0,3,11.81,2,8.51,4.418
gemma4:e4b,12,0,4,11.81,2,13.66,10.103
gemma4:e4b,12,0,5,11.81,2,4.87,10.376
gemma4:e4b,12,0,6,11.81,2,5.0,11.687
gemma4:e4b,12,0,0,11.81,4,7.45,7.341
gemma4:e4b,12,0,1,11.81,4,7.07,14.599
gemma4:e4b,12,0,2,11.81,4,6.12,9.269
gemma4:e4b,12,0,3,11.81,4,10.86,5.606
gemma4:e4b,12,0,4,11.81,4,12.55,11.747
gemma4:e4b,12,0,5,11.81,4,6.93,8.1
gemma4:e4b,12,0,6,11.81,4,6.17,12.751
gemma4:e4b,12,0,0,11.81,6,9.93,13.291
gemma4:e4b,12,0,1,11.81,6,8.94,14.513
gemma4:e4b,12,0,2,11.81,6,8.91,15.766
gemma4:e4b,12,0,3,11.81,6,10.67,4.888
gemma4:e4b,12,0,4,11.81,6,15.73,15.216
gemma4:e4b,12,0,5,11.81,6,7.98,13.753
gemma4:e4b,12,0,6,11.81,6,9.28,18.059
gemma4:e4b,12,0,0,11.81,8,11.15,11.46
gemma4:e4b,12,0,1,11.81,8,10.98,14.985
gemma4:e4b,12,0,2,11.81,8,9.93,16.809
gemma4:e4b,12,0,3,11.81,8,13.76,5.586
gemma4:e4b,12,0,4,11.81,8,13.45,13.897
gemma4:e4b,12,0,5,11.81,8,9.28,17.706
gemma4:e4b,12,0,6,11.81,8,9.55,16.909
gemma4:e4b,12,0,0,11.81,10,12.19,11.642
gemma4:e4b,12,0,1,11.81,10,11.99,15.776
gemma4:e4b,12,0,2,11.81,10,10.95,20.262
gemma4:e4b,12,0,3,11.81,10,14.43,5.686
gemma4:e4b,12,0,4,11.81,10,16.42,9.94
gemma4:e4b,12,0,5,11.81,10,12.28,12.66
gemma4:e4b,12,0,6,11.81,10,11.14,13.133
gemma4:e4b,12,0,0,11.81,12,16.29,11.971
gemma4:e4b,12,0,1,11.81,12,12.87,14.768
gemma4:e4b,12,0,2,11.81,12,11.95,15.902
gemma4:e4b,12,0,3,11.81,12,17.0,5.763
gemma4:e4b,12,0,4,11.81,12,16.58,14.857
gemma4:e4b,12,0,5,11.81,12,15.65,16.435
gemma4:e4b,12,0,6,11.81,12,14.94,17.74
gemma4:e4b,12,1,0,11.54,0,3.01,9.093
gemma4:e4b,12,1,1,11.54,0,2.41,9.952
gemma4:e4b,12,1,2,11.54,0,1.86,13.837
gemma4:e4b,12,1,3,11.54,0,8.15,5.169
gemma4:e4b,12,1,4,11.54,0,11.43,12.611
gemma4:e4b,12,1,5,11.54,0,1.56,8.765
gemma4:e4b,12,1,6,11.54,0,1.82,10.179
gemma4:e4b,12,1,0,11.54,2,4.71,5.071
gemma4:e4b,12,1,1,11.54,2,3.12,5.752
gemma4:e4b,12,1,2,11.54,2,3.21,9.782
gemma4:e4b,12,1,3,11.54,2,9.97,5.544
gemma4:e4b,12,1,4,11.54,2,11.89,14.452
gemma4:e4b,12,1,5,11.54,2,3.03,9.547
gemma4:e4b,12,1,6,11.54,2,3.37,10.115
gemma4:e4b,12,1,0,11.54,4,6.11,6.967
gemma4:e4b,12,1,1,11.54,4,4.84,11.59
gemma4:e4b,12,1,2,11.54,4,4.83,10.523
gemma4:e4b,12,1,3,11.54,4,11.4,14.593
gemma4:e4b,12,1,4,11.54,4,10.79,10.074
gemma4:e4b,12,1,5,11.54,4,5.46,12.195
gemma4:e4b,12,1,6,11.54,4,4.34,11.221
gemma4:e4b,12,1,0,11.54,6,8.38,7.322
gemma4:e4b,12,1,1,11.54,6,7.28,12.808
gemma4:e4b,12,1,2,11.54,6,7.25,14.117
gemma4:e4b,12,1,3,11.54,6,14.05,6.882
gemma4:e4b,12,1,4,11.54,6,12.96,11.531
gemma4:e4b,12,1,5,11.54,6,7.64,12.115
gemma4:e4b,12,1,6,11.54,6,7.35,15.012
gemma4:e4b,12,1,0,11.54,8,10.91,10.842
gemma4:e4b,12,1,1,11.54,8,8.92,13.47
gemma4:e4b,12,1,2,11.54,8,8.66,17.036
gemma4:e4b,12,1,3,11.54,8,13.37,6.256
gemma4:e4b,12,1,4,11.54,8,10.14,14.812
gemma4:e4b,12,1,5,11.54,8,7.98,12.638
gemma4:e4b,12,1,6,11.54,8,7.87,14.493
gemma4:e4b,12,1,0,11.54,10,11.22,8.102
gemma4:e4b,12,1,1,11.54,10,11.91,11.625
gemma4:e4b,12,1,2,11.54,10,9.57,15.029
gemma4:e4b,12,1,3,11.54,10,12.99,5.114
gemma4:e4b,12,1,4,11.54,10,12.12,7.123
gemma4:e4b,12,1,5,11.54,10,11.07,12.726
gemma4:e4b,12,1,6,11.54,10,9.48,10.839
gemma4:e4b,12,1,0,11.54,12,14.3,8.312
gemma4:e4b,12,1,1,11.54,12,13.26,12.846
gemma4:e4b,12,1,2,11.54,12,13.44,10.845
gemma4:e4b,12,1,3,11.54,12,14.14,6.498
gemma4:e4b,12,1,4,11.54,12,13.61,8.638
gemma4:e4b,12,1,5,11.54,12,12.57,8.439
gemma4:e4b,12,1,6,11.54,12,13.44,11.049
gemma4:e4b,12,2,0,11.65,0,3.71,10.9
gemma4:e4b,12,2,1,11.65,0,3.7,4.847
gemma4:e4b,12,2,2,11.65,0,3.74,6.116
gemma4:e4b,12,2,3,11.65,0,10.87,4.901
gemma4:e4b,12,2,4,11.65,0,12.44,12.288
gemma4:e4b,12,2,5,11.65,0,3.57,5.9
gemma4:e4b,12,2,6,11.65,0,3.49,12.852
gemma4:e4b,12,2,0,11.65,2,6.06,11.727
gemma4:e4b,12,2,1,11.65,2,5.96,6.51
gemma4:e4b,12,2,2,11.65,2,5.36,6.865
gemma4:e4b,12,2,3,11.65,2,11.43,5.152
gemma4:e4b,12,2,4,11.65,2,14.4,11.686
gemma4:e4b,12,2,5,11.65,2,5.28,7.871
gemma4:e4b,12,2,6,11.65,2,5.05,14.464
gemma4:e4b,12,2,0,11.65,4,6.57,11.675
gemma4:e4b,12,2,1,11.65,4,6.49,7.576
gemma4:e4b,12,2,2,11.65,4,6.19,6.366
gemma4:e4b,12,2,3,11.65,4,13.06,5.47
gemma4:e4b,12,2,4,11.65,4,14.36,11.738
gemma4:e4b,12,2,5,11.65,4,7.16,12.696
gemma4:e4b,12,2,6,11.65,4,6.56,12.99
gemma4:e4b,12,2,0,11.65,6,8.9,13.672
gemma4:e4b,12,2,1,11.65,6,7.84,14.532
gemma4:e4b,12,2,2,11.65,6,9.19,6.077
gemma4:e4b,12,2,3,11.65,6,14.84,6.52
gemma4:e4b,12,2,4,11.65,6,14.68,12.196
gemma4:e4b,12,2,5,11.65,6,7.87,11.077
gemma4:e4b,12,2,6,11.65,6,7.73,11.564
gemma4:e4b,12,2,0,11.65,8,10.73,6.363
gemma4:e4b,12,2,1,11.65,8,9.39,10.446
gemma4:e4b,12,2,2,11.65,8,9.7,6.015
gemma4:e4b,12,2,3,11.65,8,11.87,8.598
gemma4:e4b,12,2,4,11.65,8,12.8,12.819
gemma4:e4b,12,2,5,11.65,8,9.3,9.145
gemma4:e4b,12,2,6,11.65,8,10.09,7.326
gemma4:e4b,12,2,0,11.65,10,12.2,10.71
gemma4:e4b,12,2,1,11.65,10,11.18,6.63
gemma4:e4b,12,2,2,11.65,10,11.09,17.403
gemma4:e4b,12,2,3,11.65,10,15.66,5.072
gemma4:e4b,12,2,4,11.65,10,13.42,6.685
gemma4:e4b,12,2,5,11.65,10,11.3,14.101
gemma4:e4b,12,2,6,11.65,10,9.89,13.593
gemma4:e4b,12,2,0,11.65,12,12.49,6.036
gemma4:e4b,12,2,1,11.65,12,14.05,6.303
gemma4:e4b,12,2,2,11.65,12,16.05,11.898
gemma4:e4b,12,2,3,11.65,12,14.87,5.395
gemma4:e4b,12,2,4,11.65,12,17.78,11.4
gemma4:e4b,12,2,5,11.65,12,14.0,9.921
gemma4:e4b,12,2,6,11.65,12,14.61,12.435
phi4:14b,0,0,0,0.44,0,1.79,2.439
phi4:14b,0,0,1,0.44,0,0.22,2.317
phi4:14b,0,0,2,0.44,0,0.31,1.924
phi4:14b,0,0,3,0.44,0,2.62,2.749
phi4:14b,0,0,4,0.44,0,11.01,4.325
phi4:14b,0,0,5,0.44,0,0.34,2.076
phi4:14b,0,0,6,0.44,0,0.64,2.242
phi4:14b,0,0,0,0.44,2,1.76,2.467
phi4:14b,0,0,1,0.44,2,2.16,2.305
phi4:14b,0,0,2,0.44,2,-0.14,2.245
phi4:14b,0,0,3,0.44,2,2.48,2.44
phi4:14b,0,0,4,0.44,2,9.49,3.548
phi4:14b,0,0,5,0.44,2,0.34,2.163
phi4:14b,0,0,6,0.44,2,1.85,2.293
phi4:14b,0,0,0,0.44,4,1.51,2.383
phi4:14b,0,0,1,0.44,4,2.55,2.287
phi4:14b,0,0,2,0.44,4,0.96,2.354
phi4:14b,0,0,3,0.44,4,3.34,2.836
phi4:14b,0,0,4,0.44,4,10.2,4.265
phi4:14b,0,0,5,0.44,4,2.61,3.114
phi4:14b,0,0,6,0.44,4,1.86,2.448
phi4:14b,0,0,0,0.44,6,3.33,2.648
phi4:14b,0,0,1,0.44,6,3.13,2.622
phi4:14b,0,0,2,0.44,6,1.37,2.416
phi4:14b,0,0,3,0.44,6,4.96,3.497
phi4:14b,0,0,4,0.44,6,13.44,6.53
phi4:14b,0,0,5,0.44,6,2.91,2.916
phi4:14b,0,0,6,0.44,6,1.21,2.405
phi4:14b,0,0,0,0.44,8,2.41,2.288
phi4:14b,0,0,1,0.44,8,1.98,2.54
phi4:14b,0,0,2,0.44,8,2.17,2.445
phi4:14b,0,0,3,0.44,8,7.3,3.798
phi4:14b,0,0,4,0.44,8,14.57,5.194
phi4:14b,0,0,5,0.44,8,4.36,3.287
phi4:14b,0,0,6,0.44,8,2.69,2.597
phi4:14b,0,0,0,0.44,10,4.32,2.565
phi4:14b,0,0,1,0.44,10,3.88,2.779
phi4:14b,0,0,2,0.44,10,3.45,2.493
phi4:14b,0,0,3,0.44,10,7.44,3.244
phi4:14b,0,0,4,0.44,10,12.97,5.979
phi4:14b,0,0,5,0.44,10,4.47,3.425
phi4:14b,0,0,6,0.44,10,1.8,2.466
phi4:14b,0,0,0,0.44,12,8.21,3.3
phi4:14b,0,0,1,0.44,12,8.02,3.262
phi4:14b,0,0,2,0.44,12,10.86,3.409
phi4:14b,0,0,3,0.44,12,13.47,6.284
phi4:14b,0,0,4,0.44,12,15.64,7.684
phi4:14b,0,0,5,0.44,12,12.72,4.583
phi4:14b,0,0,6,0.44,12,8.78,3.412
phi4:14b,0,1,0,-0.18,0,1.2,2.739
phi4:14b,0,1,1,-0.18,0,1.69,2.752
phi4:14b,0,1,2,-0.18,0,0.42,3.111
phi4:14b,0,1,3,-0.18,0,1.94,3.474
phi4:14b,0,1,4,-0.18,0,9.2,8.652
phi4:14b,0,1,5,-0.18,0,0.8,2.348
phi4:14b,0,1,6,-0.18,0,1.34,2.884
phi4:14b,0,1,0,-0.18,2,2.79,3.523
phi4:14b,0,1,1,-0.18,2,1.04,2.477
phi4:14b,0,1,2,-0.18,2,1.26,3.396
phi4:14b,0,1,3,-0.18,2,4.13,4.545
phi4:14b,0,1,4,-0.18,2,7.73,7.577
phi4:14b,0,1,5,-0.18,2,1.09,3.059
phi4:14b,0,1,6,-0.18,2,0.28,2.507
phi4:14b,0,1,0,-0.18,4,2.45,3.0
phi4:14b,0,1,1,-0.18,4,3.29,3.475
phi4:14b,0,1,2,-0.18,4,2.83,3.243
phi4:14b,0,1,3,-0.18,4,3.04,3.872
phi4:14b,0,1,4,-0.18,4,10.96,5.755
phi4:14b,0,1,5,-0.18,4,3.58,6.88
phi4:14b,0,1,6,-0.18,4,0.73,2.805
phi4:14b,0,1,0,-0.18,6,4.02,3.944
phi4:14b,0,1,1,-0.18,6,4.1,2.826
phi4:14b,0,1,2,-0.18,6,3.99,4.126
phi4:14b,0,1,3,-0.18,6,5.87,3.403
phi4:14b,0,1,4,-0.18,6,7.72,5.814
phi4:14b,0,1,5,-0.18,6,4.23,3.321
phi4:14b,0,1,6,-0.18,6,2.64,3.023
phi4:14b,0,1,0,-0.18,8,4.04,3.155
phi4:14b,0,1,1,-0.18,8,2.32,3.143
phi4:14b,0,1,2,-0.18,8,3.92,2.553
phi4:14b,0,1,3,-0.18,8,10.2,1.234
phi4:14b,0,1,4,-0.18,8,11.47,6.572
phi4:14b,0,1,5,-0.18,8,5.22,3.899
phi4:14b,0,1,6,-0.18,8,3.47,3.545
phi4:14b,0,1,0,-0.18,10,4.27,2.713
phi4:14b,0,1,1,-0.18,10,3.5,3.645
phi4:14b,0,1,2,-0.18,10,4.66,3.288
phi4:14b,0,1,3,-0.18,10,7.01,4.111
phi4:14b,0,1,4,-0.18,10,12.96,6.551
phi4:14b,0,1,5,-0.18,10,4.91,3.592
phi4:14b,0,1,6,-0.18,10,6.13,2.565
phi4:14b,0,1,0,-0.18,12,8.81,3.915
phi4:14b,0,1,1,-0.18,12,10.38,4.098
phi4:14b,0,1,2,-0.18,12,10.36,3.311
phi4:14b,0,1,3,-0.18,12,11.59,6.894
phi4:14b,0,1,4,-0.18,12,10.9,6.302
phi4:14b,0,1,5,-0.18,12,7.74,5.01
phi4:14b,0,1,6,-0.18,12,8.24,5.413
phi4:14b,0,2,0,0.33,0,2.19,2.069
phi4:14b,0,2,1,0.33,0,3.47,2.469
phi4:14b,0,2,2,0.33,0,1.92,2.829
phi4:14b,0,2,3,0.33,0,6.5,2.879
phi4:14b,0,2,4,0.33,0,10.8,11.13
phi4:14b,0,2,5,0.33,0,1.11,2.604
phi4:14b,0,2,6,0.33,0,3.41,2.682
phi4:14b,0,2,0,0.33,2,3.91,2.905
phi4:14b,0,2,1,0.33,2,3.53,2.732
phi4:14b,0,2,2,0.33,2,3.53,3.015
phi4:14b,0,2,3,0.33,2,4.54,2.811
phi4:14b,0,2,4,0.33,2,13.78,5.603
phi4:14b,0,2,5,0.33,2,2.18,2.972
phi4:14b,0,2,6,0.33,2,2.58,2.405
phi4:14b,0,2,0,0.33,4,3.86,2.437
phi4:14b,0,2,1,0.33,4,4.54,2.417
phi4:14b,0,2,2,0.33,4,4.36,3.205
phi4:14b,0,2,3,0.33,4,6.7,3.297
phi4:14b,0,2,4,0.33,4,12.11,10.661
phi4:14b,0,2,5,0.33,4,4.42,3.528
phi4:14b,0,2,6,0.33,4,2.91,2.818
phi4:14b,0,2,0,0.33,6,4.73,3.016
phi4:14b,0,2,1,0.33,6,5.25,2.814
phi4:14b,0,2,2,0.33,6,3.52,2.627
phi4:14b,0,2,3,0.33,6,5.73,3.265
phi4:14b,0,2,4,0.33,6,12.54,11.337
phi4:14b,0,2,5,0.33,6,5.74,2.752
phi4:14b,0,2,6,0.33,6,3.81,2.811
phi4:14b,0,2,0,0.33,8,8.62,2.187
phi4:14b,0,2,1,0.33,8,5.17,2.351
phi4:14b,0,2,2,0.33,8,3.52,2.516
phi4:14b,0,2,3,0.33,8,8.36,3.233
phi4:14b,0,2,4,0.33,8,12.32,10.578
phi4:14b,0,2,5,0.33,8,4.61,2.689
phi4:14b,0,2,6,0.33,8,4.39,2.797
phi4:14b,0,2,0,0.33,10,6.86,2.554
phi4:14b,0,2,1,0.33,10,6.27,3.5
phi4:14b,0,2,2,0.33,10,7.23,3.452
phi4:14b,0,2,3,0.33,10,9.91,3.025
phi4:14b,0,2,4,0.33,10,11.83,7.994
phi4:14b,0,2,5,0.33,10,7.58,3.668
phi4:14b,0,2,6,0.33,10,5.18,2.128
phi4:14b,0,2,0,0.33,12,13.27,2.663
phi4:14b,0,2,1,0.33,12,13.23,3.637
phi4:14b,0,2,2,0.33,12,14.47,2.563
phi4:14b,0,2,3,0.33,12,14.24,7.467
phi4:14b,0,2,4,0.33,12,11.06,7.639
phi4:14b,0,2,5,0.33,12,12.34,3.444
phi4:14b,0,2,6,0.33,12,12.42,2.529
phi4:14b,2,0,0,1.99,0,3.99,1.912
phi4:14b,2,0,1,1.99,0,3.77,2.993
phi4:14b,2,0,2,1.99,0,2.75,2.712
phi4:14b,2,0,3,1.99,0,4.81,3.721
phi4:14b,2,0,4,1.99,0,8.1,4.6
phi4:14b,2,0,5,1.99,0,2.42,2.317
phi4:14b,2,0,6,1.99,0,3.74,3.302
phi4:14b,2,0,0,1.99,2,5.51,2.813
phi4:14b,2,0,1,1.99,2,5.15,3.161
phi4:14b,2,0,2,1.99,2,3.85,2.771
phi4:14b,2,0,3,1.99,2,6.26,4.13
phi4:14b,2,0,4,1.99,2,6.36,4.204
phi4:14b,2,0,5,1.99,2,3.46,3.153
phi4:14b,2,0,6,1.99,2,4.61,2.735
phi4:14b,2,0,0,1.99,4,6.45,3.186
phi4:14b,2,0,1,1.99,4,5.28,2.94
phi4:14b,2,0,2,1.99,4,5.31,2.956
phi4:14b,2,0,3,1.99,4,3.61,3.881
phi4:14b,2,0,4,1.99,4,10.06,3.11
phi4:14b,2,0,5,1.99,4,4.12,6.237
phi4:14b,2,0,6,1.99,4,3.92,3.235
phi4:14b,2,0,0,1.99,6,6.49,3.132
phi4:14b,2,0,1,1.99,6,6.85,3.02
phi4:14b,2,0,2,1.99,6,5.43,2.933
phi4:14b,2,0,3,1.99,6,5.33,3.658
phi4:14b,2,0,4,1.99,6,10.08,7.487
phi4:14b,2,0,5,1.99,6,5.83,3.51
phi4:14b,2,0,6,1.99,6,5.04,3.362
phi4:14b,2,0,0,1.99,8,5.9,2.442
phi4:14b,2,0,1,1.99,8,7.38,3.439
phi4:14b,2,0,2,1.99,8,4.98,2.551
phi4:14b,2,0,3,1.99,8,10.46,3.414
phi4:14b,2,0,4,1.99,8,9.26,8.777
phi4:14b,2,0,5,1.99,8,7.79,3.313
phi4:14b,2,0,6,1.99,8,4.6,3.014
phi4:14b,2,0,0,1.99,10,5.44,3.096
phi4:14b,2,0,1,1.99,10,6.74,3.404
phi4:14b,2,0,2,1.99,10,6.4,2.919
phi4:14b,2,0,3,1.99,10,8.51,3.809
phi4:14b,2,0,4,1.99,10,7.87,4.597
phi4:14b,2,0,5,1.99,10,7.61,3.595
phi4:14b,2,0,6,1.99,10,4.18,2.917
phi4:14b,2,0,0,1.99,12,9.53,3.245
phi4:14b,2,0,1,1.99,12,8.44,3.33
phi4:14b,2,0,2,1.99,12,8.92,3.104
phi4:14b,2,0,3,1.99,12,12.11,5.087
phi4:14b,2,0,4,1.99,12,10.4,9.765
phi4:14b,2,0,5,1.99,12,9.71,3.911
phi4:14b,2,0,6,1.99,12,11.19,4.05
phi4:14b,2,1,0,2.17,0,1.7,2.813
phi4:14b,2,1,1,2.17,0,1.97,2.898
phi4:14b,2,1,2,2.17,0,2.15,2.617
phi4:14b,2,1,3,2.17,0,2.06,2.785
phi4:14b,2,1,4,2.17,0,8.84,2.374
phi4:14b,2,1,5,2.17,0,1.27,2.493
phi4:14b,2,1,6,2.17,0,1.79,2.631
phi4:14b,2,1,0,2.17,2,1.34,2.671
phi4:14b,2,1,1,2.17,2,2.85,3.164
phi4:14b,2,1,2,2.17,2,1.51,2.914
phi4:14b,2,1,3,2.17,2,4.04,3.043
phi4:14b,2,1,4,2.17,2,13.82,2.397
phi4:14b,2,1,5,2.17,2,1.71,2.753
phi4:14b,2,1,6,2.17,2,1.29,2.766
phi4:14b,2,1,0,2.17,4,2.18,3.027
phi4:14b,2,1,1,2.17,4,2.28,2.975
phi4:14b,2,1,2,2.17,4,2.17,2.806
phi4:14b,2,1,3,2.17,4,2.95,3.397
phi4:14b,2,1,4,2.17,4,7.89,1.937
phi4:14b,2,1,5,2.17,4,2.46,1.958
phi4:14b,2,1,6,2.17,4,1.9,3.246
phi4:14b,2,1,0,2.17,6,2.3,2.97
phi4:14b,2,1,1,2.17,6,1.97,2.988
phi4:14b,2,1,2,2.17,6,2.29,2.76
phi4:14b,2,1,3,2.17,6,3.25,3.715
phi4:14b,2,1,4,2.17,6,8.12,2.12
phi4:14b,2,1,5,2.17,6,1.71,2.919
phi4:14b,2,1,6,2.17,6,2.17,2.925
phi4:14b,2,1,0,2.17,8,1.97,2.945
phi4:14b,2,1,1,2.17,8,1.72,2.875
phi4:14b,2,1,2,2.17,8,1.85,2.934
phi4:14b,2,1,3,2.17,8,3.31,3.506
phi4:14b,2,1,4,2.17,8,7.22,2.687
phi4:14b,2,1,5,2.17,8,2.29,3.191
phi4:14b,2,1,6,2.17,8,1.74,2.994
phi4:14b,2,1,0,2.17,10,2.39,3.067
phi4:14b,2,1,1,2.17,10,2.39,3.099
phi4:14b,2,1,2,2.17,10,2.07,3.279
phi4:14b,2,1,3,2.17,10,3.29,3.72
phi4:14b,2,1,4,2.17,10,9.31,2.825
phi4:14b,2,1,5,2.17,10,2.19,2.893
phi4:14b,2,1,6,2.17,10,1.8,2.777
phi4:14b,2,1,0,2.17,12,5.06,3.618
phi4:14b,2,1,1,2.17,12,4.07,3.221
phi4:14b,2,1,2,2.17,12,5.01,3.173
phi4:14b,2,1,3,2.17,12,7.44,4.506
phi4:14b,2,1,4,2.17,12,9.38,4.794
phi4:14b,2,1,5,2.17,12,5.44,4.576
phi4:14b,2,1,6,2.17,12,5.0,3.321
phi4:14b,2,2,0,1.96,0,1.21,2.426
phi4:14b,2,2,1,1.96,0,1.75,2.686
phi4:14b,2,2,2,1.96,0,1.35,2.722
phi4:14b,2,2,3,1.96,0,2.44,2.99
phi4:14b,2,2,4,1.96,0,11.79,7.814
phi4:14b,2,2,5,1.96,0,1.04,2.597
phi4:14b,2,2,6,1.96,0,0.8,2.352
phi4:14b,2,2,0,1.96,2,1.86,2.91
phi4:14b,2,2,1,1.96,2,2.08,2.808
phi4:14b,2,2,2,1.96,2,2.28,2.8
phi4:14b,2,2,3,1.96,2,2.39,2.763
phi4:14b,2,2,4,1.96,2,11.16,4.146
phi4:14b,2,2,5,1.96,2,1.09,2.519
phi4:14b,2,2,6,1.96,2,1.66,2.592
phi4:14b,2,2,0,1.96,4,1.75,2.693
phi4:14b,2,2,1,1.96,4,1.78,2.569
phi4:14b,2,2,2,1.96,4,1.71,2.617
phi4:14b,2,2,3,1.96,4,4.14,3.248
phi4:14b,2,2,4,1.96,4,12.32,8.712
phi4:14b,2,2,5,1.96,4,2.4,2.85
phi4:14b,2,2,6,1.96,4,1.95,2.641
phi4:14b,2,2,0,1.96,6,2.76,2.766
phi4:14b,2,2,1,1.96,6,1.87,2.675
phi4:14b,2,2,2,1.96,6,1.96,2.543
phi4:14b,2,2,3,1.96,6,3.33,3.281
phi4:14b,2,2,4,1.96,6,14.81,5.078
phi4:14b,2,2,5,1.96,6,2.04,2.593
phi4:14b,2,2,6,1.96,6,3.26,2.854
phi4:14b,2,2,0,1.96,8,3.0,2.906
phi4:14b,2,2,1,1.96,8,3.05,3.132
phi4:14b,2,2,2,1.96,8,1.87,2.673
phi4:14b,2,2,3,1.96,8,4.22,3.324
phi4:14b,2,2,4,1.96,8,12.56,8.212
phi4:14b,2,2,5,1.96,8,1.96,2.573
phi4:14b,2,2,6,1.96,8,1.46,3.063
phi4:14b,2,2,0,1.96,10,2.92,2.867
phi4:14b,2,2,1,1.96,10,2.73,2.785
phi4:14b,2,2,2,1.96,10,2.99,2.599
phi4:14b,2,2,3,1.96,10,3.9,3.473
phi4:14b,2,2,4,1.96,10,11.4,8.996
phi4:14b,2,2,5,1.96,10,4.34,3.324
phi4:14b,2,2,6,1.96,10,3.07,2.783
phi4:14b,2,2,0,1.96,12,4.1,2.924
phi4:14b,2,2,1,1.96,12,7.85,3.257
phi4:14b,2,2,2,1.96,12,6.21,3.272
phi4:14b,2,2,3,1.96,12,15.97,1.395
phi4:14b,2,2,4,1.96,12,15.1,9.306
phi4:14b,2,2,5,1.96,12,13.88,6.068
phi4:14b,2,2,6,1.96,12,7.71,3.591
phi4:14b,4,0,0,3.85,0,2.31,3.71
phi4:14b,4,0,1,3.85,0,2.41,3.993
phi4:14b,4,0,2,3.85,0,2.73,4.129
phi4:14b,4,0,3,3.85,0,11.72,1.57
phi4:14b,4,0,4,3.85,0,6.09,4.352
phi4:14b,4,0,5,3.85,0,1.62,3.257
phi4:14b,4,0,6,3.85,0,2.82,3.393
phi4:14b,4,0,0,3.85,2,3.32,4.288
phi4:14b,4,0,1,3.85,2,2.39,3.43
phi4:14b,4,0,2,3.85,2,2.99,4.329
phi4:14b,4,0,3,3.85,2,4.64,3.861
phi4:14b,4,0,4,3.85,2,4.72,2.642
phi4:14b,4,0,5,3.85,2,3.28,3.776
phi4:14b,4,0,6,3.85,2,2.52,4.076
phi4:14b,4,0,0,3.85,4,3.15,4.244
phi4:14b,4,0,1,3.85,4,4.59,4.683
phi4:14b,4,0,2,3.85,4,3.6,4.22
phi4:14b,4,0,3,3.85,4,4.91,4.761
phi4:14b,4,0,4,3.85,4,6.79,2.383
phi4:14b,4,0,5,3.85,4,2.38,4.238
phi4:14b,4,0,6,3.85,4,2.82,4.136
phi4:14b,4,0,0,3.85,6,3.65,4.321
phi4:14b,4,0,1,3.85,6,3.72,4.536
phi4:14b,4,0,2,3.85,6,3.77,4.229
phi4:14b,4,0,3,3.85,6,4.21,4.553
phi4:14b,4,0,4,3.85,6,4.38,7.95
phi4:14b,4,0,5,3.85,6,3.79,4.52
phi4:14b,4,0,6,3.85,6,3.83,4.607
phi4:14b,4,0,0,3.85,8,3.15,4.517
phi4:14b,4,0,1,3.85,8,3.44,4.151
phi4:14b,4,0,2,3.85,8,4.19,4.41
phi4:14b,4,0,3,3.85,8,4.89,4.966
phi4:14b,4,0,4,3.85,8,7.14,3.758
phi4:14b,4,0,5,3.85,8,3.91,4.347
phi4:14b,4,0,6,3.85,8,3.47,4.386
phi4:14b,4,0,0,3.85,10,3.36,4.273
phi4:14b,4,0,1,3.85,10,4.49,4.292
phi4:14b,4,0,2,3.85,10,4.22,4.236
phi4:14b,4,0,3,3.85,10,5.09,5.017
phi4:14b,4,0,4,3.85,10,6.87,3.876
phi4:14b,4,0,5,3.85,10,4.07,4.452
phi4:14b,4,0,6,3.85,10,3.29,3.21
phi4:14b,4,0,0,3.85,12,5.36,3.864
phi4:14b,4,0,1,3.85,12,5.28,4.3
phi4:14b,4,0,2,3.85,12,6.31,4.572
phi4:14b,4,0,3,3.85,12,8.73,5.676
phi4:14b,4,0,4,3.85,12,8.2,4.454
phi4:14b,4,0,5,3.85,12,6.15,4.782
phi4:14b,4,0,6,3.85,12,4.59,4.336
phi4:14b,4,1,0,3.69,0,3.23,4.988
phi4:14b,4,1,1,3.69,0,2.89,3.957
phi4:14b,4,1,2,3.69,0,2.34,3.29
phi4:14b,4,1,3,3.69,0,4.02,4.932
phi4:14b,4,1,4,3.69,0,7.95,8.03
phi4:14b,4,1,5,3.69,0,1.74,4.02
phi4:14b,4,1,6,3.69,0,2.48,4.805
phi4:14b,4,1,0,3.69,2,2.82,4.403
phi4:14b,4,1,1,3.69,2,3.34,4.947
phi4:14b,4,1,2,3.69,2,2.79,4.975
phi4:14b,4,1,3,3.69,2,10.14,1.46
phi4:14b,4,1,4,3.69,2,11.01,4.403
phi4:14b,4,1,5,3.69,2,2.46,5.106
phi4:14b,4,1,6,3.69,2,2.69,3.629
phi4:14b,4,1,0,3.69,4,3.87,5.942
phi4:14b,4,1,1,3.69,4,3.12,5.704
phi4:14b,4,1,2,3.69,4,3.66,6.742
phi4:14b,4,1,3,3.69,4,10.52,1.805
phi4:14b,4,1,4,3.69,4,3.36,6.549
phi4:14b,4,1,5,3.69,4,3.88,6.28
phi4:14b,4,1,6,3.69,4,2.09,5.421
phi4:14b,4,1,0,3.69,6,3.54,5.87
phi4:14b,4,1,1,3.69,6,4.22,5.517
phi4:14b,4,1,2,3.69,6,2.88,5.78
phi4:14b,4,1,3,3.69,6,12.37,1.725
phi4:14b,4,1,4,3.69,6,12.6,3.843
phi4:14b,4,1,5,3.69,6,3.67,6.267
phi4:14b,4,1,6,3.69,6,3.18,5.417
phi4:14b,4,1,0,3.69,8,4.02,5.666
phi4:14b,4,1,1,3.69,8,3.74,6.507
phi4:14b,4,1,2,3.69,8,5.11,4.488
phi4:14b,4,1,3,3.69,8,5.62,7.685
phi4:14b,4,1,4,3.69,8,12.47,6.718
phi4:14b,4,1,5,3.69,8,4.05,6.025
phi4:14b,4,1,6,3.69,8,3.47,5.708
phi4:14b,4,1,0,3.69,10,5.82,7.098
phi4:14b,4,1,1,3.69,10,4.03,5.522
phi4:14b,4,1,2,3.69,10,3.94,5.776
phi4:14b,4,1,3,3.69,10,14.88,1.797
phi4:14b,4,1,4,3.69,10,13.27,4.965
phi4:14b,4,1,5,3.69,10,4.93,6.726
phi4:14b,4,1,6,3.69,10,4.44,4.758
phi4:14b,4,1,0,3.69,12,9.12,5.994
phi4:14b,4,1,1,3.69,12,7.89,6.165
phi4:14b,4,1,2,3.69,12,9.87,7.015
phi4:14b,4,1,3,3.69,12,18.64,1.906
phi4:14b,4,1,4,3.69,12,13.24,10.226
phi4:14b,4,1,5,3.69,12,8.58,6.894
phi4:14b,4,1,6,3.69,12,6.04,6.377
phi4:14b,4,2,0,3.82,0,4.02,4.974
phi4:14b,4,2,1,3.82,0,4.4,6.883
phi4:14b,4,2,2,3.82,0,5.55,5.235
phi4:14b,4,2,3,3.82,0,4.31,7.324
phi4:14b,4,2,4,3.82,0,8.75,9.09
phi4:14b,4,2,5,3.82,0,2.65,6.347
phi4:14b,4,2,6,3.82,0,4.25,6.212
phi4:14b,4,2,0,3.82,2,4.52,6.202
phi4:14b,4,2,1,3.82,2,4.3,5.708
phi4:14b,4,2,2,3.82,2,3.63,6.453
phi4:14b,4,2,3,3.82,2,3.98,7.987
phi4:14b,4,2,4,3.82,2,5.18,8.239
phi4:14b,4,2,5,3.82,2,3.16,5.782
phi4:14b,4,2,6,3.82,2,3.22,6.859
phi4:14b,4,2,0,3.82,4,5.0,6.934
phi4:14b,4,2,1,3.82,4,4.83,6.665
phi4:14b,4,2,2,3.82,4,4.81,6.379
phi4:14b,4,2,3,3.82,4,4.98,8.902
phi4:14b,4,2,4,3.82,4,10.87,8.954
phi4:14b,4,2,5,3.82,4,4.19,6.962
phi4:14b,4,2,6,3.82,4,4.75,7.73
phi4:14b,4,2,0,3.82,6,4.29,6.153
phi4:14b,4,2,1,3.82,6,5.12,7.484
phi4:14b,4,2,2,3.82,6,5.03,7.0
phi4:14b,4,2,3,3.82,6,12.0,2.038
phi4:14b,4,2,4,3.82,6,4.64,7.585
phi4:14b,4,2,5,3.82,6,5.02,7.567
phi4:14b,4,2,6,3.82,6,4.74,7.381
phi4:14b,4,2,0,3.82,8,6.45,5.245
phi4:14b,4,2,1,3.82,8,4.59,6.817
phi4:14b,4,2,2,3.82,8,5.6,6.296
phi4:14b,4,2,3,3.82,8,12.84,2.481
phi4:14b,4,2,4,3.82,8,13.1,6.978
phi4:14b,4,2,5,3.82,8,7.14,4.871
phi4:14b,4,2,6,3.82,8,5.2,6.115
phi4:14b,4,2,0,3.82,10,7.57,5.742
phi4:14b,4,2,1,3.82,10,7.16,5.717
phi4:14b,4,2,2,3.82,10,5.19,6.753
phi4:14b,4,2,3,3.82,10,12.53,2.279
phi4:14b,4,2,4,3.82,10,9.4,7.549
phi4:14b,4,2,5,3.82,10,6.38,6.74
phi4:14b,4,2,6,3.82,10,5.68,5.965
phi4:14b,4,2,0,3.82,12,10.03,5.808
phi4:14b,4,2,1,3.82,12,11.38,6.095
phi4:14b,4,2,2,3.82,12,9.57,6.819
phi4:14b,4,2,3,3.82,12,12.29,10.53
phi4:14b,4,2,4,3.82,12,12.62,5.636
phi4:14b,4,2,5,3.82,12,10.88,6.905
phi4:14b,4,2,6,3.82,12,10.72,5.805
phi4:14b,6,0,0,6.18,0,6.22,4.754
phi4:14b,6,0,1,6.18,0,4.24,5.73
phi4:14b,6,0,2,6.18,0,4.82,5.814
phi4:14b,6,0,3,6.18,0,5.12,6.51
phi4:14b,6,0,4,6.18,0,15.06,11.532
phi4:14b,6,0,5,6.18,0,5.08,5.308
phi4:14b,6,0,6,6.18,0,3.63,4.805
phi4:14b,6,0,0,6.18,2,5.9,6.369
phi4:14b,6,0,1,6.18,2,6.42,6.267
phi4:14b,6,0,2,6.18,2,4.49,5.385
phi4:14b,6,0,3,6.18,2,6.62,6.098
phi4:14b,6,0,4,6.18,2,15.9,11.273
phi4:14b,6,0,5,6.18,2,4.06,5.398
phi4:14b,6,0,6,6.18,2,4.59,5.662
phi4:14b,6,0,0,6.18,4,5.61,6.333
phi4:14b,6,0,1,6.18,4,5.7,5.741
phi4:14b,6,0,2,6.18,4,6.07,7.065
phi4:14b,6,0,3,6.18,4,6.32,7.522
phi4:14b,6,0,4,6.18,4,11.64,5.721
phi4:14b,6,0,5,6.18,4,4.28,5.771
phi4:14b,6,0,6,6.18,4,4.19,6.904
phi4:14b,6,0,0,6.18,6,5.81,6.728
phi4:14b,6,0,1,6.18,6,5.47,6.363
phi4:14b,6,0,2,6.18,6,4.42,6.229
phi4:14b,6,0,3,6.18,6,6.72,8.035
phi4:14b,6,0,4,6.18,6,13.45,8.767
phi4:14b,6,0,5,6.18,6,4.87,7.063
phi4:14b,6,0,6,6.18,6,5.6,6.465
phi4:14b,6,0,0,6.18,8,7.38,6.175
phi4:14b,6,0,1,6.18,8,6.46,6.311
phi4:14b,6,0,2,6.18,8,6.17,5.733
phi4:14b,6,0,3,6.18,8,6.89,7.352
phi4:14b,6,0,4,6.18,8,14.97,6.447
phi4:14b,6,0,5,6.18,8,7.86,6.783
phi4:14b,6,0,6,6.18,8,5.73,6.119
phi4:14b,6,0,0,6.18,10,7.41,6.19
phi4:14b,6,0,1,6.18,10,6.89,5.542
phi4:14b,6,0,2,6.18,10,7.61,5.911
phi4:14b,6,0,3,6.18,10,13.1,1.751
phi4:14b,6,0,4,6.18,10,14.86,8.483
phi4:14b,6,0,5,6.18,10,9.99,7.246
phi4:14b,6,0,6,6.18,10,5.47,6.14
phi4:14b,6,0,0,6.18,12,12.32,7.116
phi4:14b,6,0,1,6.18,12,11.98,6.268
phi4:14b,6,0,2,6.18,12,10.82,5.257
phi4:14b,6,0,3,6.18,12,13.83,8.053
phi4:14b,6,0,4,6.18,12,15.76,10.261
phi4:14b,6,0,5,6.18,12,11.98,8.094
phi4:14b,6,0,6,6.18,12,10.32,6.714
phi4:14b,6,1,0,5.79,0,3.25,2.897
phi4:14b,6,1,1,5.79,0,3.68,4.64
phi4:14b,6,1,2,5.79,0,3.64,4.004
phi4:14b,6,1,3,5.79,0,8.1,2.01
phi4:14b,6,1,4,5.79,0,9.27,4.268
phi4:14b,6,1,5,5.79,0,2.06,4.149
phi4:14b,6,1,6,5.79,0,2.31,4.45
phi4:14b,6,1,0,5.79,2,4.03,4.347
phi4:14b,6,1,1,5.79,2,4.78,4.983
phi4:14b,6,1,2,5.79,2,4.18,4.342
phi4:14b,6,1,3,5.79,2,4.24,5.073
phi4:14b,6,1,4,5.79,2,9.16,8.604
phi4:14b,6,1,5,5.79,2,3.77,3.575
phi4:14b,6,1,6,5.79,2,3.44,4.321
phi4:14b,6,1,0,5.79,4,3.54,5.01
phi4:14b,6,1,1,5.79,4,4.85,4.976
phi4:14b,6,1,2,5.79,4,3.78,4.807
phi4:14b,6,1,3,5.79,4,9.16,1.468
phi4:14b,6,1,4,5.79,4,4.75,4.052
phi4:14b,6,1,5,5.79,4,3.42,4.757
phi4:14b,6,1,6,5.79,4,4.15,4.895
phi4:14b,6,1,0,5.79,6,4.58,4.888
phi4:14b,6,1,1,5.79,6,4.14,4.647
phi4:14b,6,1,2,5.79,6,4.33,4.372
phi4:14b,6,1,3,5.79,6,5.48,5.861
phi4:14b,6,1,4,5.79,6,10.26,3.356
phi4:14b,6,1,5,5.79,6,4.39,4.938
phi4:14b,6,1,6,5.79,6,4.14,4.81
phi4:14b,6,1,0,5.79,8,4.5,4.784
phi4:14b,6,1,1,5.79,8,4.38,4.855
phi4:14b,6,1,2,5.79,8,4.18,4.267
phi4:14b,6,1,3,5.79,8,6.39,6.046
phi4:14b,6,1,4,5.79,8,10.97,5.145
phi4:14b,6,1,5,5.79,8,5.19,5.25
phi4:14b,6,1,6,5.79,8,4.35,4.913
phi4:14b,6,1,0,5.79,10,4.55,4.534
phi4:14b,6,1,1,5.79,10,4.28,4.556
phi4:14b,6,1,2,5.79,10,4.17,4.369
phi4:14b,6,1,3,5.79,10,6.74,6.046
phi4:14b,6,1,4,5.79,10,10.26,8.26
phi4:14b,6,1,5,5.79,10,5.17,5.16
phi4:14b,6,1,6,5.79,10,3.46,4.387
phi4:14b,6,1,0,5.79,12,7.09,4.89
phi4:14b,6,1,1,5.79,12,5.56,4.711
phi4:14b,6,1,2,5.79,12,5.44,4.608
phi4:14b,6,1,3,5.79,12,10.1,6.414
phi4:14b,6,1,4,5.79,12,8.54,6.062
phi4:14b,6,1,5,5.79,12,6.85,5.079
phi4:14b,6,1,6,5.79,12,6.28,4.362
phi4:14b,6,2,0,5.61,0,4.98,4.908
phi4:14b,6,2,1,5.61,0,4.97,5.432
phi4:14b,6,2,2,5.61,0,5.63,6.376
phi4:14b,6,2,3,5.61,0,5.86,7.205
phi4:14b,6,2,4,5.61,0,14.35,8.524
phi4:14b,6,2,5,5.61,0,5.13,5.739
phi4:14b,6,2,6,5.61,0,4.66,6.464
phi4:14b,6,2,0,5.61,2,5.72,6.352
phi4:14b,6,2,1,5.61,2,5.55,6.438
phi4:14b,6,2,2,5.61,2,5.73,5.392
phi4:14b,6,2,3,5.61,2,5.28,6.288
phi4:14b,6,2,4,5.61,2,14.45,5.247
phi4:14b,6,2,5,5.61,2,5.03,6.422
phi4:14b,6,2,6,5.61,2,5.55,6.32
phi4:14b,6,2,0,5.61,4,5.88,7.253
phi4:14b,6,2,1,5.61,4,5.29,7.229
phi4:14b,6,2,2,5.61,4,5.09,6.835
phi4:14b,6,2,3,5.61,4,5.39,6.995
phi4:14b,6,2,4,5.61,4,12.83,7.731
phi4:14b,6,2,5,5.61,4,4.49,7.448
phi4:14b,6,2,6,5.61,4,5.04,7.004
phi4:14b,6,2,0,5.61,6,5.85,7.216
phi4:14b,6,2,1,5.61,6,5.61,6.591
phi4:14b,6,2,2,5.61,6,6.09,6.942
phi4:14b,6,2,3,5.61,6,7.62,7.378
phi4:14b,6,2,4,5.61,6,15.15,4.885
phi4:14b,6,2,5,5.61,6,6.22,7.567
phi4:14b,6,2,6,5.61,6,6.43,5.505
phi4:14b,6,2,0,5.61,8,6.1,6.545
phi4:14b,6,2,1,5.61,8,5.22,6.604
phi4:14b,6,2,2,5.61,8,5.69,6.958
phi4:14b,6,2,3,5.61,8,6.55,7.785
phi4:14b,6,2,4,5.61,8,13.25,8.525
phi4:14b,6,2,5,5.61,8,6.08,7.007
phi4:14b,6,2,6,5.61,8,5.88,6.774
phi4:14b,6,2,0,5.61,10,6.82,5.751
phi4:14b,6,2,1,5.61,10,6.58,6.443
phi4:14b,6,2,2,5.61,10,5.59,6.184
phi4:14b,6,2,3,5.61,10,14.25,2.16
phi4:14b,6,2,4,5.61,10,13.71,8.101
phi4:14b,6,2,5,5.61,10,8.09,6.483
phi4:14b,6,2,6,5.61,10,6.25,7.45
phi4:14b,6,2,0,5.61,12,13.09,5.518
phi4:14b,6,2,1,5.61,12,11.75,6.538
phi4:14b,6,2,2,5.61,12,11.25,6.982
phi4:14b,6,2,3,5.61,12,14.0,8.743
phi4:14b,6,2,4,5.61,12,14.16,7.696
phi4:14b,6,2,5,5.61,12,9.58,7.117
phi4:14b,6,2,6,5.61,12,11.11,6.863
phi4:14b,8,0,0,7.91,0,4.87,4.122
phi4:14b,8,0,1,7.91,0,4.81,4.115
phi4:14b,8,0,2,7.91,0,3.5,4.689
phi4:14b,8,0,3,7.91,0,5.42,5.472
phi4:14b,8,0,4,7.91,0,10.58,6.634
phi4:14b,8,0,5,7.91,0,3.1,4.112
phi4:14b,8,0,6,7.91,0,4.34,4.001
phi4:14b,8,0,0,7.91,2,4.9,4.851
phi4:14b,8,0,1,7.91,2,6.49,4.741
phi4:14b,8,0,2,7.91,2,5.22,5.66
phi4:14b,8,0,3,7.91,2,5.4,5.282
phi4:14b,8,0,4,7.91,2,11.95,6.164
phi4:14b,8,0,5,7.91,2,5.3,5.273
phi4:14b,8,0,6,7.91,2,4.92,4.667
phi4:14b,8,0,0,7.91,4,6.07,5.69
phi4:14b,8,0,1,7.91,4,5.65,5.828
phi4:14b,8,0,2,7.91,4,6.61,4.679
phi4:14b,8,0,3,7.91,4,11.02,1.969
phi4:14b,8,0,4,7.91,4,10.52,6.541
phi4:14b,8,0,5,7.91,4,4.8,6.747
phi4:14b,8,0,6,7.91,4,5.24,5.208
phi4:14b,8,0,0,7.91,6,6.76,5.382
phi4:14b,8,0,1,7.91,6,7.29,5.622
phi4:14b,8,0,2,7.91,6,6.23,5.487
phi4:14b,8,0,3,7.91,6,13.35,2.145
phi4:14b,8,0,4,7.91,6,10.89,6.837
phi4:14b,8,0,5,7.91,6,7.09,6.038
phi4:14b,8,0,6,7.91,6,5.66,5.579
phi4:14b,8,0,0,7.91,8,6.09,5.205
phi4:14b,8,0,1,7.91,8,6.68,5.142
phi4:14b,8,0,2,7.91,8,6.28,5.918
phi4:14b,8,0,3,7.91,8,8.12,6.964
phi4:14b,8,0,4,7.91,8,10.83,9.704
phi4:14b,8,0,5,7.91,8,7.34,6.072
phi4:14b,8,0,6,7.91,8,7.05,5.339
phi4:14b,8,0,0,7.91,10,6.61,4.808
phi4:14b,8,0,1,7.91,10,7.13,4.955
phi4:14b,8,0,2,7.91,10,7.92,5.299
phi4:14b,8,0,3,7.91,10,8.19,5.462
phi4:14b,8,0,4,7.91,10,13.58,6.562
phi4:14b,8,0,5,7.91,10,8.99,5.472
phi4:14b,8,0,6,7.91,10,7.78,5.869
phi4:14b,8,0,0,7.91,12,10.73,4.497
phi4:14b,8,0,1,7.91,12,11.69,5.323
phi4:14b,8,0,2,7.91,12,9.45,5.388
phi4:14b,8,0,3,7.91,12,11.82,6.646
phi4:14b,8,0,4,7.91,12,12.55,8.16
phi4:14b,8,0,5,7.91,12,13.05,5.125
phi4:14b,8,0,6,7.91,12,9.1,4.291
phi4:14b,8,1,0,7.74,0,6.66,5.769
phi4:14b,8,1,1,7.74,0,6.64,5.005
phi4:14b,8,1,2,7.74,0,5.37,4.237
phi4:14b,8,1,3,7.74,0,10.63,3.353
phi4:14b,8,1,4,7.74,0,13.59,5.187
phi4:14b,8,1,5,7.74,0,4.81,5.011
phi4:14b,8,1,6,7.74,0,6.26,5.47
phi4:14b,8,1,0,7.74,2,6.68,5.577
phi4:14b,8,1,1,7.74,2,5.22,5.434
phi4:14b,8,1,2,7.74,2,5.98,5.056
phi4:14b,8,1,3,7.74,2,6.72,4.854
phi4:14b,8,1,4,7.74,2,15.54,8.239
phi4:14b,8,1,5,7.74,2,5.95,6.725
phi4:14b,8,1,6,7.74,2,5.86,5.589
phi4:14b,8,1,0,7.74,4,7.45,5.453
phi4:14b,8,1,1,7.74,4,8.12,6.128
phi4:14b,8,1,2,7.74,4,7.02,5.224
phi4:14b,8,1,3,7.74,4,7.87,8.314
phi4:14b,8,1,4,7.74,4,15.62,11.335
phi4:14b,8,1,5,7.74,4,6.68,6.239
phi4:14b,8,1,6,7.74,4,6.18,5.774
phi4:14b,8,1,0,7.74,6,8.66,6.111
phi4:14b,8,1,1,7.74,6,7.86,6.664
phi4:14b,8,1,2,7.74,6,7.34,6.122
phi4:14b,8,1,3,7.74,6,8.09,7.503
phi4:14b,8,1,4,7.74,6,12.56,7.996
phi4:14b,8,1,5,7.74,6,8.71,6.17
phi4:14b,8,1,6,7.74,6,6.51,5.425
phi4:14b,8,1,0,7.74,8,8.29,6.419
phi4:14b,8,1,1,7.74,8,8.21,5.913
phi4:14b,8,1,2,7.74,8,8.2,6.077
phi4:14b,8,1,3,7.74,8,10.44,6.921
phi4:14b,8,1,4,7.74,8,13.83,7.555
phi4:14b,8,1,5,7.74,8,8.81,6.041
phi4:14b,8,1,6,7.74,8,7.8,6.253
phi4:14b,8,1,0,7.74,10,11.2,5.958
phi4:14b,8,1,1,7.74,10,7.95,6.594
phi4:14b,8,1,2,7.74,10,7.47,6.134
phi4:14b,8,1,3,7.74,10,11.94,7.74
phi4:14b,8,1,4,7.74,10,14.46,8.369
phi4:14b,8,1,5,7.74,10,9.64,6.063
phi4:14b,8,1,6,7.74,10,7.42,5.917
phi4:14b,8,1,0,7.74,12,13.55,6.548
phi4:14b,8,1,1,7.74,12,13.3,6.164
phi4:14b,8,1,2,7.74,12,12.02,6.276
phi4:14b,8,1,3,7.74,12,16.25,7.937
phi4:14b,8,1,4,7.74,12,14.02,5.469
phi4:14b,8,1,5,7.74,12,12.07,6.518
phi4:14b,8,1,6,7.74,12,10.35,5.737
phi4:14b,8,2,0,8.22,0,6.05,4.053
phi4:14b,8,2,1,8.22,0,7.18,4.956
phi4:14b,8,2,2,8.22,0,6.43,4.626
phi4:14b,8,2,3,8.22,0,8.3,4.539
phi4:14b,8,2,4,8.22,0,8.93,6.925
phi4:14b,8,2,5,8.22,0,5.7,3.681
phi4:14b,8,2,6,8.22,0,5.83,5.137
phi4:14b,8,2,0,8.22,2,6.96,5.036
phi4:14b,8,2,1,8.22,2,6.31,3.523
phi4:14b,8,2,2,8.22,2,6.22,4.245
phi4:14b,8,2,3,8.22,2,8.08,4.892
phi4:14b,8,2,4,8.22,2,11.87,7.119
phi4:14b,8,2,5,8.22,2,6.69,4.808
phi4:14b,8,2,6,8.22,2,6.65,4.247
phi4:14b,8,2,0,8.22,4,7.89,5.908
phi4:14b,8,2,1,8.22,4,6.85,4.735
phi4:14b,8,2,2,8.22,4,6.95,5.209
phi4:14b,8,2,3,8.22,4,7.37,5.674
phi4:14b,8,2,4,8.22,4,13.6,6.002
phi4:14b,8,2,5,8.22,4,5.25,8.834
phi4:14b,8,2,6,8.22,4,7.31,4.955
phi4:14b,8,2,0,8.22,6,8.4,5.001
phi4:14b,8,2,1,8.22,6,8.08,5.307
phi4:14b,8,2,2,8.22,6,7.58,5.004
phi4:14b,8,2,3,8.22,6,8.96,6.639
phi4:14b,8,2,4,8.22,6,10.6,9.375
phi4:14b,8,2,5,8.22,6,7.66,5.644
phi4:14b,8,2,6,8.22,6,7.36,5.275
phi4:14b,8,2,0,8.22,8,7.59,4.629
phi4:14b,8,2,1,8.22,8,7.73,5.613
phi4:14b,8,2,2,8.22,8,7.74,5.642
phi4:14b,8,2,3,8.22,8,9.64,5.557
phi4:14b,8,2,4,8.22,8,13.98,7.727
phi4:14b,8,2,5,8.22,8,9.25,4.781
phi4:14b,8,2,6,8.22,8,7.6,5.237
phi4:14b,8,2,0,8.22,10,9.2,5.016
phi4:14b,8,2,1,8.22,10,9.75,4.864
phi4:14b,8,2,2,8.22,10,7.57,4.92
phi4:14b,8,2,3,8.22,10,9.25,5.566
phi4:14b,8,2,4,8.22,10,14.69,6.337
phi4:14b,8,2,5,8.22,10,11.0,4.639
phi4:14b,8,2,6,8.22,10,8.08,5.382
phi4:14b,8,2,0,8.22,12,12.04,4.745
phi4:14b,8,2,1,8.22,12,11.92,4.841
phi4:14b,8,2,2,8.22,12,10.72,5.222
phi4:14b,8,2,3,8.22,12,13.56,6.235
phi4:14b,8,2,4,8.22,12,13.85,6.17
phi4:14b,8,2,5,8.22,12,13.81,6.618
phi4:14b,8,2,6,8.22,12,11.05,5.368
phi4:14b,10,0,0,10.07,0,5.08,3.726
phi4:14b,10,0,1,10.07,0,5.44,3.933
phi4:14b,10,0,2,10.07,0,6.19,6.927
phi4:14b,10,0,3,10.07,0,6.72,3.406
phi4:14b,10,0,4,10.07,0,11.78,8.897
phi4:14b,10,0,5,10.07,0,5.92,4.429
phi4:14b,10,0,6,10.07,0,5.47,4.23
phi4:14b,10,0,0,10.07,2,6.84,4.791
phi4:14b,10,0,1,10.07,2,6.78,5.21
phi4:14b,10,0,2,10.07,2,6.7,6.207
phi4:14b,10,0,3,10.07,2,11.35,4.859
phi4:14b,10,0,4,10.07,2,13.28,10.603
phi4:14b,10,0,5,10.07,2,4.55,4.462
phi4:14b,10,0,6,10.07,2,5.37,5.774
phi4:14b,10,0,0,10.07,4,8.34,6.226
phi4:14b,10,0,1,10.07,4,7.7,7.372
phi4:14b,10,0,2,10.07,4,6.82,6.749
phi4:14b,10,0,3,10.07,4,10.15,5.018
phi4:14b,10,0,4,10.07,4,11.48,7.852
phi4:14b,10,0,5,10.07,4,6.96,9.149
phi4:14b,10,0,6,10.07,4,6.25,5.637
phi4:14b,10,0,0,10.07,6,8.57,7.343
phi4:14b,10,0,1,10.07,6,8.28,6.926
phi4:14b,10,0,2,10.07,6,7.74,6.734
phi4:14b,10,0,3,10.07,6,8.76,7.938
phi4:14b,10,0,4,10.07,6,11.79,8.105
phi4:14b,10,0,5,10.07,6,9.49,7.875
phi4:14b,10,0,6,10.07,6,7.73,7.772
phi4:14b,10,0,0,10.07,8,9.22,7.374
phi4:14b,10,0,1,10.07,8,7.66,7.226
phi4:14b,10,0,2,10.07,8,8.44,6.712
phi4:14b,10,0,3,10.07,8,9.88,8.595
phi4:14b,10,0,4,10.07,8,12.55,9.403
phi4:14b,10,0,5,10.07,8,9.64,7.418
phi4:14b,10,0,6,10.07,8,7.93,6.796
phi4:14b,10,0,0,10.07,10,9.78,7.31
phi4:14b,10,0,1,10.07,10,9.5,6.446
phi4:14b,10,0,2,10.07,10,9.78,6.606
phi4:14b,10,0,3,10.07,10,10.56,7.517
phi4:14b,10,0,4,10.07,10,10.16,7.81
phi4:14b,10,0,5,10.07,10,8.57,8.123
phi4:14b,10,0,6,10.07,10,10.0,6.372
phi4:14b,10,0,0,10.07,12,10.89,6.152
phi4:14b,10,0,1,10.07,12,11.73,7.837
phi4:14b,10,0,2,10.07,12,9.93,6.883
phi4:14b,10,0,3,10.07,12,13.7,2.075
phi4:14b,10,0,4,10.07,12,11.83,7.916
phi4:14b,10,0,5,10.07,12,12.25,7.21
phi4:14b,10,0,6,10.07,12,9.7,8.067
phi4:14b,10,1,0,10.1,0,7.99,5.599
phi4:14b,10,1,1,10.1,0,8.74,4.564
phi4:14b,10,1,2,10.1,0,7.46,8.006
phi4:14b,10,1,3,10.1,0,7.38,7.103
phi4:14b,10,1,4,10.1,0,15.65,3.674
phi4:14b,10,1,5,10.1,0,9.17,4.457
phi4:14b,10,1,6,10.1,0,7.07,7.766
phi4:14b,10,1,0,10.1,2,8.29,6.848
phi4:14b,10,1,1,10.1,2,7.67,11.174
phi4:14b,10,1,2,10.1,2,6.71,10.064
phi4:14b,10,1,3,10.1,2,7.82,7.616
phi4:14b,10,1,4,10.1,2,14.15,11.558
phi4:14b,10,1,5,10.1,2,6.8,10.242
phi4:14b,10,1,6,10.1,2,9.0,5.787
phi4:14b,10,1,0,10.1,4,9.73,7.842
phi4:14b,10,1,1,10.1,4,8.47,5.51
phi4:14b,10,1,2,10.1,4,7.99,7.504
phi4:14b,10,1,3,10.1,4,8.31,6.297
phi4:14b,10,1,4,10.1,4,13.4,12.828
phi4:14b,10,1,5,10.1,4,6.52,12.066
phi4:14b,10,1,6,10.1,4,7.95,13.267
phi4:14b,10,1,0,10.1,6,7.78,11.683
phi4:14b,10,1,1,10.1,6,8.41,10.928
phi4:14b,10,1,2,10.1,6,8.86,13.651
phi4:14b,10,1,3,10.1,6,7.48,11.325
phi4:14b,10,1,4,10.1,6,13.14,10.029
phi4:14b,10,1,5,10.1,6,8.11,9.876
phi4:14b,10,1,6,10.1,6,7.73,13.648
phi4:14b,10,1,0,10.1,8,9.9,11.39
phi4:14b,10,1,1,10.1,8,9.58,11.057
phi4:14b,10,1,2,10.1,8,9.78,15.273
phi4:14b,10,1,3,10.1,8,9.44,14.869
phi4:14b,10,1,4,10.1,8,12.34,10.474
phi4:14b,10,1,5,10.1,8,8.96,14.704
phi4:14b,10,1,6,10.1,8,9.93,14.904
phi4:14b,10,1,0,10.1,10,10.45,10.3
phi4:14b,10,1,1,10.1,10,11.91,13.342
phi4:14b,10,1,2,10.1,10,10.04,14.041
phi4:14b,10,1,3,10.1,10,10.73,19.31
phi4:14b,10,1,4,10.1,10,12.7,13.06
phi4:14b,10,1,5,10.1,10,10.92,13.033
phi4:14b,10,1,6,10.1,10,10.89,12.797
phi4:14b,10,1,0,10.1,12,13.69,12.135
phi4:14b,10,1,1,10.1,12,10.23,12.537
phi4:14b,10,1,2,10.1,12,11.92,13.565
phi4:14b,10,1,3,10.1,12,13.61,15.485
phi4:14b,10,1,4,10.1,12,14.58,11.832
phi4:14b,10,1,5,10.1,12,13.14,14.604
phi4:14b,10,1,6,10.1,12,11.61,12.498
phi4:14b,10,2,0,10.2,0,6.43,3.145
phi4:14b,10,2,1,10.2,0,6.11,3.231
phi4:14b,10,2,2,10.2,0,6.6,2.958
phi4:14b,10,2,3,10.2,0,8.42,4.72
phi4:14b,10,2,4,10.2,0,6.61,4.426
phi4:14b,10,2,5,10.2,0,5.38,3.071
phi4:14b,10,2,6,10.2,0,6.09,2.983
phi4:14b,10,2,0,10.2,2,5.95,3.95
phi4:14b,10,2,1,10.2,2,6.32,3.323
phi4:14b,10,2,2,10.2,2,6.33,3.748
phi4:14b,10,2,3,10.2,2,6.58,4.659
phi4:14b,10,2,4,10.2,2,12.19,4.411
phi4:14b,10,2,5,10.2,2,5.94,2.842
phi4:14b,10,2,6,10.2,2,6.31,3.517
phi4:14b,10,2,0,10.2,4,7.86,4.334
phi4:14b,10,2,1,10.2,4,6.91,4.58
phi4:14b,10,2,2,10.2,4,6.8,3.605
phi4:14b,10,2,3,10.2,4,7.61,4.47
phi4:14b,10,2,4,10.2,4,15.15,10.651
phi4:14b,10,2,5,10.2,4,6.43,3.761
phi4:14b,10,2,6,10.2,4,6.41,4.383
phi4:14b,10,2,0,10.2,6,7.92,4.75
phi4:14b,10,2,1,10.2,6,7.47,4.201
phi4:14b,10,2,2,10.2,6,7.55,4.372
phi4:14b,10,2,3,10.2,6,7.8,5.212
phi4:14b,10,2,4,10.2,6,11.75,9.153
phi4:14b,10,2,5,10.2,6,7.96,3.929
phi4:14b,10,2,6,10.2,6,7.62,4.231
phi4:14b,10,2,0,10.2,8,8.88,3.941
phi4:14b,10,2,1,10.2,8,8.16,4.249
phi4:14b,10,2,2,10.2,8,8.01,4.47
phi4:14b,10,2,3,10.2,8,15.21,1.715
phi4:14b,10,2,4,10.2,8,14.22,4.793
phi4:14b,10,2,5,10.2,8,8.08,4.305
phi4:14b,10,2,6,10.2,8,8.04,3.969
phi4:14b,10,2,0,10.2,10,9.91,3.942
phi4:14b,10,2,1,10.2,10,10.07,4.292
phi4:14b,10,2,2,10.2,10,8.55,4.261
phi4:14b,10,2,3,10.2,10,11.87,1.321
phi4:14b,10,2,4,10.2,10,12.88,6.344
phi4:14b,10,2,5,10.2,10,10.45,4.889
phi4:14b,10,2,6,10.2,10,7.47,3.565
phi4:14b,10,2,0,10.2,12,13.71,5.163
phi4:14b,10,2,1,10.2,12,14.43,5.641
phi4:14b,10,2,2,10.2,12,12.49,4.67
phi4:14b,10,2,3,10.2,12,17.19,1.609
phi4:14b,10,2,4,10.2,12,12.41,12.958
phi4:14b,10,2,5,10.2,12,14.49,5.077
phi4:14b,10,2,6,10.2,12,10.44,4.158
phi4:14b,12,0,0,11.81,0,7.56,7.76
phi4:14b,12,0,1,11.81,0,8.14,7.873
phi4:14b,12,0,2,11.81,0,7.48,11.329
phi4:14b,12,0,3,11.81,0,7.83,8.219
phi4:14b,12,0,4,11.81,0,15.32,9.994
phi4:14b,12,0,5,11.81,0,6.12,3.964
phi4:14b,12,0,6,11.81,0,7.11,7.91
phi4:14b,12,0,0,11.81,2,8.5,11.565
phi4:14b,12,0,1,11.81,2,7.78,9.331
phi4:14b,12,0,2,11.81,2,7.07,9.189
phi4:14b,12,0,3,11.81,2,8.6,11.789
phi4:14b,12,0,4,11.81,2,14.53,10.971
phi4:14b,12,0,5,11.81,2,7.49,7.106
phi4:14b,12,0,6,11.81,2,8.19,10.092
phi4:14b,12,0,0,11.81,4,9.42,10.896
phi4:14b,12,0,1,11.81,4,7.79,10.724
phi4:14b,12,0,2,11.81,4,9.42,9.471
phi4:14b,12,0,3,11.81,4,8.86,8.201
phi4:14b,12,0,4,11.81,4,16.37,11.936
phi4:14b,12,0,5,11.81,4,7.35,7.755
phi4:14b,12,0,6,11.81,4,8.8,11.079
phi4:14b,12,0,0,11.81,6,10.05,13.675
phi4:14b,12,0,1,11.81,6,8.26,12.751
phi4:14b,12,0,2,11.81,6,8.72,8.205
phi4:14b,12,0,3,11.81,6,11.8,19.861
phi4:14b,12,0,4,11.81,6,14.31,13.647
phi4:14b,12,0,5,11.81,6,8.72,12.342
phi4:14b,12,0,6,11.81,6,7.89,9.68
phi4:14b,12,0,0,11.81,8,8.69,10.267
phi4:14b,12,0,1,11.81,8,8.35,8.289
phi4:14b,12,0,2,11.81,8,10.15,11.165
phi4:14b,12,0,3,11.81,8,9.51,14.983
phi4:14b,12,0,4,11.81,8,14.64,11.322
phi4:14b,12,0,5,11.81,8,9.28,9.778
phi4:14b,12,0,6,11.81,8,9.25,12.207
phi4:14b,12,0,0,11.81,10,11.3,8.747
phi4:14b,12,0,1,11.81,10,12.9,10.639
phi4:14b,12,0,2,11.81,10,7.89,9.212
phi4:14b,12,0,3,11.81,10,10.98,12.228
phi4:14b,12,0,4,11.81,10,17.17,11.148
phi4:14b,12,0,5,11.81,10,11.72,12.437
phi4:14b,12,0,6,11.81,10,8.44,11.803
phi4:14b,12,0,0,11.81,12,14.4,12.312
phi4:14b,12,0,1,11.81,12,15.0,10.068
phi4:14b,12,0,2,11.81,12,12.65,14.773
phi4:14b,12,0,3,11.81,12,15.15,15.46
phi4:14b,12,0,4,11.81,12,15.53,9.513
phi4:14b,12,0,5,11.81,12,14.95,14.521
phi4:14b,12,0,6,11.81,12,14.28,7.583
phi4:14b,12,1,0,11.54,0,6.8,8.432
phi4:14b,12,1,1,11.54,0,6.84,6.314
phi4:14b,12,1,2,11.54,0,5.82,8.46
phi4:14b,12,1,3,11.54,0,6.67,9.274
phi4:14b,12,1,4,11.54,0,11.74,11.146
phi4:14b,12,1,5,11.54,0,6.04,8.672
phi4:14b,12,1,6,11.54,0,5.98,8.468
phi4:14b,12,1,0,11.54,2,6.73,6.193
phi4:14b,12,1,1,11.54,2,7.32,7.017
phi4:14b,12,1,2,11.54,2,5.91,6.098
phi4:14b,12,1,3,11.54,2,8.87,5.061
phi4:14b,12,1,4,11.54,2,13.46,11.225
phi4:14b,12,1,5,11.54,2,5.38,4.661
phi4:14b,12,1,6,11.54,2,6.17,9.492
phi4:14b,12,1,0,11.54,4,8.98,8.08
phi4:14b,12,1,1,11.54,4,9.34,7.077
phi4:14b,12,1,2,11.54,4,7.68,10.114
phi4:14b,12,1,3,11.54,4,6.43,8.506
phi4:14b,12,1,4,11.54,4,14.08,16.252
phi4:14b,12,1,5,11.54,4,7.03,8.876
phi4:14b,12,1,6,11.54,4,6.94,8.583
phi4:14b,12,1,0,11.54,6,8.45,8.595
phi4:14b,12,1,1,11.54,6,9.45,9.58
phi4:14b,12,1,2,11.54,6,7.76,9.765
phi4:14b,12,1,3,11.54,6,8.75,11.487
phi4:14b,12,1,4,11.54,6,11.78,10.715
phi4:14b,12,1,5,11.54,6,8.49,8.668
phi4:14b,12,1,6,11.54,6,10.16,8.378
phi4:14b,12,1,0,11.54,8,10.33,9.452
phi4:14b,12,1,1,11.54,8,10.23,8.644
phi4:14b,12,1,2,11.54,8,8.51,10.122
phi4:14b,12,1,3,11.54,8,7.95,7.891
phi4:14b,12,1,4,11.54,8,12.29,12.56
phi4:14b,12,1,5,11.54,8,7.62,10.308
phi4:14b,12,1,6,11.54,8,8.96,12.545
phi4:14b,12,1,0,11.54,10,11.02,9.983
phi4:14b,12,1,1,11.54,10,10.71,9.764
phi4:14b,12,1,2,11.54,10,9.15,11.735
phi4:14b,12,1,3,11.54,10,9.5,12.084
phi4:14b,12,1,4,11.54,10,11.71,9.519
phi4:14b,12,1,5,11.54,10,10.24,11.547
phi4:14b,12,1,6,11.54,10,8.08,11.092
phi4:14b,12,1,0,11.54,12,12.81,8.863
phi4:14b,12,1,1,11.54,12,10.73,11.15
phi4:14b,12,1,2,11.54,12,12.86,11.336
phi4:14b,12,1,3,11.54,12,13.95,12.03
phi4:14b,12,1,4,11.54,12,12.64,8.578
phi4:14b,12,1,5,11.54,12,12.31,8.429
phi4:14b,12,1,6,11.54,12,10.39,12.28
phi4:14b,12,2,0,11.65,0,6.39,4.475
phi4:14b,12,2,1,11.65,0,7.04,6.136
phi4:14b,12,2,2,11.65,0,6.29,7.509
phi4:14b,12,2,3,11.65,0,6.22,4.931
phi4:14b,12,2,4,11.65,0,15.13,5.518
phi4:14b,12,2,5,11.65,0,7.58,4.974
phi4:14b,12,2,6,11.65,0,6.52,5.739
phi4:14b,12,2,0,11.65,2,7.57,5.728
phi4:14b,12,2,1,11.65,2,8.14,6.545
phi4:14b,12,2,2,11.65,2,6.63,6.277
phi4:14b,12,2,3,11.65,2,8.19,7.245
phi4:14b,12,2,4,11.65,2,16.77,7.76
phi4:14b,12,2,5,11.65,2,5.72,6.277
phi4:14b,12,2,6,11.65,2,5.97,5.272
phi4:14b,12,2,0,11.65,4,7.88,6.907
phi4:14b,12,2,1,11.65,4,8.79,6.074
phi4:14b,12,2,2,11.65,4,7.8,4.633
phi4:14b,12,2,3,11.65,4,8.84,7.29
phi4:14b,12,2,4,11.65,4,13.04,5.936
phi4:14b,12,2,5,11.65,4,6.46,10.586
phi4:14b,12,2,6,11.65,4,7.47,7.354
phi4:14b,12,2,0,11.65,6,10.3,6.383
phi4:14b,12,2,1,11.65,6,8.86,6.464
phi4:14b,12,2,2,11.65,6,8.5,5.807
phi4:14b,12,2,3,11.65,6,8.45,7.416
phi4:14b,12,2,4,11.65,6,12.47,6.722
phi4:14b,12,2,5,11.65,6,9.03,7.39
phi4:14b,12,2,6,11.65,6,7.85,6.848
phi4:14b,12,2,0,11.65,8,11.51,6.228
phi4:14b,12,2,1,11.65,8,9.56,5.853
phi4:14b,12,2,2,11.65,8,10.52,5.365
phi4:14b,12,2,3,11.65,8,9.18,6.95
phi4:14b,12,2,4,11.65,8,13.24,6.502
phi4:14b,12,2,5,11.65,8,9.24,6.385
phi4:14b,12,2,6,11.65,8,8.02,6.775
phi4:14b,12,2,0,11.65,10,13.12,5.755
phi4:14b,12,2,1,11.65,10,12.04,6.423
phi4:14b,12,2,2,11.65,10,11.0,6.442
phi4:14b,12,2,3,11.65,10,12.68,8.151
phi4:14b,12,2,4,11.65,10,13.29,6.251
phi4:14b,12,2,5,11.65,10,9.89,5.688
phi4:14b,12,2,6,11.65,10,9.52,5.409
phi4:14b,12,2,0,11.65,12,15.62,6.93
phi4:14b,12,2,1,11.65,12,12.67,5.652
phi4:14b,12,2,2,11.65,12,14.62,7.076
phi4:14b,12,2,3,11.65,12,15.36,7.358
phi4:14b,12,2,4,11.65,12,13.36,6.876
phi4:14b,12,2,5,11.65,12,13.62,7.227
phi4:14b,12,2,6,11.65,12,12.69,5.681
qwen2.5:0.5b,0,0,0,0.44,0,7.03,0.904
qwen2.5:0.5b,0,0,1,0.44,0,0.07,0.663
qwen2.5:0.5b,0,0,2,0.44,0,0.45,0.628
qwen2.5:0.5b,0,0,3,0.44,0,11.67,0.491
qwen2.5:0.5b,0,0,4,0.44,0,10.57,0.92
qwen2.5:0.5b,0,0,5,0.44,0,2.14,0.597
qwen2.5:0.5b,0,0,6,0.44,0,0.25,0.67
qwen2.5:0.5b,0,0,0,0.44,2,0.75,0.647
qwen2.5:0.5b,0,0,1,0.44,2,4.32,0.817
qwen2.5:0.5b,0,0,2,0.44,2,0.21,0.619
qwen2.5:0.5b,0,0,3,0.44,2,3.03,0.528
qwen2.5:0.5b,0,0,4,0.44,2,8.37,0.909
qwen2.5:0.5b,0,0,5,0.44,2,1.19,0.726
qwen2.5:0.5b,0,0,6,0.44,2,0.58,0.694
qwen2.5:0.5b,0,0,0,0.44,4,1.59,0.579
qwen2.5:0.5b,0,0,1,0.44,4,1.9,0.641
qwen2.5:0.5b,0,0,2,0.44,4,0.85,0.672
qwen2.5:0.5b,0,0,3,0.44,4,5.48,0.529
qwen2.5:0.5b,0,0,4,0.44,4,13.78,0.959
qwen2.5:0.5b,0,0,5,0.44,4,3.85,0.989
qwen2.5:0.5b,0,0,6,0.44,4,6.46,1.198
qwen2.5:0.5b,0,0,0,0.44,6,5.92,0.918
qwen2.5:0.5b,0,0,1,0.44,6,1.04,0.591
qwen2.5:0.5b,0,0,2,0.44,6,1.84,0.753
qwen2.5:0.5b,0,0,3,0.44,6,6.38,0.542
qwen2.5:0.5b,0,0,4,0.44,6,2.02,0.681
qwen2.5:0.5b,0,0,5,0.44,6,5.45,1.1
qwen2.5:0.5b,0,0,6,0.44,6,4.06,0.931
qwen2.5:0.5b,0,0,0,0.44,8,0.73,0.516
qwen2.5:0.5b,0,0,1,0.44,8,3.07,0.609
qwen2.5:0.5b,0,0,2,0.44,8,0.57,0.671
qwen2.5:0.5b,0,0,3,0.44,8,6.12,0.628
qwen2.5:0.5b,0,0,4,0.44,8,7.56,0.904
qwen2.5:0.5b,0,0,5,0.44,8,0.82,0.705
qwen2.5:0.5b,0,0,6,0.44,8,0.07,0.521
qwen2.5:0.5b,0,0,0,0.44,10,0.21,0.599
qwen2.5:0.5b,0,0,1,0.44,10,1.36,0.571
qwen2.5:0.5b,0,0,2,0.44,10,0.21,0.655
qwen2.5:0.5b,0,0,3,0.44,10,4.15,0.602
qwen2.5:0.5b,0,0,4,0.44,10,6.69,0.921
qwen2.5:0.5b,0,0,5,0.44,10,8.3,0.81
qwen2.5:0.5b,0,0,6,0.44,10,4.8,0.806
qwen2.5:0.5b,0,0,0,0.44,12,0.66,0.655
qwen2.5:0.5b,0,0,1,0.44,12,2.86,0.616
qwen2.5:0.5b,0,0,2,0.44,12,2.98,0.511
qwen2.5:0.5b,0,0,3,0.44,12,1.38,0.494
qwen2.5:0.5b,0,0,4,0.44,12,12.63,0.599
qwen2.5:0.5b,0,0,5,0.44,12,11.83,2.314
qwen2.5:0.5b,0,0,6,0.44,12,6.02,0.721
qwen2.5:0.5b,0,1,0,-0.18,0,3.29,0.685
qwen2.5:0.5b,0,1,1,-0.18,0,0.17,0.687
qwen2.5:0.5b,0,1,2,-0.18,0,2.19,0.614
qwen2.5:0.5b,0,1,3,-0.18,0,2.86,0.704
qwen2.5:0.5b,0,1,4,-0.18,0,9.81,0.757
qwen2.5:0.5b,0,1,5,-0.18,0,3.26,0.69
qwen2.5:0.5b,0,1,6,-0.18,0,0.06,0.609
qwen2.5:0.5b,0,1,0,-0.18,2,2.69,0.805
qwen2.5:0.5b,0,1,1,-0.18,2,1.57,0.737
qwen2.5:0.5b,0,1,2,-0.18,2,0.05,0.701
qwen2.5:0.5b,0,1,3,-0.18,2,3.64,0.56
qwen2.5:0.5b,0,1,4,-0.18,2,7.38,0.995
qwen2.5:0.5b,0,1,5,-0.18,2,2.87,0.782
qwen2.5:0.5b,0,1,6,-0.18,2,2.16,0.863
qwen2.5:0.5b,0,1,0,-0.18,4,-0.19,0.718
qwen2.5:0.5b,0,1,1,-0.18,4,-0.1,0.725
qwen2.5:0.5b,0,1,2,-0.18,4,0.15,0.658
qwen2.5:0.5b,0,1,3,-0.18,4,3.23,0.647
qwen2.5:0.5b,0,1,4,-0.18,4,12.32,0.799
qwen2.5:0.5b,0,1,5,-0.18,4,0.63,0.605
qwen2.5:0.5b,0,1,6,-0.18,4,2.02,0.684
qwen2.5:0.5b,0,1,0,-0.18,6,-0.29,0.721
qwen2.5:0.5b,0,1,1,-0.18,6,1.4,0.719
qwen2.5:0.5b,0,1,2,-0.18,6,-0.2,0.723
qwen2.5:0.5b,0,1,3,-0.18,6,2.3,0.581
qwen2.5:0.5b,0,1,4,-0.18,6,10.84,0.755
qwen2.5:0.5b,0,1,5,-0.18,6,6.32,1.346
qwen2.5:0.5b,0,1,6,-0.18,6,2.92,0.764
qwen2.5:0.5b,0,1,0,-0.18,8,0.46,0.754
qwen2.5:0.5b,0,1,1,-0.18,8,1.62,0.695
qwen2.5:0.5b,0,1,2,-0.18,8,0.72,0.619
qwen2.5:0.5b,0,1,3,-0.18,8,2.16,0.636
qwen2.5:0.5b,0,1,4,-0.18,8,9.24,0.623
qwen2.5:0.5b,0,1,5,-0.18,8,0.83,0.665
qwen2.5:0.5b,0,1,6,-0.18,8,-0.18,0.739
qwen2.5:0.5b,0,1,0,-0.18,10,-0.1,0.719
qwen2.5:0.5b,0,1,1,-0.18,10,1.28,0.664
qwen2.5:0.5b,0,1,2,-0.18,10,0.55,0.696
qwen2.5:0.5b,0,1,3,-0.18,10,6.75,0.729
qwen2.5:0.5b,0,1,4,-0.18,10,6.62,0.679
qwen2.5:0.5b,0,1,5,-0.18,10,-0.12,0.723
qwen2.5:0.5b,0,1,6,-0.18,10,1.46,0.645
qwen2.5:0.5b,0,1,0,-0.18,12,-0.18,0.706
qwen2.5:0.5b,0,1,1,-0.18,12,0.18,0.684
qwen2.5:0.5b,0,1,2,-0.18,12,-0.15,0.72
qwen2.5:0.5b,0,1,3,-0.18,12,3.0,0.664
qwen2.5:0.5b,0,1,4,-0.18,12,6.66,0.767
qwen2.5:0.5b,0,1,5,-0.18,12,11.6,1.388
qwen2.5:0.5b,0,1,6,-0.18,12,0.28,0.727
qwen2.5:0.5b,0,2,0,0.33,0,5.31,0.739
qwen2.5:0.5b,0,2,1,0.33,0,6.59,0.748
qwen2.5:0.5b,0,2,2,0.33,0,4.19,0.675
qwen2.5:0.5b,0,2,3,0.33,0,6.36,0.54
qwen2.5:0.5b,0,2,4,0.33,0,9.84,1.133
qwen2.5:0.5b,0,2,5,0.33,0,2.41,0.655
qwen2.5:0.5b,0,2,6,0.33,0,1.92,0.647
qwen2.5:0.5b,0,2,0,0.33,2,6.73,0.765
qwen2.5:0.5b,0,2,1,0.33,2,4.74,0.883
qwen2.5:0.5b,0,2,2,0.33,2,4.25,0.623
qwen2.5:0.5b,0,2,3,0.33,2,4.1,0.624
qwen2.5:0.5b,0,2,4,0.33,2,10.26,1.279
qwen2.5:0.5b,0,2,5,0.33,2,0.54,0.758
qwen2.5:0.5b,0,2,6,0.33,2,7.73,0.627
qwen2.5:0.5b,0,2,0,0.33,4,3.77,0.662
qwen2.5:0.5b,0,2,1,0.33,4,1.83,0.665
qwen2.5:0.5b,0,2,2,0.33,4,4.75,0.607
qwen2.5:0.5b,0,2,3,0.33,4,4.52,0.619
qwen2.5:0.5b,0,2,4,0.33,4,8.35,0.577
qwen2.5:0.5b,0,2,5,0.33,4,3.57,0.903
qwen2.5:0.5b,0,2,6,0.33,4,6.02,0.61
qwen2.5:0.5b,0,2,0,0.33,6,6.6,0.714
qwen2.5:0.5b,0,2,1,0.33,6,6.18,0.731
qwen2.5:0.5b,0,2,2,0.33,6,6.09,0.706
qwen2.5:0.5b,0,2,3,0.33,6,5.5,0.598
qwen2.5:0.5b,0,2,4,0.33,6,12.12,1.511
qwen2.5:0.5b,0,2,5,0.33,6,5.98,0.722
qwen2.5:0.5b,0,2,6,0.33,6,5.61,0.552
qwen2.5:0.5b,0,2,0,0.33,8,5.26,0.619
qwen2.5:0.5b,0,2,1,0.33,8,4.59,0.667
qwen2.5:0.5b,0,2,2,0.33,8,5.59,0.673
qwen2.5:0.5b,0,2,3,0.33,8,4.81,0.568
qwen2.5:0.5b,0,2,4,0.33,8,12.65,0.561
qwen2.5:0.5b,0,2,5,0.33,8,3.02,0.713
qwen2.5:0.5b,0,2,6,0.33,8,3.73,0.649
qwen2.5:0.5b,0,2,0,0.33,10,4.59,0.687
qwen2.5:0.5b,0,2,1,0.33,10,5.38,0.754
qwen2.5:0.5b,0,2,2,0.33,10,4.59,0.725
qwen2.5:0.5b,0,2,3,0.33,10,6.93,0.583
qwen2.5:0.5b,0,2,4,0.33,10,10.02,1.099
qwen2.5:0.5b,0,2,5,0.33,10,4.73,0.621
qwen2.5:0.5b,0,2,6,0.33,10,2.37,0.578
qwen2.5:0.5b,0,2,0,0.33,12,10.56,1.113
qwen2.5:0.5b,0,2,1,0.33,12,7.79,0.754
qwen2.5:0.5b,0,2,2,0.33,12,7.15,0.713
qwen2.5:0.5b,0,2,3,0.33,12,3.84,0.576
qwen2.5:0.5b,0,2,4,0.33,12,6.16,1.098
qwen2.5:0.5b,0,2,5,0.33,12,12.69,1.017
qwen2.5:0.5b,0,2,6,0.33,12,10.84,0.645
qwen2.5:0.5b,2,0,0,1.99,0,2.74,0.756
qwen2.5:0.5b,2,0,1,1.99,0,4.5,0.825
qwen2.5:0.5b,2,0,2,1.99,0,4.53,0.645
qwen2.5:0.5b,2,0,3,1.99,0,6.78,0.555
qwen2.5:0.5b,2,0,4,1.99,0,11.77,1.145
qwen2.5:0.5b,2,0,5,1.99,0,2.31,0.735
qwen2.5:0.5b,2,0,6,1.99,0,1.99,0.71
qwen2.5:0.5b,2,0,0,1.99,2,4.56,0.821
qwen2.5:0.5b,2,0,1,1.99,2,5.15,0.733
qwen2.5:0.5b,2,0,2,1.99,2,1.99,0.748
qwen2.5:0.5b,2,0,3,1.99,2,3.82,0.676
qwen2.5:0.5b,2,0,4,1.99,2,5.42,1.044
qwen2.5:0.5b,2,0,5,1.99,2,4.05,0.517
qwen2.5:0.5b,2,0,6,1.99,2,2.54,0.641
qwen2.5:0.5b,2,0,0,1.99,4,1.99,0.707
qwen2.5:0.5b,2,0,1,1.99,4,2.32,0.699
qwen2.5:0.5b,2,0,2,1.99,4,2.01,0.706
qwen2.5:0.5b,2,0,3,1.99,4,4.02,0.638
qwen2.5:0.5b,2,0,4,1.99,4,11.08,1.021
qwen2.5:0.5b,2,0,5,1.99,4,6.9,1.536
qwen2.5:0.5b,2,0,6,1.99,4,2.06,0.694
qwen2.5:0.5b,2,0,0,1.99,6,2.63,0.763
qwen2.5:0.5b,2,0,1,1.99,6,5.08,0.792
qwen2.5:0.5b,2,0,2,1.99,6,2.74,0.624
qwen2.5:0.5b,2,0,3,1.99,6,5.01,0.559
qwen2.5:0.5b,2,0,4,1.99,6,8.15,0.816
qwen2.5:0.5b,2,0,5,1.99,6,4.81,0.785
qwen2.5:0.5b,2,0,6,1.99,6,7.57,0.776
qwen2.5:0.5b,2,0,0,1.99,8,4.14,0.745
qwen2.5:0.5b,2,0,1,1.99,8,1.99,0.746
qwen2.5:0.5b,2,0,2,1.99,8,2.52,0.693
qwen2.5:0.5b,2,0,3,1.99,8,4.8,0.473
qwen2.5:0.5b,2,0,4,1.99,8,7.34,0.886
qwen2.5:0.5b,2,0,5,1.99,8,8.81,0.753
qwen2.5:0.5b,2,0,6,1.99,8,3.94,0.51
qwen2.5:0.5b,2,0,0,1.99,10,2.68,0.687
qwen2.5:0.5b,2,0,1,1.99,10,3.04,0.726
qwen2.5:0.5b,2,0,2,1.99,10,2.13,0.725
qwen2.5:0.5b,2,0,3,1.99,10,5.61,0.695
qwen2.5:0.5b,2,0,4,1.99,10,6.99,0.701
qwen2.5:0.5b,2,0,5,1.99,10,9.52,0.884
qwen2.5:0.5b,2,0,6,1.99,10,1.99,0.745
qwen2.5:0.5b,2,0,0,1.99,12,1.99,0.75
qwen2.5:0.5b,2,0,1,1.99,12,5.6,0.792
qwen2.5:0.5b,2,0,2,1.99,12,4.1,0.572
qwen2.5:0.5b,2,0,3,1.99,12,4.09,0.583
qwen2.5:0.5b,2,0,4,1.99,12,7.42,0.792
qwen2.5:0.5b,2,0,5,1.99,12,12.31,1496.124
qwen2.5:0.5b,2,0,6,1.99,12,6.62,1.162
qwen2.5:0.5b,2,1,0,2.17,0,3.0,0.447
qwen2.5:0.5b,2,1,1,2.17,0,1.97,0.745
qwen2.5:0.5b,2,1,2,2.17,0,1.97,0.753
qwen2.5:0.5b,2,1,3,2.17,0,4.24,0.455
qwen2.5:0.5b,2,1,4,2.17,0,8.01,0.433
qwen2.5:0.5b,2,1,5,2.17,0,3.84,0.407
qwen2.5:0.5b,2,1,6,2.17,0,1.24,0.463
qwen2.5:0.5b,2,1,0,2.17,2,2.97,0.705
qwen2.5:0.5b,2,1,1,2.17,2,1.97,0.759
qwen2.5:0.5b,2,1,2,2.17,2,2.93,0.802
qwen2.5:0.5b,2,1,3,2.17,2,5.62,0.452
qwen2.5:0.5b,2,1,4,2.17,2,12.1,0.487
qwen2.5:0.5b,2,1,5,2.17,2,3.95,0.547
qwen2.5:0.5b,2,1,6,2.17,2,3.38,0.768
qwen2.5:0.5b,2,1,0,2.17,4,3.75,0.494
qwen2.5:0.5b,2,1,1,2.17,4,4.85,0.571
qwen2.5:0.5b,2,1,2,2.17,4,1.83,0.671
qwen2.5:0.5b,2,1,3,2.17,4,4.82,0.455
qwen2.5:0.5b,2,1,4,2.17,4,8.89,1.075
qwen2.5:0.5b,2,1,5,2.17,4,4.05,0.995
qwen2.5:0.5b,2,1,6,2.17,4,2.73,0.777
qwen2.5:0.5b,2,1,0,2.17,6,2.4,0.726
qwen2.5:0.5b,2,1,1,2.17,6,4.8,0.46
qwen2.5:0.5b,2,1,2,2.17,6,1.97,0.711
qwen2.5:0.5b,2,1,3,2.17,6,5.07,1.003
qwen2.5:0.5b,2,1,4,2.17,6,11.61,0.508
qwen2.5:0.5b,2,1,5,2.17,6,4.17,0.639
qwen2.5:0.5b,2,1,6,2.17,6,2.43,0.599
qwen2.5:0.5b,2,1,0,2.17,8,2.28,0.418
qwen2.5:0.5b,2,1,1,2.17,8,4.0,0.41
qwen2.5:0.5b,2,1,2,2.17,8,2.48,0.682
qwen2.5:0.5b,2,1,3,2.17,8,5.33,0.47
qwen2.5:0.5b,2,1,4,2.17,8,5.09,0.673
qwen2.5:0.5b,2,1,5,2.17,8,3.78,0.558
qwen2.5:0.5b,2,1,6,2.17,8,1.95,0.73
qwen2.5:0.5b,2,1,0,2.17,10,2.67,0.572
qwen2.5:0.5b,2,1,1,2.17,10,-0.42,0.458
qwen2.5:0.5b,2,1,2,2.17,10,1.81,0.702
qwen2.5:0.5b,2,1,3,2.17,10,6.71,0.438
qwen2.5:0.5b,2,1,4,2.17,10,5.64,0.479
qwen2.5:0.5b,2,1,5,2.17,10,3.15,0.532
qwen2.5:0.5b,2,1,6,2.17,10,0.94,0.51
qwen2.5:0.5b,2,1,0,2.17,12,6.18,0.555
qwen2.5:0.5b,2,1,1,2.17,12,2.0,0.719
qwen2.5:0.5b,2,1,2,2.17,12,2.4,0.729
qwen2.5:0.5b,2,1,3,2.17,12,7.97,0.493
qwen2.5:0.5b,2,1,4,2.17,12,12.39,1.017
qwen2.5:0.5b,2,1,5,2.17,12,9.54,0.908
qwen2.5:0.5b,2,1,6,2.17,12,2.4,0.757
qwen2.5:0.5b,2,2,0,1.96,0,3.88,0.561
qwen2.5:0.5b,2,2,1,1.96,0,2.24,0.689
qwen2.5:0.5b,2,2,2,1.96,0,3.03,0.497
qwen2.5:0.5b,2,2,3,1.96,0,9.66,0.422
qwen2.5:0.5b,2,2,4,1.96,0,10.58,0.488
qwen2.5:0.5b,2,2,5,1.96,0,2.41,0.746
qwen2.5:0.5b,2,2,6,1.96,0,2.24,0.665
qwen2.5:0.5b,2,2,0,1.96,2,4.97,0.58
qwen2.5:0.5b,2,2,1,1.96,2,1.97,0.659
qwen2.5:0.5b,2,2,2,1.96,2,3.17,0.777
qwen2.5:0.5b,2,2,3,1.96,2,8.96,0.616
qwen2.5:0.5b,2,2,4,1.96,2,10.6,0.855
qwen2.5:0.5b,2,2,5,1.96,2,3.02,0.436
qwen2.5:0.5b,2,2,6,1.96,2,3.07,0.702
qwen2.5:0.5b,2,2,0,1.96,4,1.88,0.463
qwen2.5:0.5b,2,2,1,1.96,4,4.34,0.569
qwen2.5:0.5b,2,2,2,1.96,4,4.13,0.833
qwen2.5:0.5b,2,2,3,1.96,4,8.34,0.617
qwen2.5:0.5b,2,2,4,1.96,4,11.78,1.336
qwen2.5:0.5b,2,2,5,1.96,4,3.83,0.982
qwen2.5:0.5b,2,2,6,1.96,4,3.22,0.546
qwen2.5:0.5b,2,2,0,1.96,6,6.25,0.532
qwen2.5:0.5b,2,2,1,1.96,6,4.91,1.066
qwen2.5:0.5b,2,2,2,1.96,6,1.73,0.678
qwen2.5:0.5b,2,2,3,1.96,6,2.52,0.524
qwen2.5:0.5b,2,2,4,1.96,6,10.0,0.94
qwen2.5:0.5b,2,2,5,1.96,6,8.13,1.041
qwen2.5:0.5b,2,2,6,1.96,6,8.41,0.636
qwen2.5:0.5b,2,2,0,1.96,8,2.15,0.695
qwen2.5:0.5b,2,2,1,1.96,8,4.29,0.539
qwen2.5:0.5b,2,2,2,1.96,8,2.4,0.723
qwen2.5:0.5b,2,2,3,1.96,8,7.77,0.516
qwen2.5:0.5b,2,2,4,1.96,8,13.26,1.124
qwen2.5:0.5b,2,2,5,1.96,8,7.98,1.286
qwen2.5:0.5b,2,2,6,1.96,8,2.1,0.694
qwen2.5:0.5b,2,2,0,1.96,10,2.25,0.748
qwen2.5:0.5b,2,2,1,1.96,10,10.71,0.537
qwen2.5:0.5b,2,2,2,1.96,10,7.69,0.485
qwen2.5:0.5b,2,2,3,1.96,10,5.92,0.572
qwen2.5:0.5b,2,2,4,1.96,10,3.42,1.798
qwen2.5:0.5b,2,2,5,1.96,10,17.1,1.214
qwen2.5:0.5b,2,2,6,1.96,10,2.85,0.524
qwen2.5:0.5b,2,2,0,1.96,12,2.88,0.685
qwen2.5:0.5b,2,2,1,1.96,12,3.62,0.842
qwen2.5:0.5b,2,2,2,1.96,12,1.68,0.639
qwen2.5:0.5b,2,2,3,1.96,12,9.6,0.607
qwen2.5:0.5b,2,2,4,1.96,12,12.03,0.771
qwen2.5:0.5b,2,2,5,1.96,12,11.9,2.356
qwen2.5:0.5b,2,2,6,1.96,12,3.49,0.642
qwen2.5:0.5b,4,0,0,3.85,0,3.83,0.939
qwen2.5:0.5b,4,0,1,3.85,0,3.83,0.891
qwen2.5:0.5b,4,0,2,3.85,0,3.77,0.93
qwen2.5:0.5b,4,0,3,3.85,0,3.14,1.12
qwen2.5:0.5b,4,0,4,3.85,0,7.17,0.929
qwen2.5:0.5b,4,0,5,3.85,0,3.61,0.977
qwen2.5:0.5b,4,0,6,3.85,0,3.82,0.915
qwen2.5:0.5b,4,0,0,3.85,2,3.42,0.897
qwen2.5:0.5b,4,0,1,3.85,2,3.8,0.948
qwen2.5:0.5b,4,0,2,3.85,2,3.66,0.957
qwen2.5:0.5b,4,0,3,3.85,2,3.65,0.426
qwen2.5:0.5b,4,0,4,3.85,2,7.23,0.775
qwen2.5:0.5b,4,0,5,3.85,2,3.65,1.011
qwen2.5:0.5b,4,0,6,3.85,2,3.75,0.919
qwen2.5:0.5b,4,0,0,3.85,4,3.75,0.892
qwen2.5:0.5b,4,0,1,3.85,4,3.91,0.97
qwen2.5:0.5b,4,0,2,3.85,4,4.55,0.883
qwen2.5:0.5b,4,0,3,3.85,4,3.72,0.932
qwen2.5:0.5b,4,0,4,3.85,4,5.44,0.729
qwen2.5:0.5b,4,0,5,3.85,4,3.82,0.956
qwen2.5:0.5b,4,0,6,3.85,4,3.75,0.965
qwen2.5:0.5b,4,0,0,3.85,6,4.06,0.94
qwen2.5:0.5b,4,0,1,3.85,6,3.83,0.888
qwen2.5:0.5b,4,0,2,3.85,6,3.83,0.936
qwen2.5:0.5b,4,0,3,3.85,6,4.2,0.448
qwen2.5:0.5b,4,0,4,3.85,6,6.08,0.933
qwen2.5:0.5b,4,0,5,3.85,6,4.67,0.942
qwen2.5:0.5b,4,0,6,3.85,6,3.83,0.918
qwen2.5:0.5b,4,0,0,3.85,8,3.82,0.951
qwen2.5:0.5b,4,0,1,3.85,8,3.77,0.964
qwen2.5:0.5b,4,0,2,3.85,8,3.75,0.933
qwen2.5:0.5b,4,0,3,3.85,8,3.74,0.907
qwen2.5:0.5b,4,0,4,3.85,8,6.72,0.926
qwen2.5:0.5b,4,0,5,3.85,8,3.53,0.941
qwen2.5:0.5b,4,0,6,3.85,8,3.83,0.941
qwen2.5:0.5b,4,0,0,3.85,10,3.75,0.936
qwen2.5:0.5b,4,0,1,3.85,10,3.75,0.906
qwen2.5:0.5b,4,0,2,3.85,10,3.83,0.928
qwen2.5:0.5b,4,0,3,3.85,10,5.78,1.049
qwen2.5:0.5b,4,0,4,3.85,10,6.93,0.784
qwen2.5:0.5b,4,0,5,3.85,10,6.47,0.907
qwen2.5:0.5b,4,0,6,3.85,10,3.77,0.895
qwen2.5:0.5b,4,0,0,3.85,12,4.24,0.847
qwen2.5:0.5b,4,0,1,3.85,12,4.0,1.465
qwen2.5:0.5b,4,0,2,3.85,12,3.75,0.95
qwen2.5:0.5b,4,0,3,3.85,12,4.12,0.988
qwen2.5:0.5b,4,0,4,3.85,12,5.32,0.632
qwen2.5:0.5b,4,0,5,3.85,12,3.19,0.855
qwen2.5:0.5b,4,0,6,3.85,12,3.56,0.955
qwen2.5:0.5b,4,1,0,3.69,0,4.33,1.051
qwen2.5:0.5b,4,1,1,3.69,0,3.81,1.416
qwen2.5:0.5b,4,1,2,3.69,0,7.27,1.318
qwen2.5:0.5b,4,1,3,3.69,0,9.32,0.476
qwen2.5:0.5b,4,1,4,3.69,0,9.86,0.895
qwen2.5:0.5b,4,1,5,3.69,0,3.97,1.272
qwen2.5:0.5b,4,1,6,3.69,0,5.73,0.965
qwen2.5:0.5b,4,1,0,3.69,2,3.82,1.322
qwen2.5:0.5b,4,1,1,3.69,2,3.69,1.296
qwen2.5:0.5b,4,1,2,3.69,2,4.57,1.053
qwen2.5:0.5b,4,1,3,3.69,2,3.76,0.447
qwen2.5:0.5b,4,1,4,3.69,2,8.54,1.354
qwen2.5:0.5b,4,1,5,3.69,2,1.99,0.743
qwen2.5:0.5b,4,1,6,3.69,2,8.25,1.066
qwen2.5:0.5b,4,1,0,3.69,4,3.5,1.071
qwen2.5:0.5b,4,1,1,3.69,4,4.22,1.342
qwen2.5:0.5b,4,1,2,3.69,4,7.55,0.562
qwen2.5:0.5b,4,1,3,3.69,4,10.65,0.55
qwen2.5:0.5b,4,1,4,3.69,4,11.09,1.166
qwen2.5:0.5b,4,1,5,3.69,4,6.13,0.974
qwen2.5:0.5b,4,1,6,3.69,4,3.69,1.33
qwen2.5:0.5b,4,1,0,3.69,6,3.85,1.086
qwen2.5:0.5b,4,1,1,3.69,6,5.21,1.0
qwen2.5:0.5b,4,1,2,3.69,6,3.44,1.289
qwen2.5:0.5b,4,1,3,3.69,6,5.81,0.447
qwen2.5:0.5b,4,1,4,3.69,6,12.47,0.737
qwen2.5:0.5b,4,1,5,3.69,6,6.62,2.827
qwen2.5:0.5b,4,1,6,3.69,6,4.72,1.232
qwen2.5:0.5b,4,1,0,3.69,8,3.46,1.187
qwen2.5:0.5b,4,1,1,3.69,8,3.69,1.334
qwen2.5:0.5b,4,1,2,3.69,8,5.31,0.855
qwen2.5:0.5b,4,1,3,3.69,8,4.38,0.653
qwen2.5:0.5b,4,1,4,3.69,8,11.53,1.321
qwen2.5:0.5b,4,1,5,3.69,8,8.31,0.986
qwen2.5:0.5b,4,1,6,3.69,8,4.78,1.496
qwen2.5:0.5b,4,1,0,3.69,10,3.95,1.01
qwen2.5:0.5b,4,1,1,3.69,10,4.02,1.04
qwen2.5:0.5b,4,1,2,3.69,10,2.99,1.009
qwen2.5:0.5b,4,1,3,3.69,10,5.77,0.505
qwen2.5:0.5b,4,1,4,3.69,10,10.36,1.17
qwen2.5:0.5b,4,1,5,3.69,10,10.53,1.077
qwen2.5:0.5b,4,1,6,3.69,10,4.85,1.244
qwen2.5:0.5b,4,1,0,3.69,12,3.94,1.098
qwen2.5:0.5b,4,1,1,3.69,12,10.5,0.578
qwen2.5:0.5b,4,1,2,3.69,12,3.32,1.125
qwen2.5:0.5b,4,1,3,3.69,12,6.31,0.468
qwen2.5:0.5b,4,1,4,3.69,12,4.93,1.314
qwen2.5:0.5b,4,1,5,3.69,12,9.86,2.852
qwen2.5:0.5b,4,1,6,3.69,12,3.36,0.839
qwen2.5:0.5b,4,2,0,3.82,0,5.91,1.155
qwen2.5:0.5b,4,2,1,3.82,0,4.1,1.362
qwen2.5:0.5b,4,2,2,3.82,0,3.82,1.393
qwen2.5:0.5b,4,2,3,3.82,0,7.09,1.052
qwen2.5:0.5b,4,2,4,3.82,0,8.26,0.66
qwen2.5:0.5b,4,2,5,3.82,0,2.31,0.433
qwen2.5:0.5b,4,2,6,3.82,0,3.83,0.997
qwen2.5:0.5b,4,2,0,3.82,2,4.54,1.195
qwen2.5:0.5b,4,2,1,3.82,2,3.82,1.384
qwen2.5:0.5b,4,2,2,3.82,2,3.82,1.366
qwen2.5:0.5b,4,2,3,3.82,2,9.48,0.972
qwen2.5:0.5b,4,2,4,3.82,2,11.91,1.083
qwen2.5:0.5b,4,2,5,3.82,2,5.33,1.198
qwen2.5:0.5b,4,2,6,3.82,2,5.38,1.784
qwen2.5:0.5b,4,2,0,3.82,4,3.82,1.377
qwen2.5:0.5b,4,2,1,3.82,4,5.62,1.278
qwen2.5:0.5b,4,2,2,3.82,4,3.82,1.394
qwen2.5:0.5b,4,2,3,3.82,4,5.67,1.32
qwen2.5:0.5b,4,2,4,3.82,4,10.19,0.919
qwen2.5:0.5b,4,2,5,3.82,4,3.05,0.673
qwen2.5:0.5b,4,2,6,3.82,4,3.82,1.351
qwen2.5:0.5b,4,2,0,3.82,6,3.96,1.24
qwen2.5:0.5b,4,2,1,3.82,6,4.81,1.234
qwen2.5:0.5b,4,2,2,3.82,6,3.82,1.394
qwen2.5:0.5b,4,2,3,3.82,6,5.54,0.762
qwen2.5:0.5b,4,2,4,3.82,6,9.21,1.434
qwen2.5:0.5b,4,2,5,3.82,6,6.81,1.32
qwen2.5:0.5b,4,2,6,3.82,6,3.76,1.408
qwen2.5:0.5b,4,2,0,3.82,8,4.44,1.249
qwen2.5:0.5b,4,2,1,3.82,8,3.82,1.391
qwen2.5:0.5b,4,2,2,3.82,8,4.44,1.465
qwen2.5:0.5b,4,2,3,3.82,8,7.24,0.553
qwen2.5:0.5b,4,2,4,3.82,8,6.12,1.137
qwen2.5:0.5b,4,2,5,3.82,8,4.62,0.951
qwen2.5:0.5b,4,2,6,3.82,8,6.25,1.38
qwen2.5:0.5b,4,2,0,3.82,10,3.82,1.381
qwen2.5:0.5b,4,2,1,3.82,10,4.01,1.39
qwen2.5:0.5b,4,2,2,3.82,10,5.7,1.534
qwen2.5:0.5b,4,2,3,3.82,10,5.18,0.841
qwen2.5:0.5b,4,2,4,3.82,10,10.63,0.972
qwen2.5:0.5b,4,2,5,3.82,10,10.88,1.477
qwen2.5:0.5b,4,2,6,3.82,10,3.78,2.108
qwen2.5:0.5b,4,2,0,3.82,12,5.37,2.161
qwen2.5:0.5b,4,2,1,3.82,12,4.22,1.513
qwen2.5:0.5b,4,2,2,3.82,12,8.35,1.261
qwen2.5:0.5b,4,2,3,3.82,12,6.49,0.587
qwen2.5:0.5b,4,2,4,3.82,12,12.18,1.668
qwen2.5:0.5b,4,2,5,3.82,12,12.43,1.094
qwen2.5:0.5b,4,2,6,3.82,12,4.3,1.223
qwen2.5:0.5b,6,0,0,6.18,0,9.55,1.441
qwen2.5:0.5b,6,0,1,6.18,0,7.81,1.413
qwen2.5:0.5b,6,0,2,6.18,0,9.25,0.869
qwen2.5:0.5b,6,0,3,6.18,0,10.03,0.806
qwen2.5:0.5b,6,0,4,6.18,0,10.45,1.275
qwen2.5:0.5b,6,0,5,6.18,0,5.43,1.906
qwen2.5:0.5b,6,0,6,6.18,0,8.3,1.175
qwen2.5:0.5b,6,0,0,6.18,2,6.95,1.191
qwen2.5:0.5b,6,0,1,6.18,2,10.71,1.236
qwen2.5:0.5b,6,0,2,6.18,2,8.05,17.071
qwen2.5:0.5b,6,0,3,6.18,2,8.49,1.067
qwen2.5:0.5b,6,0,4,6.18,2,11.1,1.144
qwen2.5:0.5b,6,0,5,6.18,2,8.52,1.421
qwen2.5:0.5b,6,0,6,6.18,2,7.38,1.813
qwen2.5:0.5b,6,0,0,6.18,4,6.18,1.244
qwen2.5:0.5b,6,0,1,6.18,4,6.22,1.357
qwen2.5:0.5b,6,0,2,6.18,4,7.61,1.18
qwen2.5:0.5b,6,0,3,6.18,4,7.66,1.181
qwen2.5:0.5b,6,0,4,6.18,4,14.71,1.354
qwen2.5:0.5b,6,0,5,6.18,4,4.76,0.879
qwen2.5:0.5b,6,0,6,6.18,4,7.19,2.071
qwen2.5:0.5b,6,0,0,6.18,6,9.28,1.403
qwen2.5:0.5b,6,0,1,6.18,6,6.58,1.204
qwen2.5:0.5b,6,0,2,6.18,6,6.08,1.302
qwen2.5:0.5b,6,0,3,6.18,6,7.22,0.919
qwen2.5:0.5b,6,0,4,6.18,6,14.07,1.381
qwen2.5:0.5b,6,0,5,6.18,6,7.18,1.092
qwen2.5:0.5b,6,0,6,6.18,6,7.77,1.163
qwen2.5:0.5b,6,0,0,6.18,8,13.16,1.196
qwen2.5:0.5b,6,0,1,6.18,8,6.62,1.343
qwen2.5:0.5b,6,0,2,6.18,8,6.32,1.335
qwen2.5:0.5b,6,0,3,6.18,8,12.62,0.714
qwen2.5:0.5b,6,0,4,6.18,8,11.94,1.002
qwen2.5:0.5b,6,0,5,6.18,8,7.68,1.138
qwen2.5:0.5b,6,0,6,6.18,8,9.98,1.504
qwen2.5:0.5b,6,0,0,6.18,10,7.36,1.834
qwen2.5:0.5b,6,0,1,6.18,10,12.1,1.605
qwen2.5:0.5b,6,0,2,6.18,10,8.83,1.098
qwen2.5:0.5b,6,0,3,6.18,10,12.21,0.646
qwen2.5:0.5b,6,0,4,6.18,10,11.22,1.375
qwen2.5:0.5b,6,0,5,6.18,10,7.57,0.952
qwen2.5:0.5b,6,0,6,6.18,10,9.47,1.364
qwen2.5:0.5b,6,0,0,6.18,12,9.98,1.288
qwen2.5:0.5b,6,0,1,6.18,12,7.46,1.393
qwen2.5:0.5b,6,0,2,6.18,12,5.97,1.353
qwen2.5:0.5b,6,0,3,6.18,12,11.31,0.8
qwen2.5:0.5b,6,0,4,6.18,12,11.37,1.467
qwen2.5:0.5b,6,0,5,6.18,12,11.93,2.389
qwen2.5:0.5b,6,0,6,6.18,12,6.89,1.094
qwen2.5:0.5b,6,1,0,5.79,0,6.29,0.987
qwen2.5:0.5b,6,1,1,5.79,0,5.78,1.075
qwen2.5:0.5b,6,1,2,5.79,0,5.99,1.152
qwen2.5:0.5b,6,1,3,5.79,0,8.8,0.667
qwen2.5:0.5b,6,1,4,5.79,0,15.26,0.582
qwen2.5:0.5b,6,1,5,5.79,0,5.4,0.899
qwen2.5:0.5b,6,1,6,5.79,0,5.35,0.837
qwen2.5:0.5b,6,1,0,5.79,2,6.37,1.132
qwen2.5:0.5b,6,1,1,5.79,2,5.96,1.011
qwen2.5:0.5b,6,1,2,5.79,2,5.79,1.082
qwen2.5:0.5b,6,1,3,5.79,2,10.91,0.504
qwen2.5:0.5b,6,1,4,5.79,2,6.69,1.336
qwen2.5:0.5b,6,1,5,5.79,2,6.72,0.841
qwen2.5:0.5b,6,1,6,5.79,2,5.21,0.907
qwen2.5:0.5b,6,1,0,5.79,4,5.79,1.055
qwen2.5:0.5b,6,1,1,5.79,4,5.79,1.052
qwen2.5:0.5b,6,1,2,5.79,4,6.9,0.995
qwen2.5:0.5b,6,1,3,5.79,4,5.91,1.084
qwen2.5:0.5b,6,1,4,5.79,4,2.76,0.456
qwen2.5:0.5b,6,1,5,5.79,4,6.67,0.915
qwen2.5:0.5b,6,1,6,5.79,4,5.12,0.877
qwen2.5:0.5b,6,1,0,5.79,6,5.79,1.08
qwen2.5:0.5b,6,1,1,5.79,6,5.79,1.074
qwen2.5:0.5b,6,1,2,5.79,6,5.79,1.092
qwen2.5:0.5b,6,1,3,5.79,6,7.29,0.644
qwen2.5:0.5b,6,1,4,5.79,6,7.18,0.496
qwen2.5:0.5b,6,1,5,5.79,6,6.76,1.101
qwen2.5:0.5b,6,1,6,5.79,6,5.79,1.071
qwen2.5:0.5b,6,1,0,5.79,8,5.79,1.037
qwen2.5:0.5b,6,1,1,5.79,8,5.79,1.059
qwen2.5:0.5b,6,1,2,5.79,8,5.79,1.063
qwen2.5:0.5b,6,1,3,5.79,8,5.8,1.08
qwen2.5:0.5b,6,1,4,5.79,8,8.17,1.541
qwen2.5:0.5b,6,1,5,5.79,8,5.58,0.893
qwen2.5:0.5b,6,1,6,5.79,8,5.79,1.055
qwen2.5:0.5b,6,1,0,5.79,10,7.04,0.909
qwen2.5:0.5b,6,1,1,5.79,10,6.19,1.077
qwen2.5:0.5b,6,1,2,5.79,10,8.35,0.915
qwen2.5:0.5b,6,1,3,5.79,10,5.9,0.65
qwen2.5:0.5b,6,1,4,5.79,10,4.39,0.46
qwen2.5:0.5b,6,1,5,5.79,10,10.38,1.482
qwen2.5:0.5b,6,1,6,5.79,10,6.03,0.881
qwen2.5:0.5b,6,1,0,5.79,12,7.18,1.06
qwen2.5:0.5b,6,1,1,5.79,12,5.79,1.072
qwen2.5:0.5b,6,1,2,5.79,12,5.79,1.087
qwen2.5:0.5b,6,1,3,5.79,12,7.56,0.575
qwen2.5:0.5b,6,1,4,5.79,12,3.65,0.394
qwen2.5:0.5b,6,1,5,5.79,12,14.16,1.814
qwen2.5:0.5b,6,1,6,5.79,12,5.21,0.912
qwen2.5:0.5b,6,2,0,5.61,0,5.57,1.267
qwen2.5:0.5b,6,2,1,5.61,0,5.61,1.268
qwen2.5:0.5b,6,2,2,5.61,0,5.65,1.273
qwen2.5:0.5b,6,2,3,5.61,0,14.25,0.556
qwen2.5:0.5b,6,2,4,5.61,0,15.21,1.053
qwen2.5:0.5b,6,2,5,5.61,0,11.07,0.536
qwen2.5:0.5b,6,2,6,5.61,0,7.55,2.104
qwen2.5:0.5b,6,2,0,5.61,2,5.53,1.308
qwen2.5:0.5b,6,2,1,5.61,2,5.61,1.264
qwen2.5:0.5b,6,2,2,5.61,2,5.61,1.265
qwen2.5:0.5b,6,2,3,5.61,2,9.05,0.826
qwen2.5:0.5b,6,2,4,5.61,2,13.65,1.261
qwen2.5:0.5b,6,2,5,5.61,2,11.2,1660.233
qwen2.5:0.5b,6,2,6,5.61,2,5.56,1.408
qwen2.5:0.5b,6,2,0,5.61,4,5.89,1.105
qwen2.5:0.5b,6,2,1,5.61,4,5.61,1.2
qwen2.5:0.5b,6,2,2,5.61,4,5.57,1.272
qwen2.5:0.5b,6,2,3,5.61,4,5.95,1.438
qwen2.5:0.5b,6,2,4,5.61,4,9.63,0.572
qwen2.5:0.5b,6,2,5,5.61,4,10.94,1.16
qwen2.5:0.5b,6,2,6,5.61,4,5.61,1.306
qwen2.5:0.5b,6,2,0,5.61,6,5.53,1.258
qwen2.5:0.5b,6,2,1,5.61,6,5.96,1.64
qwen2.5:0.5b,6,2,2,5.61,6,5.61,1.282
qwen2.5:0.5b,6,2,3,5.61,6,8.07,0.616
qwen2.5:0.5b,6,2,4,5.61,6,13.93,1.122
qwen2.5:0.5b,6,2,5,5.61,6,8.92,1.264
qwen2.5:0.5b,6,2,6,5.61,6,5.53,1.267
qwen2.5:0.5b,6,2,0,5.61,8,5.52,1.125
qwen2.5:0.5b,6,2,1,5.61,8,5.65,1.262
qwen2.5:0.5b,6,2,2,5.61,8,5.82,1.391
qwen2.5:0.5b,6,2,3,5.61,8,6.59,0.551
qwen2.5:0.5b,6,2,4,5.61,8,13.6,1.285
qwen2.5:0.5b,6,2,5,5.61,8,6.85,1.003
qwen2.5:0.5b,6,2,6,5.61,8,8.5,1.092
qwen2.5:0.5b,6,2,0,5.61,10,7.94,1.189
qwen2.5:0.5b,6,2,1,5.61,10,5.62,1.298
qwen2.5:0.5b,6,2,2,5.61,10,5.61,1.312
qwen2.5:0.5b,6,2,3,5.61,10,13.11,0.566
qwen2.5:0.5b,6,2,4,5.61,10,8.92,0.951
qwen2.5:0.5b,6,2,5,5.61,10,5.57,1.265
qwen2.5:0.5b,6,2,6,5.61,10,5.69,1.123
qwen2.5:0.5b,6,2,0,5.61,12,5.61,1.26
qwen2.5:0.5b,6,2,1,5.61,12,5.5,1.273
qwen2.5:0.5b,6,2,2,5.61,12,5.65,1.27
qwen2.5:0.5b,6,2,3,5.61,12,12.12,0.61
qwen2.5:0.5b,6,2,4,5.61,12,15.3,1.051
qwen2.5:0.5b,6,2,5,5.61,12,12.73,1.858
qwen2.5:0.5b,6,2,6,5.61,12,5.86,1.272
qwen2.5:0.5b,8,0,0,7.91,0,8.92,1.043
qwen2.5:0.5b,8,0,1,7.91,0,8.35,1.091
qwen2.5:0.5b,8,0,2,7.91,0,9.14,1.524
qwen2.5:0.5b,8,0,3,7.91,0,8.22,0.586
qwen2.5:0.5b,8,0,4,7.91,0,11.12,1.17
qwen2.5:0.5b,8,0,5,7.91,0,7.86,0.98
qwen2.5:0.5b,8,0,6,7.91,0,10.08,0.921
qwen2.5:0.5b,8,0,0,7.91,2,9.84,0.868
qwen2.5:0.5b,8,0,1,7.91,2,7.86,1.16
qwen2.5:0.5b,8,0,2,7.91,2,7.62,1.399
qwen2.5:0.5b,8,0,3,7.91,2,11.33,1.04
qwen2.5:0.5b,8,0,4,7.91,2,10.33,0.969
qwen2.5:0.5b,8,0,5,7.91,2,7.86,1.188
qwen2.5:0.5b,8,0,6,7.91,2,8.18,1.09
qwen2.5:0.5b,8,0,0,7.91,4,8.37,0.79
qwen2.5:0.5b,8,0,1,7.91,4,8.5,0.94
qwen2.5:0.5b,8,0,2,7.91,4,7.93,1.121
qwen2.5:0.5b,8,0,3,7.91,4,19.02,0.707
qwen2.5:0.5b,8,0,4,7.91,4,12.09,1.606
qwen2.5:0.5b,8,0,5,7.91,4,9.37,1.113
qwen2.5:0.5b,8,0,6,7.91,4,7.74,1.182
qwen2.5:0.5b,8,0,0,7.91,6,9.13,1.012
qwen2.5:0.5b,8,0,1,7.91,6,8.24,0.938
qwen2.5:0.5b,8,0,2,7.91,6,8.22,1.066
qwen2.5:0.5b,8,0,3,7.91,6,9.43,0.655
qwen2.5:0.5b,8,0,4,7.91,6,9.51,1.721
qwen2.5:0.5b,8,0,5,7.91,6,7.86,1.16
qwen2.5:0.5b,8,0,6,7.91,6,9.38,1.259
qwen2.5:0.5b,8,0,0,7.91,8,7.82,1.08
qwen2.5:0.5b,8,0,1,7.91,8,9.65,1.029
qwen2.5:0.5b,8,0,2,7.91,8,7.98,0.79
qwen2.5:0.5b,8,0,3,7.91,8,9.64,1.071
qwen2.5:0.5b,8,0,4,7.91,8,12.34,1.705
qwen2.5:0.5b,8,0,5,7.91,8,7.58,1.193
qwen2.5:0.5b,8,0,6,7.91,8,7.91,1.153
qwen2.5:0.5b,8,0,0,7.91,10,10.24,0.928
qwen2.5:0.5b,8,0,1,7.91,10,7.32,1.208
qwen2.5:0.5b,8,0,2,7.91,10,7.81,0.953
qwen2.5:0.5b,8,0,3,7.91,10,7.99,1.133
qwen2.5:0.5b,8,0,4,7.91,10,12.8,1.722
qwen2.5:0.5b,8,0,5,7.91,10,8.18,1.333
qwen2.5:0.5b,8,0,6,7.91,10,4.69,0.776
qwen2.5:0.5b,8,0,0,7.91,12,9.89,0.844
qwen2.5:0.5b,8,0,1,7.91,12,7.63,1.115
qwen2.5:0.5b,8,0,2,7.91,12,7.91,1.181
qwen2.5:0.5b,8,0,3,7.91,12,10.56,1.077
qwen2.5:0.5b,8,0,4,7.91,12,9.38,1.417
qwen2.5:0.5b,8,0,5,7.91,12,15.93,1.567
qwen2.5:0.5b,8,0,6,7.91,12,11.8,0.935
qwen2.5:0.5b,8,1,0,7.74,0,10.46,1.05
qwen2.5:0.5b,8,1,1,7.74,0,9.83,0.914
qwen2.5:0.5b,8,1,2,7.74,0,8.55,1.096
qwen2.5:0.5b,8,1,3,7.74,0,6.59,0.643
qwen2.5:0.5b,8,1,4,7.74,0,12.73,0.827
qwen2.5:0.5b,8,1,5,7.74,0,10.03,0.94
qwen2.5:0.5b,8,1,6,7.74,0,12.04,1.067
qwen2.5:0.5b,8,1,0,7.74,2,11.29,1.036
qwen2.5:0.5b,8,1,1,7.74,2,11.05,1.098
qwen2.5:0.5b,8,1,2,7.74,2,10.96,0.916
qwen2.5:0.5b,8,1,3,7.74,2,9.52,1.002
qwen2.5:0.5b,8,1,4,7.74,2,11.15,0.841
qwen2.5:0.5b,8,1,5,7.74,2,11.08,0.57
qwen2.5:0.5b,8,1,6,7.74,2,12.49,1.407
qwen2.5:0.5b,8,1,0,7.74,4,10.49,0.981
qwen2.5:0.5b,8,1,1,7.74,4,13.08,1.069
qwen2.5:0.5b,8,1,2,7.74,4,9.21,0.982
qwen2.5:0.5b,8,1,3,7.74,4,9.1,0.811
qwen2.5:0.5b,8,1,4,7.74,4,13.61,1.373
qwen2.5:0.5b,8,1,5,7.74,4,10.35,0.805
qwen2.5:0.5b,8,1,6,7.74,4,13.28,1.23
qwen2.5:0.5b,8,1,0,7.74,6,10.99,1.134
qwen2.5:0.5b,8,1,1,7.74,6,9.79,0.926
qwen2.5:0.5b,8,1,2,7.74,6,10.59,1.122
qwen2.5:0.5b,8,1,3,7.74,6,8.0,0.663
qwen2.5:0.5b,8,1,4,7.74,6,11.2,1.309
qwen2.5:0.5b,8,1,5,7.74,6,8.86,1.037
qwen2.5:0.5b,8,1,6,7.74,6,9.46,0.954
qwen2.5:0.5b,8,1,0,7.74,8,11.07,1.175
qwen2.5:0.5b,8,1,1,7.74,8,9.73,1.099
qwen2.5:0.5b,8,1,2,7.74,8,11.92,0.96
qwen2.5:0.5b,8,1,3,7.74,8,10.94,0.698
qwen2.5:0.5b,8,1,4,7.74,8,12.46,1.287
qwen2.5:0.5b,8,1,5,7.74,8,11.58,1.039
qwen2.5:0.5b,8,1,6,7.74,8,12.44,0.994
qwen2.5:0.5b,8,1,0,7.74,10,9.35,1.164
qwen2.5:0.5b,8,1,1,7.74,10,10.28,0.965
qwen2.5:0.5b,8,1,2,7.74,10,13.23,1.086
qwen2.5:0.5b,8,1,3,7.74,10,12.59,0.49
qwen2.5:0.5b,8,1,4,7.74,10,10.72,0.947
qwen2.5:0.5b,8,1,5,7.74,10,10.13,1.216
qwen2.5:0.5b,8,1,6,7.74,10,10.09,1.184
qwen2.5:0.5b,8,1,0,7.74,12,9.03,1.104
qwen2.5:0.5b,8,1,1,7.74,12,8.54,1.1
qwen2.5:0.5b,8,1,2,7.74,12,11.36,1.112
qwen2.5:0.5b,8,1,3,7.74,12,14.52,1.076
qwen2.5:0.5b,8,1,4,7.74,12,10.96,1.168
qwen2.5:0.5b,8,1,5,7.74,12,12.38,1.132
qwen2.5:0.5b,8,1,6,7.74,12,8.88,1.071
qwen2.5:0.5b,8,2,0,8.22,0,11.98,0.838
qwen2.5:0.5b,8,2,1,8.22,0,8.01,1.026
qwen2.5:0.5b,8,2,2,8.22,0,8.2,1.001
qwen2.5:0.5b,8,2,3,8.22,0,8.63,1.06
qwen2.5:0.5b,8,2,4,8.22,0,12.49,0.884
qwen2.5:0.5b,8,2,5,8.22,0,8.22,1.112
qwen2.5:0.5b,8,2,6,8.22,0,9.84,0.671
qwen2.5:0.5b,8,2,0,8.22,2,8.34,1.168
qwen2.5:0.5b,8,2,1,8.22,2,8.23,0.962
qwen2.5:0.5b,8,2,2,8.22,2,8.73,1.007
qwen2.5:0.5b,8,2,3,8.22,2,13.74,0.587
qwen2.5:0.5b,8,2,4,8.22,2,9.52,2.053
qwen2.5:0.5b,8,2,5,8.22,2,8.26,0.848
qwen2.5:0.5b,8,2,6,8.22,2,9.09,1.003
qwen2.5:0.5b,8,2,0,8.22,4,8.08,1.135
qwen2.5:0.5b,8,2,1,8.22,4,7.88,1.023
qwen2.5:0.5b,8,2,2,8.22,4,10.21,0.898
qwen2.5:0.5b,8,2,3,8.22,4,4.0,0.436
qwen2.5:0.5b,8,2,4,8.22,4,11.68,1.054
qwen2.5:0.5b,8,2,5,8.22,4,3.75,0.905
qwen2.5:0.5b,8,2,6,8.22,4,11.42,0.806
qwen2.5:0.5b,8,2,0,8.22,6,8.01,1.014
qwen2.5:0.5b,8,2,1,8.22,6,8.76,1.473
qwen2.5:0.5b,8,2,2,8.22,6,8.14,1.108
qwen2.5:0.5b,8,2,3,8.22,6,9.3,0.589
qwen2.5:0.5b,8,2,4,8.22,6,12.74,1.497
qwen2.5:0.5b,8,2,5,8.22,6,12.13,1.318
qwen2.5:0.5b,8,2,6,8.22,6,10.99,0.807
qwen2.5:0.5b,8,2,0,8.22,8,10.21,1.221
qwen2.5:0.5b,8,2,1,8.22,8,9.73,0.953
qwen2.5:0.5b,8,2,2,8.22,8,10.0,0.43
qwen2.5:0.5b,8,2,3,8.22,8,11.15,0.507
qwen2.5:0.5b,8,2,4,8.22,8,13.9,0.976
qwen2.5:0.5b,8,2,5,8.22,8,9.06,1.393
qwen2.5:0.5b,8,2,6,8.22,8,8.22,1.162
qwen2.5:0.5b,8,2,0,8.22,10,9.67,0.84
qwen2.5:0.5b,8,2,1,8.22,10,7.74,1.018
qwen2.5:0.5b,8,2,2,8.22,10,8.01,1.092
qwen2.5:0.5b,8,2,3,8.22,10,8.1,1.044
qwen2.5:0.5b,8,2,4,8.22,10,11.51,0.887
qwen2.5:0.5b,8,2,5,8.22,10,10.78,1.254
qwen2.5:0.5b,8,2,6,8.22,10,8.66,1.098
qwen2.5:0.5b,8,2,0,8.22,12,8.01,1.106
qwen2.5:0.5b,8,2,1,8.22,12,8.61,1.452
qwen2.5:0.5b,8,2,2,8.22,12,10.12,0.63
qwen2.5:0.5b,8,2,3,8.22,12,9.56,0.843
qwen2.5:0.5b,8,2,4,8.22,12,12.33,0.91
qwen2.5:0.5b,8,2,5,8.22,12,9.19,1.01
qwen2.5:0.5b,8,2,6,8.22,12,8.88,0.892
qwen2.5:0.5b,10,0,0,10.07,0,12.78,0.729
qwen2.5:0.5b,10,0,1,10.07,0,10.6,1.458
qwen2.5:0.5b,10,0,2,10.07,0,11.53,0.707
qwen2.5:0.5b,10,0,3,10.07,0,7.76,0.609
qwen2.5:0.5b,10,0,4,10.07,0,14.96,0.66
qwen2.5:0.5b,10,0,5,10.07,0,9.68,0.98
qwen2.5:0.5b,10,0,6,10.07,0,10.66,0.834
qwen2.5:0.5b,10,0,0,10.07,2,14.88,0.726
qwen2.5:0.5b,10,0,1,10.07,2,10.25,0.845
qwen2.5:0.5b,10,0,2,10.07,2,13.73,0.529
qwen2.5:0.5b,10,0,3,10.07,2,11.09,0.456
qwen2.5:0.5b,10,0,4,10.07,2,14.1,1.359
qwen2.5:0.5b,10,0,5,10.07,2,9.98,0.992
qwen2.5:0.5b,10,0,6,10.07,2,10.79,1.421
qwen2.5:0.5b,10,0,0,10.07,4,9.94,1.358
qwen2.5:0.5b,10,0,1,10.07,4,12.29,0.623
qwen2.5:0.5b,10,0,2,10.07,4,9.88,1.712
qwen2.5:0.5b,10,0,3,10.07,4,13.38,0.534
qwen2.5:0.5b,10,0,4,10.07,4,9.6,1.295
qwen2.5:0.5b,10,0,5,10.07,4,5.78,1.055
qwen2.5:0.5b,10,0,6,10.07,4,10.3,1.331
qwen2.5:0.5b,10,0,0,10.07,6,6.72,0.564
qwen2.5:0.5b,10,0,1,10.07,6,10.11,1.035
qwen2.5:0.5b,10,0,2,10.07,6,10.1,1.512
qwen2.5:0.5b,10,0,3,10.07,6,12.45,0.774
qwen2.5:0.5b,10,0,4,10.07,6,9.78,0.526
qwen2.5:0.5b,10,0,5,10.07,6,10.26,1.578
qwen2.5:0.5b,10,0,6,10.07,6,12.13,0.616
qwen2.5:0.5b,10,0,0,10.07,8,12.66,0.955
qwen2.5:0.5b,10,0,1,10.07,8,11.68,0.93
qwen2.5:0.5b,10,0,2,10.07,8,10.1,1.5
qwen2.5:0.5b,10,0,3,10.07,8,12.48,0.99
qwen2.5:0.5b,10,0,4,10.07,8,8.8,0.621
qwen2.5:0.5b,10,0,5,10.07,8,10.1,1.514
qwen2.5:0.5b,10,0,6,10.07,8,10.75,1.489
qwen2.5:0.5b,10,0,0,10.07,10,9.82,1.511
qwen2.5:0.5b,10,0,1,10.07,10,9.62,1.349
qwen2.5:0.5b,10,0,2,10.07,10,12.81,1.04
qwen2.5:0.5b,10,0,3,10.07,10,13.09,0.641
qwen2.5:0.5b,10,0,4,10.07,10,3.65,0.446
qwen2.5:0.5b,10,0,5,10.07,10,9.87,1.338
qwen2.5:0.5b,10,0,6,10.07,10,10.2,1.12
qwen2.5:0.5b,10,0,0,10.07,12,10.76,1.473
qwen2.5:0.5b,10,0,1,10.07,12,7.86,0.535
qwen2.5:0.5b,10,0,2,10.07,12,8.9,0.488
qwen2.5:0.5b,10,0,3,10.07,12,15.02,0.49
qwen2.5:0.5b,10,0,4,10.07,12,11.84,0.989
qwen2.5:0.5b,10,0,5,10.07,12,10.87,2.356
qwen2.5:0.5b,10,0,6,10.07,12,10.79,1.474
qwen2.5:0.5b,10,1,0,10.1,0,10.01,1.483
qwen2.5:0.5b,10,1,1,10.1,0,7.21,0.54
qwen2.5:0.5b,10,1,2,10.1,0,9.62,1.837
qwen2.5:0.5b,10,1,3,10.1,0,12.38,0.788
qwen2.5:0.5b,10,1,4,10.1,0,13.25,1.201
qwen2.5:0.5b,10,1,5,10.1,0,0.83,0.718
qwen2.5:0.5b,10,1,6,10.1,0,10.52,0.87
qwen2.5:0.5b,10,1,0,10.1,2,12.01,1.441
qwen2.5:0.5b,10,1,1,10.1,2,11.76,2.056
qwen2.5:0.5b,10,1,2,10.1,2,11.47,1.425
qwen2.5:0.5b,10,1,3,10.1,2,12.41,0.66
qwen2.5:0.5b,10,1,4,10.1,2,16.26,1.251
qwen2.5:0.5b,10,1,5,10.1,2,10.03,1.697
qwen2.5:0.5b,10,1,6,10.1,2,9.61,1.805
qwen2.5:0.5b,10,1,0,10.1,4,12.91,1.452
qwen2.5:0.5b,10,1,1,10.1,4,9.66,1.143
qwen2.5:0.5b,10,1,2,10.1,4,9.53,1.205
qwen2.5:0.5b,10,1,3,10.1,4,11.4,1.081
qwen2.5:0.5b,10,1,4,10.1,4,16.22,1.272
qwen2.5:0.5b,10,1,5,10.1,4,3.85,0.972
qwen2.5:0.5b,10,1,6,10.1,4,11.46,1.566
qwen2.5:0.5b,10,1,0,10.1,6,10.19,1.767
qwen2.5:0.5b,10,1,1,10.1,6,12.03,1.614
qwen2.5:0.5b,10,1,2,10.1,6,10.62,1.573
qwen2.5:0.5b,10,1,3,10.1,6,11.35,0.801
qwen2.5:0.5b,10,1,4,10.1,6,5.41,0.487
qwen2.5:0.5b,10,1,5,10.1,6,10.17,1.789
qwen2.5:0.5b,10,1,6,10.1,6,9.82,2.983
qwen2.5:0.5b,10,1,0,10.1,8,13.66,1.075
qwen2.5:0.5b,10,1,1,10.1,8,11.48,1.557
qwen2.5:0.5b,10,1,2,10.1,8,11.42,1.428
qwen2.5:0.5b,10,1,3,10.1,8,14.44,0.492
qwen2.5:0.5b,10,1,4,10.1,8,12.65,1.222
qwen2.5:0.5b,10,1,5,10.1,8,10.46,1.345
qwen2.5:0.5b,10,1,6,10.1,8,9.65,1.998
qwen2.5:0.5b,10,1,0,10.1,10,9.36,1.918
qwen2.5:0.5b,10,1,1,10.1,10,9.78,1.485
qwen2.5:0.5b,10,1,2,10.1,10,10.17,2.602
qwen2.5:0.5b,10,1,3,10.1,10,11.96,0.614
qwen2.5:0.5b,10,1,4,10.1,10,15.55,1.046
qwen2.5:0.5b,10,1,5,10.1,10,8.37,1.329
qwen2.5:0.5b,10,1,6,10.1,10,15.29,0.715
qwen2.5:0.5b,10,1,0,10.1,12,11.83,1.262
qwen2.5:0.5b,10,1,1,10.1,12,10.08,0.871
qwen2.5:0.5b,10,1,2,10.1,12,10.56,1.656
qwen2.5:0.5b,10,1,3,10.1,12,12.97,0.953
qwen2.5:0.5b,10,1,4,10.1,12,14.47,0.726
qwen2.5:0.5b,10,1,5,10.1,12,10.35,0.947
qwen2.5:0.5b,10,1,6,10.1,12,9.02,1.072
qwen2.5:0.5b,10,2,0,10.2,0,14.62,1.013
qwen2.5:0.5b,10,2,1,10.2,0,12.34,0.699
qwen2.5:0.5b,10,2,2,10.2,0,11.67,0.9
qwen2.5:0.5b,10,2,3,10.2,0,13.61,0.797
qwen2.5:0.5b,10,2,4,10.2,0,12.24,0.897
qwen2.5:0.5b,10,2,5,10.2,0,12.85,0.864
qwen2.5:0.5b,10,2,6,10.2,0,11.09,0.732
qwen2.5:0.5b,10,2,0,10.2,2,12.7,1.033
qwen2.5:0.5b,10,2,1,10.2,2,10.72,0.905
qwen2.5:0.5b,10,2,2,10.2,2,10.47,0.887
qwen2.5:0.5b,10,2,3,10.2,2,11.69,0.614
qwen2.5:0.5b,10,2,4,10.2,2,8.18,0.559
qwen2.5:0.5b,10,2,5,10.2,2,1.99,0.699
qwen2.5:0.5b,10,2,6,10.2,2,11.16,0.836
qwen2.5:0.5b,10,2,0,10.2,4,10.61,0.793
qwen2.5:0.5b,10,2,1,10.2,4,12.06,0.911
qwen2.5:0.5b,10,2,2,10.2,4,13.57,0.808
qwen2.5:0.5b,10,2,3,10.2,4,13.02,0.727
qwen2.5:0.5b,10,2,4,10.2,4,9.03,0.939
qwen2.5:0.5b,10,2,5,10.2,4,5.87,0.737
qwen2.5:0.5b,10,2,6,10.2,4,11.61,0.837
qwen2.5:0.5b,10,2,0,10.2,6,11.74,0.999
qwen2.5:0.5b,10,2,1,10.2,6,12.04,0.919
qwen2.5:0.5b,10,2,2,10.2,6,11.12,1.05
qwen2.5:0.5b,10,2,3,10.2,6,10.73,0.449
qwen2.5:0.5b,10,2,4,10.2,6,4.25,0.482
qwen2.5:0.5b,10,2,5,10.2,6,14.29,0.623
qwen2.5:0.5b,10,2,6,10.2,6,10.76,0.973
qwen2.5:0.5b,10,2,0,10.2,8,11.99,0.996
qwen2.5:0.5b,10,2,1,10.2,8,10.41,1.014
qwen2.5:0.5b,10,2,2,10.2,8,11.8,0.746
qwen2.5:0.5b,10,2,3,10.2,8,13.23,0.554
qwen2.5:0.5b,10,2,4,10.2,8,11.29,1.054
qwen2.5:0.5b,10,2,5,10.2,8,11.76,0.803
qwen2.5:0.5b,10,2,6,10.2,8,13.22,0.781
qwen2.5:0.5b,10,2,0,10.2,10,10.07,0.992
qwen2.5:0.5b,10,2,1,10.2,10,13.24,0.785
qwen2.5:0.5b,10,2,2,10.2,10,11.3,0.939
qwen2.5:0.5b,10,2,3,10.2,10,11.17,0.611
qwen2.5:0.5b,10,2,4,10.2,10,13.3,1.57
qwen2.5:0.5b,10,2,5,10.2,10,12.02,1.074
qwen2.5:0.5b,10,2,6,10.2,10,9.32,4.857
qwen2.5:0.5b,10,2,0,10.2,12,12.91,0.857
qwen2.5:0.5b,10,2,1,10.2,12,12.49,0.834
qwen2.5:0.5b,10,2,2,10.2,12,11.74,0.817
qwen2.5:0.5b,10,2,3,10.2,12,9.26,0.451
qwen2.5:0.5b,10,2,4,10.2,12,12.94,0.821
qwen2.5:0.5b,10,2,5,10.2,12,12.3,0.839
qwen2.5:0.5b,10,2,6,10.2,12,13.08,0.735
qwen2.5:0.5b,12,0,0,11.81,0,13.56,0.82
qwen2.5:0.5b,12,0,1,11.81,0,11.48,2.353
qwen2.5:0.5b,12,0,2,11.81,0,13.49,1.245
qwen2.5:0.5b,12,0,3,11.81,0,5.68,0.442
qwen2.5:0.5b,12,0,4,11.81,0,16.05,1.244
qwen2.5:0.5b,12,0,5,11.81,0,12.47,1.444
qwen2.5:0.5b,12,0,6,11.81,0,15.66,0.88
qwen2.5:0.5b,12,0,0,11.81,2,13.64,1.418
qwen2.5:0.5b,12,0,1,11.81,2,12.19,2.656
qwen2.5:0.5b,12,0,2,11.81,2,13.08,2.128
qwen2.5:0.5b,12,0,3,11.81,2,15.48,0.629
qwen2.5:0.5b,12,0,4,11.81,2,15.57,0.995
qwen2.5:0.5b,12,0,5,11.81,2,15.2,0.762
qwen2.5:0.5b,12,0,6,11.81,2,11.57,1.298
qwen2.5:0.5b,12,0,0,11.81,4,11.86,2.295
qwen2.5:0.5b,12,0,1,11.81,4,11.95,2.449
qwen2.5:0.5b,12,0,2,11.81,4,11.92,0.691
qwen2.5:0.5b,12,0,3,11.81,4,15.22,0.526
qwen2.5:0.5b,12,0,4,11.81,4,12.67,1.531
qwen2.5:0.5b,12,0,5,11.81,4,3.82,0.944
qwen2.5:0.5b,12,0,6,11.81,4,12.34,2.214
qwen2.5:0.5b,12,0,0,11.81,6,11.77,2.728
qwen2.5:0.5b,12,0,1,11.81,6,11.8,2.274
qwen2.5:0.5b,12,0,2,11.81,6,13.24,1.087
qwen2.5:0.5b,12,0,3,11.81,6,13.04,0.536
qwen2.5:0.5b,12,0,4,11.81,6,15.87,1.153
qwen2.5:0.5b,12,0,5,11.81,6,10.5,3.484
qwen2.5:0.5b,12,0,6,11.81,6,8.93,1.164
qwen2.5:0.5b,12,0,0,11.81,8,12.54,2.914
qwen2.5:0.5b,12,0,1,11.81,8,11.68,3.018
qwen2.5:0.5b,12,0,2,11.81,8,10.77,1.851
qwen2.5:0.5b,12,0,3,11.81,8,13.79,1.449
qwen2.5:0.5b,12,0,4,11.81,8,16.42,1.082
qwen2.5:0.5b,12,0,5,11.81,8,11.81,2.668
qwen2.5:0.5b,12,0,6,11.81,8,13.73,0.824
qwen2.5:0.5b,12,0,0,11.81,10,15.3,1.688
qwen2.5:0.5b,12,0,1,11.81,10,13.03,2.218
qwen2.5:0.5b,12,0,2,11.81,10,13.08,0.847
qwen2.5:0.5b,12,0,3,11.81,10,12.0,0.562
qwen2.5:0.5b,12,0,4,11.81,10,14.96,1.157
qwen2.5:0.5b,12,0,5,11.81,10,13.86,1.624
qwen2.5:0.5b,12,0,6,11.81,10,12.35,1.019
qwen2.5:0.5b,12,0,0,11.81,12,11.29,2.211
qwen2.5:0.5b,12,0,1,11.81,12,11.5,2.541
qwen2.5:0.5b,12,0,2,11.81,12,14.74,1.721
qwen2.5:0.5b,12,0,3,11.81,12,14.27,0.475
qwen2.5:0.5b,12,0,4,11.81,12,12.05,2.667
qwen2.5:0.5b,12,0,5,11.81,12,11.47,2.791
qwen2.5:0.5b,12,0,6,11.81,12,12.6,1.852
qwen2.5:0.5b,12,1,0,11.54,0,9.16,1.318
qwen2.5:0.5b,12,1,1,11.54,0,10.97,2.476
qwen2.5:0.5b,12,1,2,11.54,0,10.76,1.182
qwen2.5:0.5b,12,1,3,11.54,0,10.07,1.843
qwen2.5:0.5b,12,1,4,11.54,0,10.92,1.777
qwen2.5:0.5b,12,1,5,11.54,0,9.87,1.026
qwen2.5:0.5b,12,1,6,11.54,0,9.78,1.693
qwen2.5:0.5b,12,1,0,11.54,2,9.64,1.686
qwen2.5:0.5b,12,1,1,11.54,2,10.95,2.41
qwen2.5:0.5b,12,1,2,11.54,2,11.54,1.372
qwen2.5:0.5b,12,1,3,11.54,2,14.71,0.749
qwen2.5:0.5b,12,1,4,11.54,2,11.34,1.373
qwen2.5:0.5b,12,1,5,11.54,2,9.7,1.446
qwen2.5:0.5b,12,1,6,11.54,2,10.64,1.222
qwen2.5:0.5b,12,1,0,11.54,4,10.0,1.456
qwen2.5:0.5b,12,1,1,11.54,4,10.52,2.082
qwen2.5:0.5b,12,1,2,11.54,4,10.5,2.185
qwen2.5:0.5b,12,1,3,11.54,4,9.81,0.89
qwen2.5:0.5b,12,1,4,11.54,4,10.03,1.713
qwen2.5:0.5b,12,1,5,11.54,4,3.74,0.993
qwen2.5:0.5b,12,1,6,11.54,4,9.45,1.73
qwen2.5:0.5b,12,1,0,11.54,6,11.13,1.754
qwen2.5:0.5b,12,1,1,11.54,6,11.68,1.597
qwen2.5:0.5b,12,1,2,11.54,6,10.79,1.732
qwen2.5:0.5b,12,1,3,11.54,6,9.86,1.128
qwen2.5:0.5b,12,1,4,11.54,6,11.12,0.982
qwen2.5:0.5b,12,1,5,11.54,6,10.6,2.289
qwen2.5:0.5b,12,1,6,11.54,6,11.38,2.473
qwen2.5:0.5b,12,1,0,11.54,8,11.26,1.785
qwen2.5:0.5b,12,1,1,11.54,8,10.85,2.338
qwen2.5:0.5b,12,1,2,11.54,8,10.88,2.136
qwen2.5:0.5b,12,1,3,11.54,8,12.45,0.675
qwen2.5:0.5b,12,1,4,11.54,8,12.44,2.042
qwen2.5:0.5b,12,1,5,11.54,8,11.25,1.799
qwen2.5:0.5b,12,1,6,11.54,8,10.3,1.686
qwen2.5:0.5b,12,1,0,11.54,10,10.28,1.71
qwen2.5:0.5b,12,1,1,11.54,10,10.02,1.681
qwen2.5:0.5b,12,1,2,11.54,10,11.28,2.196
qwen2.5:0.5b,12,1,3,11.54,10,11.38,0.59
qwen2.5:0.5b,12,1,4,11.54,10,11.5,1.286
qwen2.5:0.5b,12,1,5,11.54,10,11.41,1.17
qwen2.5:0.5b,12,1,6,11.54,10,12.33,1.26
qwen2.5:0.5b,12,1,0,11.54,12,10.72,1.452
qwen2.5:0.5b,12,1,1,11.54,12,9.39,1.89
qwen2.5:0.5b,12,1,2,11.54,12,11.25,2.528
qwen2.5:0.5b,12,1,3,11.54,12,11.89,1.187
qwen2.5:0.5b,12,1,4,11.54,12,3.65,0.471
qwen2.5:0.5b,12,1,5,11.54,12,12.29,1.887
qwen2.5:0.5b,12,1,6,11.54,12,11.51,2.345
qwen2.5:0.5b,12,2,0,11.65,0,11.78,1.133
qwen2.5:0.5b,12,2,1,11.65,0,11.61,1.137
qwen2.5:0.5b,12,2,2,11.65,0,13.45,1.103
qwen2.5:0.5b,12,2,3,11.65,0,12.69,0.659
qwen2.5:0.5b,12,2,4,11.65,0,10.73,1.083
qwen2.5:0.5b,12,2,5,11.65,0,12.12,1.008
qwen2.5:0.5b,12,2,6,11.65,0,14.43,0.944
qwen2.5:0.5b,12,2,0,11.65,2,12.05,1.042
qwen2.5:0.5b,12,2,1,11.65,2,9.59,0.946
qwen2.5:0.5b,12,2,2,11.65,2,10.56,1.192
qwen2.5:0.5b,12,2,3,11.65,2,12.22,0.913
qwen2.5:0.5b,12,2,4,11.65,2,9.8,1.101
qwen2.5:0.5b,12,2,5,11.65,2,11.65,0.791
qwen2.5:0.5b,12,2,6,11.65,2,7.27,0.591
qwen2.5:0.5b,12,2,0,11.65,4,11.26,1.247
qwen2.5:0.5b,12,2,1,11.65,4,12.77,1.154
qwen2.5:0.5b,12,2,2,11.65,4,10.95,1.147
qwen2.5:0.5b,12,2,3,11.65,4,11.2,1.177
qwen2.5:0.5b,12,2,4,11.65,4,13.59,1.499
qwen2.5:0.5b,12,2,5,11.65,4,3.09,0.616
qwen2.5:0.5b,12,2,6,11.65,4,11.02,1.332
qwen2.5:0.5b,12,2,0,11.65,6,12.48,1.196
qwen2.5:0.5b,12,2,1,11.65,6,12.65,2.741
qwen2.5:0.5b,12,2,2,11.65,6,13.84,1.083
qwen2.5:0.5b,12,2,3,11.65,6,9.02,0.539
qwen2.5:0.5b,12,2,4,11.65,6,14.67,0.607
qwen2.5:0.5b,12,2,5,11.65,6,12.57,0.919
qwen2.5:0.5b,12,2,6,11.65,6,10.89,1.608
qwen2.5:0.5b,12,2,0,11.65,8,12.55,0.954
qwen2.5:0.5b,12,2,1,11.65,8,11.82,1.164
qwen2.5:0.5b,12,2,2,11.65,8,12.69,0.935
qwen2.5:0.5b,12,2,3,11.65,8,12.0,0.618
qwen2.5:0.5b,12,2,4,11.65,8,13.8,0.868
qwen2.5:0.5b,12,2,5,11.65,8,12.62,1.245
qwen2.5:0.5b,12,2,6,11.65,8,7.21,1.086
qwen2.5:0.5b,12,2,0,11.65,10,10.71,1.035
qwen2.5:0.5b,12,2,1,11.65,10,13.79,1.039
qwen2.5:0.5b,12,2,2,11.65,10,11.5,1.294
qwen2.5:0.5b,12,2,3,11.65,10,14.1,0.631
qwen2.5:0.5b,12,2,4,11.65,10,12.78,0.617
qwen2.5:0.5b,12,2,5,11.65,10,17.82,0.692
qwen2.5:0.5b,12,2,6,11.65,10,11.15,0.897
qwen2.5:0.5b,12,2,0,11.65,12,12.2,1.1
qwen2.5:0.5b,12,2,1,11.65,12,13.27,1.098
qwen2.5:0.5b,12,2,2,11.65,12,13.11,0.95
qwen2.5:0.5b,12,2,3,11.65,12,11.77,0.894
qwen2.5:0.5b,12,2,4,11.65,12,7.58,0.525
qwen2.5:0.5b,12,2,5,11.65,12,11.17,1.782
qwen2.5:0.5b,12,2,6,11.65,12,12.84,0.755
