mistral:7b,0,0,0,0," Maria enjoyed counting numbers!

She liked to add one and one to make two.
Two and two made four.
Three and three made six.

But she didn't know what happens when you add four and four. So, she asked her mom!

Her mom said that four and four is eight.
""Oh!"" Maria exclaimed, ""Now I know! I am four years old now. In four more years, I will be eight.""

Maria was a quick learner!"
mistral:7b,0,0,0,1," Maria enjoys counting numbers! Counting numbers is fun for her. It's simple to count numbers. Maria knows that one and one make two. She also knows that two and two make four, and three and three make six. But she didn't know what happens when you add four and four together. So she asked her mom. Her mom told her that four and four make eight! ""I see now,"" Maria said happily. ""I am four years old right now. In just four more years, I will be eight!"" Maria is a quick learner. She isn't slow at learning."
mistral:7b,0,0,0,2," Maria learns to add numbers.

She likes adding numbers. It's easy!

She knows one and one make two.
Two and two make four.
Three and three make six.

But what about four and four?
Mom helps, saying ""four and four make eight.""
""Oh!"" says Maria. ""I know now.""

She's four years old. In four more years, she'll be eight!
Maria learns fast!"
mistral:7b,0,0,0,3," Rewrite the following passage for Grade 0 readers:

Maria enjoys counting numbers. She likes to put numbers together. It's simple to join numbers together. She knows that one and one make two. She also knows that two and two make four. And she understands that three and three make six. However, she didn't know what happens when you add four and four. So she asked her mom. Her mom said that when you add four and four, you get eight. ""Oh, now I understand,"" Maria said. ""I am turning four this year. In four more years, I will be eight."" Maria is a clever learner. She isn't a slow learner."
0,0,0," Maria play add number. Maria like play add number. Number easy to add. Maria can add one and one. One and one equal two. Two and two equal four. Three and three equal six.

Big problem: Maria don't know what four and four are. Ask mommy. Mommy say four and four equal eight.

""Oh, now I know,"" Maria say. ""Me four year old now. In four more year, me eight.""

Maria smart learner. Maria no slow learner."
0,0,0,1017456495,66866912,189,46744000,112,870699000
mistral:7b,0,0,0,4," That's a lovely interaction you've shared! It indeed shows how Maria is learning and growing. Her ability to understand basic addition and then ask for help when needed shows her curiosity and eagerness to learn.

It's also interesting that she relates the concept of four plus four to her age, showing an understanding of both numbers and herself at a young age. This is a sign of a smart and thoughtful child. Keep nurturing her interest in learning!"
mistral:7b,0,0,0,5," Maria plays with numbers!

She loves adding numbers.
Adding numbers is fun and easy!
She can add one and one.
One and one make two!
Two and two make four!
Three and three make six!
But she doesn't know what happens when you add four and four.
She asks her mom.
Her mom tells her that four and four make eight.
""Now I understand!"" says Maria.
Maria is already four years old.
In four more years, she will be eight.
Maria learns fast, not slow."
mistral:7b,0,0,0,6," Maria learns to add numbers. She likes adding numbers. Adding numbers is easy. She adds one and one, they make two. Two and two make four. Three and three make six. But what about four and four? She asks mom. Mom says four and four make eight. ""I know now!"" Maria says. ""I'm 4 years old, in 4 more years, I'll be 8."" Maria learns fast. Not slow."
mistral:7b,0,0,2,0," Maria enjoyed learning to add numbers. Adding numbers was fun for her! She knew that one and one make two, and two and two make four. But she didn't know what four and four make. So, she asked her mom. Her mom said that four and four make eight! ""Oh, I see now,"" said Maria happily. ""I am four years old right now. If I turn four more years older, I will be eight!"" Maria was a quick learner. She wasn't a slow learner at all!"
mistral:7b,0,0,2,1," Maria enjoyed learning to add numbers. It's fun to add numbers! She knew that one and one make two, two and two make four, and three and three make six. But she didn't know what happens when you add four and four. So, she asked her mom. Her mom said, ""Four and four are eight!"" Maria smiled, ""I see now! I am 4 years old. If I turn 8 in 4 more years."" Maria was a smart learner!"
mistral:7b,0,0,2,2," Maria learns to add numbers. She enjoys adding numbers. Adding numbers is fun for her. She knows one and one make two. And two and two make four. Three and three make six. But she doesn't know what happens with four and four. So, she asks Mom. Mom tells her that four and four make eight. ""I see now,"" says Maria. ""I am four years old already. In four more years, I will be eight!"" Maria learns quickly. She isn't a slow learner."
mistral:7b,0,0,2,3," Rewrite the passage so it is suitable for Grade 2 readers:

Maria enjoys learning to add numbers. Adding numbers is fun! She knows how to add one and one - that makes two! She also knows two and two make four, and three and three make six. But she wasn't sure what happens when you add four and four. So, she asked her mom. Her mom said that four and four make eight. ""Wow, I get it now!"" Maria exclaimed. ""I am four years old, and in four more years, I will be eight!"" Maria is a smart learner. She isn't a slow learner."
0,0,2," Maria play learn numbers add. Maria like play add numbers. Easy for Maria add numbers. Know one and one make two. Know two and two make four. Know three and three make six. Forget what four and four are. Ask mommy. Mommy tell, four and four make eight. ""Oh, know now,"" Maria say. ""Me four years old now. In four more year, me eight."" Maria fast learner. Not slow learner."
0,0,2,890896973,63169468,189,47279000,96,749624000
mistral:7b,0,0,2,4," It's wonderful to see Maria learning numbers so enthusiastically! She seems to have a good grasp on basic addition up to six. When she forgets that four plus four equals eight, she asks her mommy for help, and then quickly understands the answer.

Maria also shows an understanding of how many more years she needs to reach a certain age. At four years old, she realizes that in four more years, she will be eight. This is a great sign of Maria's cognitive development! Keep encouraging her curiosity and learning, as she seems to have a fast mind and enjoys the process of discovery."
mistral:7b,0,0,2,5," Here comes the story about Maria:

Maria enjoys adding numbers! Adding numbers is fun for her. It's simple to add one and one, she knows it makes two. She also knows that two and two make four, and three and three make six. But she got stuck when trying to figure out what four and four make. So, Maria asked mommy. Mommy told her that four and four are eight! ""Now I get it,"" said Maria. ""I'm already four years old. If I count up by fours, in four more years, I will be eight!"" Maria learns fast, not slow!"
mistral:7b,0,0,2,6," Maria learns to add numbers. She enjoys adding numbers. It's simple to add numbers. She can add one and one, they make two. Two and two make four. Three and three make six. But she didn't know what four and four are. She asked her mom. Her mom said four and four make eight. ""I know now,"" Maria said. ""I am four, in four more years I'll be eight."" Maria is a quick learner, not slow."
mistral:7b,0,0,4,0," Maria enjoyed learning to add numbers. Adding numbers was fun! She knew that one and one make two, two and two make four, and three and three make six. But she wondered, what do four and four make? So, she asked her mom. Her mom said four and four make eight. ""Wow, I get it now!"" Maria exclaimed. ""Since I'm 4 years old, in 4 more years, I'll be 8!"" Maria was a quick learner. She wasn't slow at all."
mistral:7b,0,0,4,1," Maria enjoys adding numbers! It's fun to add numbers because it's simple. She can easily add one and one to make two. And two plus two equals four. Three added with three makes six too! But she wondered, ""What happens when you add four and four?"" So, she asked her mom. Her mom explained that four and four is eight. Maria smiled and said, ""I get it now!"" She's 4 years old already and will be 8 in 4 more years. See, Maria is a quick learner!"
mistral:7b,0,0,4,2," Maria enjoys adding numbers. It's fun to add numbers! Adding one and one makes two. Two and two make four. Three plus three equals six. But what about four plus four? Maria didn't know, so she asked her mom. Her mom told her that four and four are eight. ""I see!"" Maria said. She's only four now, but in 4 more years, she will be 8! Maria is a quick learner. She isn't a slow learner."
mistral:7b,0,0,4,3," Rewrite the following passage so it is suitable for Grade 4 readers:

Maria enjoys adding numbers. One of her favorite things to do is add numbers together. It's simple to combine numbers. For instance, one plus one equals two, and two plus two equals four. Three added to three makes six. However, she was unsure about what happens when you add four and four. So, she asked her mom for help. Her mom explained that four plus four is eight. Maria excitedly exclaimed, ""Now I understand!"" She also realized that in four more years, she will be eight years old. Maria demonstrates quick learning skills as she catches on to new things easily."
0,0,4," Maria enjoyed learning to add numbers. It was fun for her to add numbers. Adding one and one was simple, she knew it made two. And she knew adding two and two gave her four. Plus, three and three made six. But she got stuck with four and four. So, she asked her mom. Her mom told her that four and four are eight. ""Now I get it,"" said Maria happily. ""I am four years old right now. In four more years, I'll be eight!"" Maria was a quick learner. She wasn't a slow learner."
0,0,4,1128066381,79904792,189,48164000,123,968324000
mistral:7b,0,0,4,4," It seems Maria has demonstrated a good understanding of basic arithmetic at her age! Her ability to grasp the concept of adding numbers and applying it to her own age is quite impressive. However, your statement that she ""wasn't a slow learner"" might not be entirely accurate, as everyone learns at their own pace. It's important to celebrate small achievements and growth in understanding, regardless of how quickly or slowly it happens. Keep up the great work, Maria!"
mistral:7b,0,0,4,5," Hello Maria!

You're doing great with your math learning! You like adding numbers and it's fun to see the answers grow. You know that one plus one makes two, two plus two makes four, and three plus three makes six. But you wondered what happens when you add four and four together. Your mom told you that the answer is eight.

You felt happy because now you understand this number combination. And here's an interesting fact: in just four more years, you'll be eight! You're a quick learner Maria, keep it up!"
mistral:7b,0,0,4,6," Maria learns to add numbers, it's fun!

She likes adding numbers, easy-peasy.

One and one make two, she knows that.

Two and two make four, no problemo.

Three and three make six, got it!

But she didn't know what four and four make.

So she asked her mom for help.

Mom said, ""Four and four make eight!""

""Now I get it!"" Maria said with a smile.

She's only four, but smart as a whiz!

She'll be eight in just four more years!"
mistral:7b,0,0,6,0," Maria enjoyed adding numbers. It was simple to add one and one – they make two. Two plus two equals four. Three added with three results in six. But Maria didn't know what happens when you add four and four together. So, she asked her mom. Her mom explained that four and four are eight. ""I see!"" Maria exclaimed. ""Since I am 4 years old now, in another 4 years, I will be 8."" Maria proved to be a quick learner!"
mistral:7b,0,0,6,1," Maria enjoyed learning to add numbers. Adding numbers was fun for her. It was simple to add one and one – they make two. Two plus two equals four. Three plus three gives six. But Maria didn't know what happens when you add four and four together. She asked her mom, who told her that four plus four equals eight. ""I get it now,"" said Maria. ""Since I'm 4 years old, in 4 more years, I'll be 8!"" Maria proved to be a quick learner. She wasn't slow at all."
mistral:7b,0,0,6,2," Maria enjoyed adding numbers. It was fun to add numbers! She knew how to add one and one (which equals two), as well as two and two (equals four) and three and three (equals six). However, she wasn't sure about what happens when you add four and four. So, she asked her mom for help. Her mom explained that four and four is equal to eight. Maria was delighted! ""Now I know,"" she said with a smile. She realized she would be eight years old in four more years because of this new knowledge. Maria was a quick learner!"
mistral:7b,0,0,6,3," Rewrite the passage so it is appropriate for Grade 6 readers:

Maria discovered she was mastering addition of numbers. She enjoyed adding numbers as it came naturally to her. She had no trouble adding one and one, knowing that their sum equals two. Similarly, she grasped adding two and two, realizing this results in four. And she understood that three plus three makes six. However, she was unsure about what four plus four amounts to. To find out, she questioned her mom who informed her that four and four equal eight. ""Ah, now I understand,"" Maria exclaimed. ""I am currently 4 years old. In another four years, I will be 8."" Maria proved herself to be a quick study rather than a slow one."
0,0,6," Maria learned to add numbers, and she enjoyed it! It was simple to add numbers, like one and one, which equals two. And she knew that two plus two makes four. Also, three added together with three is six. But she didn't know what happens when you add four and four. So, she asked her mommy for help. Her mommy explained that four and four make eight. Maria smiled and said, ""Now I get it!"" Then she thought, ""I am turning 4 years old soon. In 4 more years, I'll be 8!"" Maria was a quick learner!"
0,0,6,1175425131,76258480,189,48034000,129,1019797000
mistral:7b,0,0,6,4," That's wonderful to hear that Maria is learning addition so well! Her understanding of basic arithmetic will certainly serve her well in the future.

Yes, you're correct. Four plus four does indeed make eight. This is a great example of how mathematical concepts can help children think about and visualize time as well. So, Maria will indeed be turning 8 when she's 4 years older! Keep up the good work, Maria, and don't forget to ask for help whenever you need it. It shows courage and determination."
mistral:7b,0,0,6,5," Here's the adjusted passage for Grade 6 readers using the Flesch-Kincaid Grade scale:

Bob purchased an old house that needed some work. The previous owners had to give up the house because they couldn't pay their mortgage. House flippers bought it and fixed it up, but Bob found out later that many of the improvements were just cosmetic. For example, new stainless steel appliances were put in the kitchen, but the electrical system wasn't updated. This caused power outages every time Bob used the dishwasher or coffee machine, costing him over $1,000 to fix.

The house flippers also put new carpets over the original hardwood floors. Bob decided to replace the old, ugly oatmeal-colored carpet and refinish the wood floors, which cost another $3,000. The house was also poorly insulated, so it got really hot in the summer and cold in the winter. Cheap windows were installed, but Bob hired a contractor to put in new double-pane storm windows and install ceiling fans. That cost him a few thousand more dollars.

To make the house more energy efficient, Bob leased solar panels that were installed on the roof. This not only lowered his electric bill, but it also added value to the home. Within two years, all of the changes Bob made to the house cost over $20,000. But during that same time, the value of the house went up almost $100,000! Bob was happy because he knew when he sold the house, he would get more money than he paid for it."
mistral:7b,0,0,6,6," Maria learns to add numbers, finding it enjoyable. Adding numbers is simple for her – she knows one and one make two, two and two make four, and three and three make six. However, she doesn't know what four and four equal. So, she asks her mom, who explains that four and four are eight. Maria rejoices, ""I get it now!"" She realizes that at age 4, in 4 more years, she will be 8 – a double of her current age. Maria is quick at learning new things; she's not a slow learner."
mistral:7b,0,0,8,0," Maria enjoyed learning to add numbers. Adding numbers was simple for her. She knew that one plus one equals two, and two plus two equals four. She also figured out three plus three is six. However, she didn't know what four plus four equals. She asked her mom, who told her it's eight. Excitedly, Maria realized this means in another four years, when she turns eight, she would have doubled her current age!"
mistral:7b,0,0,8,1," Maria enjoys adding numbers, finding it simple to do so. She knows that one and one make two, while two and two make four, and three and three make six. However, she wasn't sure what four and four would total. So, she asked her mom who explained that four and four equal eight. ""Now I get it!"" Maria said with excitement. ""I'm four years old now. In four more years, I'll be eight."" Maria is a quick learner, not someone who struggles to grasp concepts."
mistral:7b,0,0,8,2," Maria enjoys adding numbers, it's fun! Adding one and one gives two, two and two makes four, and three plus three equals six. But she couldn't figure out what happens with four and four. So she asked her mom, who said they make eight. ""I get it now!"" Maria exclaimed. Being four years old, in another four years, she'll be eight herself – a great learner indeed!"
mistral:7b,0,0,8,3," Rewrite the passage so it is appropriate for Grade 8 readers:

Maria was starting to master addition. She enjoyed working with numbers. It wasn't difficult to add numbers. She could easily combine one and one, knowing that their sum was two. Similarly, she recognized that two plus two equals four, and three plus three equaled six. However, this was the extent of her knowledge. She found herself at a loss when attempting to figure out what four plus four equals. She turned to her mother for help. Her mother informed her that four plus four totals eight. ""Now I understand,"" Maria said. ""I am currently in the fourth grade and will be eight years old in four more years."" Maria demonstrated a quick learning ability, as she was not considered a slow learner."
0,0,8," Maria enjoyed learning to add numbers. It was fun for her to add numbers. Adding numbers was simple for her. She knew how to add one and one, they equal two. She also knew that two and two make four. And she learned that three plus three equals six. However, she didn't know what happens when you add four and four together. So, she asked her mom. Her mom told her that four and four total eight. ""Now I understand!"" Maria exclaimed. ""I am 4 years old now, and in 4 more years, I will be 8."" Maria was a quick learner. She wasn't a slow learner."
0,0,8,1274563366,78618574,189,47442000,140,1114458000
mistral:7b,0,0,8,4," It seems like Maria is not only a quick learner but also has a good sense of understanding concepts and their real-world applications! In four years, she will indeed be eight. Keep fostering her love for learning, it's wonderful to see children with such enthusiasm!

On the topic of addition, here are some exercises that Maria can practice:
1. Add numbers up to 20.
2. Find missing numbers in simple addition problems like 3 + ? = 6 or 5 + ? = 7.
3. Practice adding three-digit numbers using the ""carry over"" method.
4. Solve word problems that involve addition, such as if Maria has 3 apples and her friend brings 2 apples, how many apples do they have together?
5. Play simple addition games to make learning fun, like adding the numbers on dice or card games designed for addition practice."
mistral:7b,0,0,8,5," At a wedding party, there's often fun for everyone! A person called the Master of Ceremonies (MC) helps things run smoothly by making announcements. For example, the MC might tell when the newlywed couple enters, and guests would stand up to applaud. There's usually music for dancing, which could be played by a DJ or live band. Sometimes guests can ask for their favorite songs. The happy couple will dance together first, usually to a romantic song they picked beforehand. They might also have special dances with family members like the bride with her father and groom with his mother.

Food is served in different ways too – sometimes it's a buffet where everyone helps themselves, or it could be a sit-down meal served by waiters. Guests get to choose between chicken, fish, or meat dishes when they reply to the wedding invitation.

At weddings, the bride and groom are usually busy greeting guests, so visitors may not get much time with them. They typically do get to enjoy the wedding cake though! The couple traditionally cuts the cake together before feeding each other a bite. Now you know about wedding receptions!"
mistral:7b,0,0,8,6," Maria learned to add numbers. She enjoyed adding numbers, as it was simple and fun. For instance, one plus one equals two, and two plus two equals four. Three added with three results in six. However, she wasn't sure about what four added with four would be. So, she asked her mom. Her mom explained that four added with four equals eight. ""Now I get it,"" Maria exclaimed. ""Since I am four now, in another four years, I will turn eight."" Evidently, Maria was a quick learner, not slow."
mistral:7b,0,0,10,0," Maria enjoyed learning to add numbers. Adding numbers was simple for her. She knew that one plus one equals two, and two plus two equals four. She also figured out that three plus three equals six. However, she didn't know the sum of four plus four. So, she asked her mother. Her mother told her that four plus four equals eight. Excitedly, Maria said, ""Now I understand! Since I am four years old now, in four more years, I will be eight."" Maria demonstrated quick learning abilities. She wasn't a slow learner."
mistral:7b,0,0,10,1," Maria discovered how to combine numbers. She enjoyed adding numbers together. It was straightforward to add numbers. For instance, one plus one equals two. Likewise, two plus two equals four, and three plus three equals six. However, she was puzzled about what four plus four equaled. So, she asked her mother for help. Her mother informed her that four plus four is eight. ""Ah, now I get it!"" Maria exclaimed. ""I'm currently four years old, and in another four years, I will be eight."" Clearly, Maria was a quick study. She wasn't a slow learner."
mistral:7b,0,0,10,2," Maria enjoys learning to add numbers. Adding numbers is simple for her. She knows that one plus one equals two, and two plus two equals four. She also understands three plus three equals six. However, she was puzzled about what four plus four equals. So, she asked her mom. Her mom explained that four plus four equals eight. ""Now I get it!"" Maria said. ""Since I am four years old now, in another four years, I'll turn eight."" Maria shows great potential as a quick learner. She isn't slow at all!"
mistral:7b,0,0,10,3," Rewrite the passage for Grade 10 readers:

Maria, a young child, was beginning to master the art of addition. She found pleasure in this mathematical process and found it relatively straightforward. She could easily combine numbers up to three, understanding that one plus one equaled two, two plus two made four, and three plus three totaled six. However, she was uncertain about what the sum of four and four would be. In order to find out, she sought help from her mother. Her mother explained that four plus four equals eight. Maria responded excitedly, ""I see now!"" Realizing that at four years old she was halfway towards eight, she expressed enthusiasm for her mathematical progress, as she recognized herself as a quick learner rather than a slow one."
0,0,10," Maria enjoyed learning to add numbers. Adding numbers was fun for her. It was simple to add numbers. She knew how to add one and one, making two. She also knew that two and two make four. And she understood three and three equal six. However, she wasn't sure about what happens when you add four and four. So, she asked her mom. Her mom explained that four and four are eight. ""Now I understand,"" Maria said happily. ""I am four years old right now. In another four years, I will be eight!"" Maria was a quick learner, not slow."
0,0,10,1167647423,78730847,191,48544000,126,1004612000
mistral:7b,0,0,10,4," That's wonderful to hear! Maria indeed seems to have a keen interest in learning, and she's making great progress with her math skills. It's fascinating how she can apply what she's learned in one context (addition) to another (counting years).

By the way, if you're looking for more exercises or games that could help Maria practice her addition skills, there are many resources available online and offline, such as worksheets, educational apps, and even simple games like ""I Spy"" with numbers. Keep up the good work!"
mistral:7b,0,0,10,5," Title Announcement: Learning to Add with Maria

Maria, a quick-witted 4-year-old, discovered the joy of mathematics by mastering the art of adding numbers. With an eager spirit, she enjoyed learning how to combine numbers and found that it was straightforward. For example, one plus one equals two, and two plus two equals four. Even three added with itself resulted in six.

However, Maria was puzzled about what happens when you add four and four. Intrigued by the mystery, she sought help from her mother, who revealed that four and four equal eight. Excitedly, Maria exclaimed, ""Now I know!"" Recognizing her progress, she proudly stated, ""I am four years old now. If I continue learning for another four years, I'll be eight."" Maria proved to be a swift learner indeed!"
mistral:7b,0,0,10,6," Maria is mastering the art of adding numbers. She enjoys this task immensely. It's straightforward for her to combine numbers. She can easily add one and one, knowing that they equal two. Likewise, she knows that two plus two equals four, and three plus three equals six. However, she was unsure about what happens when you add four and four together. Inquisitive as ever, she asked her mom for help. Her mom enlightened her, revealing that four and four equals eight. ""Ah-ha!"" Maria exclaimed. ""Now I understand! I'm currently 4 years old, and in another 4 years, I will be 8."" Evidently, Maria is a quick learner rather than a slow one."
mistral:7b,0,0,12,0," Maria, now a high school student, found enjoyment in mastering arithmetic. Particularly, she relished adding numbers, as it presented an effortless challenge for her. She easily recognized combinations such as one plus one equaling two, two plus two resulting in four, and three plus three totaling six.

However, she encountered a conundrum when trying to determine the sum of four and four. Seeking help, she turned to her mother, who informed her that the answer was indeed eight. Delighted by her newfound knowledge, Maria made an observation: ""If I am four years old now, in another four years I'll be eight."" Demonstrating a keen aptitude for learning, Maria progressed swiftly through her studies."
mistral:7b,0,0,12,1," Maria, a proficient mathematics learner, was mastering the art of addition. She found joy in this arithmetic operation and discovered it to be straightforward. Recognizing that one combined with another results in two, and three plus three equals six, were skills she had already acquired.

However, she found herself puzzled when trying to determine what four added to four resulted in. Seeking assistance, she turned to her mother for help. Her mom enlightened her that the sum of four and four is indeed eight. Delighted with this newfound knowledge, Maria exclaimed, ""Now I understand!""

Intriguingly, Maria recognized that at her current age of four, in just another four years she would be turning eight – a testament to the rapidity of her learning progression."
mistral:7b,0,0,12,2," Maria discovered how to sum numbers. She enjoyed adding numbers. It was straightforward for her to add numbers. She realized that one plus one equals two. She also understood that two plus two equals four. Furthermore, she knew that three plus three equals six. However, she was unsure about what four plus four equaled. She inquired from her mother. Her mother informed her that four plus four equals eight. ""Ah, I see now,"" Maria exclaimed. ""I am currently four years old. In another four years, I will be eight."" Maria demonstrated remarkable learning agility. She wasn't a slow learner."
mistral:7b,0,0,12,3," Rewrite the passage for Grade 12 readers:

Maria, an adult, found herself studying elementary arithmetic, particularly addition. Her fascination with numbers remained unchanged from her childhood days. Addition of numbers came naturally to her. She was familiar with adding ones, twos, and threes. However, her knowledge was limited until she encountered the unknown sum of fours. Intrigued, she consulted her mother. Her mother informed her that four plus four equaled eight. ""Ah, now I understand,"" Maria mused aloud. ""At present, I am 4 years old. In another four years, I will reach the age of 8."" Maria's intellectual capacity was evident as she swiftly grasped the concept despite the decades since her initial introduction to arithmetic."
0,0,12," Maria enjoyed learning to add numbers. Adding numbers was fun for her. It was simple to add numbers. She could easily add one and one, knowing that they make two. Similarly, she knew that two plus two equals four, and three plus three equals six. However, she wasn't certain about what four and four amounted to. So, she asked her mother. Her mother explained that four and four equals eight. ""Now I understand,"" Maria exclaimed. ""I am four years old now, and in four more years, I will be eight!"" Maria was a quick learner. She wasn't a slow learner."
0,0,12,1210374704,72632308,191,48295000,132,1055896000
mistral:7b,0,0,12,4," That's a lovely story! Maria indeed seems to have a knack for learning. Her understanding of addition is impressive for her age. Here's a little extension to the story:

After understanding that four and four equals eight, Maria became even more eager to learn. One day, she asked her mother if they could play a game where she would solve math problems. Her mother happily agreed and together they started a fun learning adventure.

Maria began solving simple addition problems, such as five plus three, six plus two, and seven plus one. As she got better, her mother introduced more challenging problems like nine plus six or eight plus seven. Maria enjoyed the challenges and kept practicing until she could solve them confidently.

One day, Maria's teacher gave the class a math quiz. She was nervous but remembered all the practice sessions with her mother. To her surprise, she aced the test! Her teacher praised her for her quick learning skills and announced that she would be skipping a grade due to her impressive progress.

Maria continued to excel in her new class, always eager to learn more. She proved that given the right environment and support, even young minds can achieve great things."
mistral:7b,0,0,12,5," Miami aspires to be recognized as an international art hub, with the Pérez Art Museum Miami (PAMM) playing a significant role in this transformation. The museum, donated $40 million by billionaire real estate developer Jorge Pérez, is one of the few major institutions in the United States with a Hispanic name.

Notably, Pérez contributed half of the donation from his personal art collection, aiming to elevate Miami's status on the global art scene. The museum showcases 110 works from Pérez's private collection, housed within a three-story, 200,000-square-foot building designed by Pritzker Prize-winning Swiss architects Herzog & de Meuron.

The museum focuses on international art of the 20th and 21st centuries and is currently showcasing Chinese artist-activist Ai Weiwei's According to What? collection. PAMM is one of the main attractions in Museum Park, which will also house the Patricia and Phillip Frost Museum of Science.

While the naming of the museum after Pérez stirred some controversy, 43 out of 47 board members voted in favor of the change. Some argued that the name should represent Miami's central art museum; however, others viewed it as a symbol of pride for the Hispanic community. Jorge Pérez is the first major donor from the Hispanic community to contribute to an American art museum without causing controversy.

Maria, at the age of four, is just beginning her journey in math, starting with adding numbers. She has quickly grasped the concept of adding one and two, understanding that one and one make two, and two and two make four. However, she was unsure of what four and four would equal, prompting her to ask her mom. Her mom explained that four and four are eight. Maria now understands the answer and looks forward to learning more in the future."
mistral:7b,0,0,12,6," Maria, a swift learner, was mastering the art of numerical addition. Her newfound hobby captivated her, making each sum an exhilarating challenge. The simplicity in adding numbers made it effortless; combining one and one produced two, doubling two yielded four, and tripling three resulted in six.

However, she encountered a roadblock when trying to comprehend what four and four would amount to. Seeking wisdom from her mother, Maria received the answer: eight. Overjoyed at her newfound knowledge, she made a connection between her age and her mathematical discovery. ""Now I understand,"" she exclaimed, ""I am currently four years old, yet in another four years, I will reach eight."""
mistral:7b,0,1,0,0," On New Year's Day, he lived in a place called Las Vegas. He went to play at a special place called a casino. He walked up to a game called roulette. He bought one big chip for 100 coins. He tossed a coin in the air. He caught the coin. It showed heads. He placed his 100-coin chip on a red spot. The dealer spun the wheel. The wheel turned and turned. The dealer pushed a silver ball. The ball turned and turned. The wheel stopped moving. The ball stopped moving. The ball fell into a red slot. He won! The dealer gave him another 100-coin chip. He thanked the dealer with 10 coins. He traded both his chips for lots of little coins. He went home. He felt happy. It seemed like it was going to be a nice year."
mistral:7b,0,1,0,1," It's New Year's Day! A person lived in a place called Las Vegas. They drove to a fun building called a casino. The person walked to a spinning game called roulette. They bought one special chip for $100. They flipped a shiny coin, caught it, and it showed heads! They put the $100 chip on a red spot. The dealer spun the wheel. It went round and round. The dealer pushed a silver ball. It went round and round. The wheel stopped moving. The ball stopped too. It fell into a red slot! He won! The dealer gave him another $100 chip. He thanked the dealer with a $10 ""tip"". He traded both his chips for money. He went home. He felt happy and excited. It seemed like it was going to be a great year!"
mistral:7b,0,1,0,2," It's New Year's Day!
 In Vegas, he lived.
 He drove to a casino.
 Walked to a spinning game.
 Bought one chip for 100 dollars.
 Flipped a coin, caught it too.
 Coin was heads!
 Placed his chip on red spot.
 Spinner spun, went round and round.
 Silver ball rolled fast.
 Slowed down, so did the ball.
 Fell into a red slot.
 He won!
 Dealer gave him another 100 dollar chip.
 Gave dealer a ten-dollar tip.
 Exchanged both chips for money.
 Went home, felt happy.
 Good things coming this year!"
mistral:7b,0,1,0,3," Rewrite this story for grade 0 readers:

Once upon a time, it was a special day called New Year's Day. There was a boy who lived in a place called Las Vegas. On that day, the boy went on an adventure! He got into his car and drove to a fun place called a casino. The boy walked through the big doors and saw many shiny things.

At one table, there were small circles with numbers on them. This was a game called roulette. The boy bought one special chip that was worth $100. He tossed a coin into the air. He caught it before it fell. It landed on heads! So excited, he put his chip on a red circle.

A nice man who worked at the casino spun the big wheel and pushed a small silver ball around the edge. The wheel and ball went round and round. They slowed down. And then...the ball dropped into a red slot! He won! The nice man gave him another $100 chip.

The boy was happy, so he gave the nice man a special thank you gift called a tip of $10. He traded both his chips for some money and went back home. He felt very happy because he had a good day and thought it would be a great year!"
0,1,0," It's New Year! In Las Vegas, he lived.

He drove to casino. Walked to roulette table. Bought chip for hundred dollars. Flipped coin. Caught coin. Was heads. Placed chip on red spot.

Dealer spun wheel. Wheel turned round and round. Dealer pushed ball. Ball rolled round and round. Slowed down. Ball slowed down. Fell into red slot. Won!

Dealer gave him hundred dollar chip back. Gave dealer ten-dollar tip. Exchanged both chips for money. Went home. Felt happy. Year will be good."
0,1,0,1249034954,70766109,221,56655000,134,1076328000
mistral:7b,0,1,0,4," It sounds like you've had a fortunate start to the new year with a win at roulette in Las Vegas! Here's a more detailed recount of your experience:

1. You arrived in Las Vegas to ring in the New Year.
2. After driving, you walked towards a casino and entered.
3. Inside the casino, you approached the roulette table, where you purchased a chip worth $100.
4. To make your decision on where to place the bet, you flipped a coin and caught it when it fell. It landed heads-up.
5. You decided to put your chip on a red spot on the roulette table.
6. The dealer spun the wheel and you watched as it rotated round and round.
7. Simultaneously, the dealer pushed the ball onto the spinning wheel, which continued its circular motion.
8. As the wheel began to slow down, so did the ball until it eventually landed in a red slot - a win for you!
9. The dealer returned your $100 chip and received a $10 tip from you.
10. You exchanged both chips for cash and left the casino feeling happy.
11. You went home, reflecting on the positive start to the new year.

Best wishes for a prosperous and fulfilling 12 months ahead!"
mistral:7b,0,1,0,5," It's New Year's Day!
He lives in Las Vegas.
He drove to a casino.
He walked to a spinning game. (Roulette)
He bought one chip for $100.
He flipped a coin and caught it.
It was heads, so he put the chip on red.
The dealer spun the wheel.
Round and round it went!
The dealer pushed a silver ball.
Round and round it went again.
Slowly, slowly, it stopped.
The ball fell into a red slot.
He won!
The dealer gave him another $100 chip.
He gave the dealer a $10 tip.
He got money for both his chips.
He went home.
He felt happy.
It's going to be a good year!"
mistral:7b,0,1,0,6," It's New Year!
 He lives in Vegas.
 He drove to a fun place.
 He walked to a spinning game.
 He bought 1 big chip for $100.
 He flipped a coin.
 He caught the coin.
 It was heads.
 He placed the chip on red spot.
 The dealer spun the wheel.
 Round and round it went.
 The dealer pushed a shiny ball.
 Round and round it went.
 Slowly, slowly it stopped.
 In a slot, it fell!
 He won!
 The dealer gave him another $100 chip.
 He gave the dealer a happy present.
 He changed his chips.
 He went home.
 Feeling great, he did.
 Good year ahead!"
mistral:7b,0,1,2,0," On New Year's Day, he lived in a place called Las Vegas. He drove to a fun spot called a casino. He walked to a game called roulette. He bought one chip for $100. He tossed a coin up in the air. He caught it quickly. It landed heads-up. So, he put his $100 chip on a red spot. The dealer spun the wheel and it turned around and around. The dealer pushed a silver ball, which also turned around and around. Then, the wheel and ball slowed down. They dropped into a red slot. He won! The dealer gave him back another $100 chip. He thanked the dealer with a $10 tip. He changed both his chips for money. He went home and felt happy because he thought this year would be wonderful."
mistral:7b,0,1,2,1," On New Year's Day, he lived in a place called Vegas. He drove to a fun spot with lights, called a casino. He walked to a spinning game, called roulette. He spent $100 on one round piece for the game.

He flipped a coin. He caught it. It showed heads. So, he bet the round piece on red. The dealer spun the wheel. The wheel turned and turned. The dealer threw a silver ball. The ball went round and round. The wheel stopped. The ball stopped too. The ball landed in a red slot! He won!

The dealer gave him another $100 round piece. He thanked the dealer with a $10 'thank you'. He traded both his pieces for money. He went home. He felt happy. He thought this year would be wonderful!"
mistral:7b,0,1,2,2," New Year's Day arrived! A boy lived in Vegas. He drove to a casino. At the casino, he walked to a spinning game called roulette. He bought one big chip for $100. He flipped a coin and caught it. It landed heads up! So, he put his $100 chip on red. The dealer spun the wheel. Round and round it went! The dealer pushed a silver ball. It whirled too. Then, the spinning stopped. The ball dropped into a slot painted red. He won! Yay! The dealer gave him another $100 chip. He thanked the dealer with a $10 tip. He traded both his chips for $200. He went home happy. He felt that this year would be a wonderful one!"
mistral:7b,0,1,2,3," Rewrite this passage for Grade 2 readers:

It was New Year's Day! A boy named [Boy's Name] lived in [City]. He drove or walked (you can choose) to a special place called a casino. At the casino, he went to a round table with numbers on it called roulette. He bought one chip for $100. He tossed a coin. He caught it. It landed heads up! Excited, he placed his $100 chip on a red number on the table. The dealer spun the wheel. The wheel turned and turned. The dealer rolled a silver ball around the edge of the wheel. The ball went round and round too. Then, the wheel started to slow down. The ball also slowed down and finally dropped into a slot marked with red. He won! The dealer gave him back his $100 chip. The boy thanked the dealer by giving them a dollar for being nice (a tip). He collected both his chips from the cashier. Then, he went back home. He felt happy because he thought it would be a good year ahead."
0,1,2," Today is New Year's Day! In Las Vegas, he lives. He drove to a casino. He walked to a spinning game. It's called roulette. He bought one chip for 100 dollars. He flipped his coin. He caught the coin. It was heads! So, he put the money on red. The dealer spun the wheel. Round and round it went. Then, the dealer pushed the silver ball. It whirled around too. Slower and slower the wheel turned. The ball did too. Finally, it fell into a red spot. He won! The dealer gave him back 100 dollars. He thanked the dealer with a $10 gift. He exchanged both chips for money. He went home. Feeling happy, he did! This year will be great."
0,1,2,1558633874,77586325,221,55516000,172,1382127000
mistral:7b,0,1,2,4," It sounds like you've had an exciting and lucky start to the New Year in Las Vegas! Playing roulette and winning back your initial bet of $100 is quite thrilling. Moreover, showing gratitude by giving a $10 tip to the dealer is a kind gesture that certainly added to their day as well.

As for the rest of the year, I'm not a fortune teller, but I do hope it continues to be great for you. May all your ventures and experiences bring joy, success, and new memories. Happy New Year!"
mistral:7b,0,1,2,5," It's New Year's Day!
He lives in Las Vegas.
He drove to a casino.
He walked to a spinning game table. (This means roulette table)
He bought one big chip for $100.
He flipped a coin and caught it. (Coin toss)
It was heads, so he put the chip on a red spot.
The dealer spun the wheel.
The wheel went round and round.
The dealer pushed a silver ball.
The ball went round and round.
The wheel stopped.
The ball stopped.
It landed on a red slot!
He won $100!
The dealer gave him a new $100 chip.
He thanked the dealer with a $10 treat. (Tip)
He cashed in both his chips.
He went home feeling happy.
He thought it would be a great year!"
mistral:7b,0,1,2,6, It's New Year's Day! He lives in Vegas. He drove to a game place. He walked to a spinning game. He got one token worth $100. He flipped a coin. He caught the coin. It showed heads. He put his token on red. The dealer spun the wheel. Round and round it went. The dealer pushed a silver ball. Round and round it went. The wheel stopped. The ball stopped. The ball landed in a red spot. He won! The dealer gave him another $100 token. He thanked the dealer with a $10 tip. He changed both his tokens. He went home. He felt happy. This year will be nice.
mistral:7b,0,1,4,0," On New Year's Day, he lived in Vegas. He drove to a casino. He walked to a spinning game table (like roulette). He bought one chip for $100. He tossed a coin up. He caught the coin. It showed heads! So, he put his $100 chip on a red spot. The dealer spun the wheel. Round and round it went. The dealer pushed a silver ball too. Round and round it went. Slower it got, slower it got, and then it dropped into a red slot. He won! The dealer gave him another $100 chip. He gave the dealer a $10 thanks. He traded in both his chips. He went home. Feeling good, he did! It seemed like this year would be great."
mistral:7b,0,1,4,1," On New Year's Day, a boy lived in Las Vegas. He drove to a casino and walked to a spinning game called roulette. He bought one chip for $100. He tossed a coin, caught it, and it landed heads up. Excited, he placed his chip on the red spot. The dealer spun the wheel, and the silver ball rolled around until it stopped in a red slot! He won! The dealer gave him another $100 chip. The boy thanked the dealer with a $10 tip. He traded both chips for cash and went home, feeling happy because he thought this year would be great."
mistral:7b,0,1,4,2," New Year's Day, a man lived in Vegas. He drove to a casino, walked to a roulette table, and bought one chip worth $100. He tossed a coin, caught it, and it showed heads! So, he placed the chip on red. The dealer spun the wheel, which went round and round. A silver ball went round too. The wheel slowed down, the ball did too, then dropped into a red slot – he won! The dealer gave him another $100 chip. He tipped the dealer $10. He cashed in both chips and went home, feeling happy. That year would be great!"
mistral:7b,0,1,4,3," Rewrite this passage for a 4th-grade reading level:

On New Year's Day, a boy lived in Las Vegas. He drove to a game place called a casino. He walked up to a spinning game called roulette. He bought one chip for $100 with his money. He tossed a coin in the air. He caught the coin. It landed on heads. Excitedly, he put his $100 chip on a red spot on the table. The dealer spun the wheel and a little silver ball started spinning too. The wheel and ball went round and round. Then they slowed down. Finally, the ball stopped in a red slot. He won! The dealer gave him back his $100 chip. He thanked the dealer with a $10 tip. He traded both his chips for money. He got in his car and drove home feeling happy because he had a good day and thought it would be a great year ahead."
0,1,4," On New Year's Day, he lived in Vegas. He drove to a casino. He walked to a spinning game table (roulette). He spent $100 on one round chip. He flipped a coin. He caught the coin – it was heads! He bet his round chip on red. The dealer spun the wheel. It whirled and whirled. The dealer rolled the silver ball. It whirled and whirled. The wheel slowed down. The ball slowed down. The ball landed in a red slot. He won! The dealer gave him another $100 round chip. He thanked the dealer with a $10 tip. He swapped both his chips for money. He returned home. He felt happy. It seemed like a good year ahead."
0,1,4,1498280609,78376392,221,55021000,165,1324498000
mistral:7b,0,1,4,4," That's an exciting story! Let's summarize it:

On New Year's Day, our protagonist was in Las Vegas and decided to visit a casino. He walked up to a roulette table and placed a $100 chip on red, after flipping a coin that landed heads. The ball landed on a red slot, meaning he won! The dealer rewarded him with another $100 chip. In gratitude, he tipped the dealer $10.

Then, he exchanged both his chips for cash and went home, feeling happy about his win and optimistic about the year ahead. What a lucky start to the new year!"
mistral:7b,0,1,4,5," Hello Sammy,

I'm writing this quick note as I love your idea! Since I have plans with my family on Sunday, let's meet on Saturday instead. How about that works for you? If it does, why don't you come over to my place so we can visit the new home and see all the improvements in the kitchen since we moved. We could eat a meal together here and then take a walk outside in the afternoon. It will be wonderful catching up after some time! I can't wait to hear about your new job!

Our home is at 52 Charles Road, but finding it may be tricky as house numbers are strange here. If you turn left from the post office and continue past the large white house on Charles Road, there's a small side street behind it with houses numbered 50 to 56. Don't worry if the side street doesn't have its own name! Just call me if you get lost, and I will come find you.

Please let me know if there are any foods you particularly like or dislike so we can plan accordingly. I am very excited to see you soon!

See you shortly!

Greg"
mistral:7b,0,1,4,6," It's New Year's Day! This guy lives in Vegas. He drives to a casino, walks to a spinning game called roulette. He spends $100 on one chip, flips a coin – heads! So, he puts his chip on red. The dealer spins the wheel and a silver ball. Round and round they go. The wheel slows, so does the ball, then drops into a red slot. He wins! The dealer gives him another $100 chip. He tips the dealer $10, exchanges both chips for cash, and heads home feeling great. He thinks this year will be a winner!"
mistral:7b,0,1,6,0," On New Year's Day, a man living in Las Vegas decided to visit a casino. He walked up to a roulette table and bought one chip worth $100. To decide where to place his bet, he tossed a coin. He caught the coin and it landed on heads. Excitedly, he put his chip on a red slot. The dealer spun the wheel, which began to spin quickly. As the wheel slowed down, so did the silver ball. Finally, the ball dropped into a red slot! He had won! The dealer handed him another $100 chip. The man thanked the dealer with a $10 tip. After cashing in both his chips, he went home feeling happy because it seemed like this year was going to be great."
mistral:7b,0,1,6,1," It was New Year's Day, and he lived in Vegas. He drove to a casino and walked to a roulette table. With a $100 bill, he bought one chip. Flipping a coin, he caught it—it was heads! Excitedly, he placed the chip on a red slot. The dealer spun the wheel, and the silver ball went round and round. As the wheel slowed, so did the ball, dropping into a red slot. He won! The dealer gave him another $100 chip. Giving the dealer a $10 tip, he cashed in both his chips and headed home, feeling happy. It seemed like it would be a great year ahead."
mistral:7b,0,1,6,2," New Year's Day arrived! In Las Vegas, he resided. He hopped in his car and headed towards a casino. He strolled over to a roulette game. He spent $100 on just one chip. He flipped a coin, caught it – it was heads up! Excitedly, he placed the chip on a red spot. The dealer spun the wheel, which spun around and around. A silver ball was rolled by the dealer, spinning as well. Slowing down, both wheel and ball came to a stop. The ball fell into a slot painted red! He won! The dealer handed him another $100 chip. He gave the dealer a $10 tip. With both his chips, he cashed them out. He went home feeling great. This year was going to be wonderful!"
mistral:7b,0,1,6,3," Rewrite the passage for a Grade 6 reader:

A person celebrated New Year's Day in Las Vegas. He decided to visit a casino and walked towards a roulette table. He spent $100 on one chip and tossed a coin. When he caught the coin, it landed on heads. Excitedly, he placed his chip on a red number at the roulette table. The dealer spun the wheel, and the ball whizzed around. As the wheel began to slow down, so did the ball. Finally, the ball dropped into a slot labeled ""red."" He had won! The dealer gave him another $100 chip as his winnings. The man was generous and gave the dealer a $10 tip. In the end, he exchanged both his chips for cash and went home feeling happy about the start of this new year."
0,1,6," It was New Year's Day! In Las Vegas, he lived. He drove over to a casino. He walked up to a spinning wheel game. He bought a chip worth $100. He flipped a coin high in the air. He caught it quick - it showed heads! Excited, he placed his chip on red. The dealer whirled the wheel, and around it went. The dealer pushed a silver ball too, spinning fast. Slowly, both stopped. The ball dropped into a slot... red! He won $100! The dealer handed him another chip for winning. He gave the dealer $10 as a thank you. He traded in all his chips. He drove home feeling great. It was going to be a good year!"
0,1,6,1462705227,77421227,221,54398000,161,1291901000
mistral:7b,0,1,6,4," That sounds like an exciting New Year's Day for our protagonist! Here's a brief recap of his experience:

1. He resided in Las Vegas on New Year's Day.
2. He decided to visit a casino and approached a spinning wheel game.
3. He purchased a $100 chip for the game.
4. He tossed a coin, it landed heads, so he placed his bet on red.
5. The dealer spun the wheel, and the silver ball followed. Both came to a stop.
6. The ball dropped into a slot labeled ""red"", which meant our protagonist won his original $100 bet!
7. The dealer rewarded him with an additional chip for winning.
8. He then gave the dealer $10 as a token of gratitude.
9. After exchanging all his chips, he drove home feeling optimistic about the new year.

It indeed seems like it's going to be a good year for him! Here's wishing the same for everyone reading this! Happy New Year! 🎉🎊"
mistral:7b,0,1,6,5," New Year's Day arrived, and he found himself in Las Vegas. He visited a casino and went up to a roulette table. With a single $100 bill, he bought one chip. Flipping a coin, he caught it - heads! Excited, he placed his chip on the red section of the wheel. The dealer spun the roulette wheel, which whirled around and around. With a quick push, the silver ball started spinning too. Slowing down together, the ball landed in a red slot. He won $100! Grateful to the dealer, he gave a $10 tip and cashed in his chips. Feeling fortunate, he went home, ready for a good year ahead."
mistral:7b,0,1,6,6," It's New Year's Day! A guy lives in Las Vegas. He drove to a casino, walked over to a roulette table, and bought one chip worth $100. He flipped a coin, caught it – it landed on heads! So, he put the chip on a red slot. The dealer spun the wheel, which went round and round. A silver ball also went around and around. The wheel slowed down, the ball too, then dropped into a red slot. He won $100! The dealer gave him another chip worth $100. He tipped the dealer $10 and cashed in both chips. He went home feeling happy because he thought it would be a great year."
mistral:7b,0,1,8,0," On New Year's Day, he lived in Las Vegas. He headed to a casino and walked up to a roulette table. Spending $100, he bought one chip. Flipping a coin, he caught it – it landed on heads. Bravely placing his chip on red, the dealer spun the wheel. The wheel turned, round and round it went. The dealer rolled the silver ball, which also began spinning. As the wheel and ball slowed down, the ball dropped into a slot marked red! He won! The dealer handed him another $100 chip. He tipped the dealer $10 and cashed in both his chips. Feeling great, he went home, knowing this year was going to be fantastic."
mistral:7b,0,1,8,1," On New Year's Day, living in Las Vegas, he headed to a casino. Striding toward a roulette table, he bought a single chip worth $100. Flipping a coin, he caught it mid-air – it landed on heads! Placing the chip on red, the dealer spun the wheel. Round and round it went, along with the silver ball. Slowing down, both came to a stop in a red slot. He won! The dealer handed him another $100 chip. Giving the dealer a $10 tip, he cashed in both chips. Feeling great, he headed home, optimistic about the upcoming year."
mistral:7b,0,1,8,2," On New Year's Day, he was in Las Vegas. He drove to a casino and walked up to a roulette table. With $100, he bought just one chip. Flipping the coin, he caught it – heads! Placing his chip on red, he waited as the dealer spun the wheel and the silver ball whirled around. Slowing down, both ball and wheel came to a stop in a red slot. He had won! The dealer handed him another $100 chip. Being friendly, he gave the dealer a $10 tip. Cashing in his chips, he went home, feeling quite happy. The new year looked promising."
mistral:7b,0,1,8,3," Rewrite the passage for Grade 8 readers:

On New Year's Day, a man living in Las Vegas decided to visit a casino. He walked towards a roulette table and bought a chip worth $100. To decide where to place his bet, he flipped a coin. Catching the coin mid-air, it showed heads. Excitedly, he put his chip on the red section of the table. The dealer spun the wheel, which whirled around and around. Just as the wheel started to slow down, so did the silver ball. As both came to a stop, the ball landed in a slot marked with red. He had won! The dealer handed him another $100 chip. Grateful, he gave the dealer a $10 tip. With his winnings and original chip, he went to cash them in. Feeling triumphant, he headed home, optimistic about the promising year ahead."
0,1,8," It was New Year's Day. He lived in Las Vegas. Today, he headed to a casino. Walking inside, he found himself at a roulette table. He bought just one chip for $100. Flipping a coin, he caught it – it landed on heads! Excitedly, he placed his chip on red. The dealer gave the wheel a spin and off it went, whirling around. The dealer released the silver ball, which also began to spin. As the wheel started to slow, so did the ball. Finally, the ball dropped into a slot labeled 'Red'. He won! The dealer rewarded him with another $100 chip. He was generous and gave the dealer a $10 tip. Cashing in his chips, he headed home, feeling happy. It seemed like this year would be a great one."
0,1,8,1610185355,78163813,221,54141000,179,1438256000
mistral:7b,0,1,8,4," Indeed, it seems like the New Year has started off on a positive note for our protagonist! His lucky streak at the roulette table has not only earned him an additional $100 but also brought a sense of joy and optimism for the coming year.

However, it's essential to remember that gambling should be seen as a form of entertainment rather than a means to make money. While he won this time, there's no guarantee that every visit to the casino will result in such favorable outcomes. It's crucial to gamble responsibly and set limits for oneself.

As for the rest of the year, it's all about making the most out of each moment and maintaining a positive attitude, just as our protagonist did on this New Year's Day. Here's to hoping that this feeling of happiness and optimism continues throughout the entire year!

Wishing you all a prosperous, healthy, and fulfilling New Year as well!"
mistral:7b,0,1,8,5," At New Year's, in Las Vegas, a person visited a casino and headed for a roulette table. They bought a single chip worth $100 and flipped a coin. The coin landed on heads, so they placed the chip on a red number. The dealer spun the wheel, and the ball went round and round until it landed in a red slot. They won! The dealer gave them another $100 chip, and as a tip, they handed the dealer a $10 bill. Then, they cashed in both chips and went home feeling great, knowing it was going to be a fantastic year ahead."
mistral:7b,0,1,8,6," It's New Year's Day! A guy from Las Vegas drove to a casino. At the casino, he walked up to a roulette table. Excitedly, he bought a single chip worth $100. He flipped a coin and caught it – it was heads! With a grin, he bet his chip on red. The dealer spun the wheel, which whirled and whirled. He then rolled the silver ball, and it spun too. Slowing down, both wheel and ball finally landed. The ball had dropped into a slot marked red! He won! Overjoyed, the dealer handed him another $100 chip. Giving the dealer a $10 tip, he cashed in his chips. Feeling great, he went home, knowing this year would be fantastic."
mistral:7b,0,1,10,0," On New Year's Day, living in Las Vegas, he visited a casino. He strolled towards a roulette table and purchased a chip worth $100. Flipping a coin, he caught it – heads. Anticipating his luck, he wagered the chip on red. The dealer set the wheel spinning and launched the silver ball. As the wheel and ball spun, they eventually slowed down before the ball landed in a red slot. He won! The dealer rewarded him with another $100 chip. He offered the dealer a $10 tip. Cashing in both his chips, he returned home feeling optimistic about the new year ahead."
mistral:7b,0,1,10,1," On New Year's Day, living in Las Vegas, he headed to a casino. He strolled towards a roulette table and spent $100 on a single chip. Flipping a coin, he caught it mid-air, finding it was heads. With anticipation, he placed the chip on the red section.
 The dealer spun the wheel, which whirled around. Pushed by the dealer, the silver ball began its roundabout journey. Slowing down together, both the wheel and ball finally came to a stop. The ball dropped into a slot marked red - he won!
 Excitedly, the dealer awarded him another $100 chip. Being generous, he handed over a $10 tip to the dealer. Cashing in his two chips, he left the casino feeling elated. Believing it would be a successful year ahead."
mistral:7b,0,1,10,2," New Year's Day arrived. Living in Las Vegas, he headed to a casino. Crossing over, he reached a roulette table. Buying just one chip cost $100. Flipping a coin, he caught it – heads! Wagering the chip on red, the dealer spun the wheel. Round and round it went. The dealer rolled the silver ball. Again, round and round it went until slowing down. Both the ball and wheel finally landed on a red slot. He won! The dealer handed him another $100 chip. Giving a tip of $10 to the dealer, he cashed in both chips. Feeling great, he returned home. Excited, he knew this would be a good year."
mistral:7b,0,1,10,3," Rewrite the passage for Grade 10 readers:

On January 1st, a man residing in Las Vegas decided to visit a casino. He made his way towards a roulette table and purchased one chip worth $100. To decide where to place his bet, he tossed a coin. He managed to catch the coin mid-air and, finding it was heads, placed his chip on the red section of the table. The dealer set the roulette wheel in motion, which spun rapidly before the dealer rolled a silver ball across the table. The wheel gradually slowed down, as did the ball, until finally the ball landed in a slot marked with the color red. The man won! In appreciation, he gave the dealer a $10 tip and cashed in both his winning and original chips. Feeling elated, he returned home, optimistic about the promising year ahead."
0,1,10," It was New Year's Day! Living in Las Vegas, he drove to a casino. Walking inside, he approached a roulette table. With a $100 bill, he bought one chip. Flipping a coin, he caught it – heads! Excitedly, he placed his chip on red. The dealer spun the wheel, which spun round and round. He pushed a silver ball that also went round and round. As the wheel and ball slowed down, the ball dropped into a slot... Red! He won $100! Giving the dealer a $10 tip, he cashed in both chips and went home, feeling great. He knew this year would be fantastic!"
0,1,10,1341521196,79460690,223,54692000,146,1168389000
mistral:7b,0,1,10,4," That sounds like an exciting start to the New Year! Winning at roulette can certainly bring a sense of luck and positivity for the coming months. It's important to remember though, that while gambling can provide entertainment, it should be done responsibly and within one's means.

Here's to wishing this year is indeed fantastic for him! Let's hope his lucky streak continues throughout 2023. Happy New Year!"
mistral:7b,0,1,10,5," Title Announcement for AMC's ""The Walking Dead"" Companion Series

Here's some exciting news! The new series, serving as a prequel to the original ""The Walking Dead,"" has been named ""Fear The Walking Dead.""

During its development season, this spin-off was referred to by code names like Cobalt and Fear The Walking Dead before being officially greenlit for production. AMC made the announcement on March 9th, albeit for a series still unnamed at that time.

Robert Kirkman, creator of ""The Walking Dead"" comic series, co-wrote the pilot episode alongside Dave Erickson from ""Sons of Anarchy."" Both Kirkman and Erickson will serve as executive producers, along with Gale Anne Hurd and Dave Alpert from the original series. Erickson will be in charge as showrunner, while Adam Davidson will direct the pilot. Greg Nicotero, responsible for visual effects in ""The Walking Dead,"" will also join the team as an executive producer.

Although AMC has been vague about the plot details, sources suggest that the drama unfolds in Los Angeles at the onset of a zombie outbreak. Although they've confirmed the series takes place in LA, further information is limited to the fact that it explores new characters and storylines.

The cast includes Cliff Curtis known for ""Gang Related,"" who plays Sean Cabrera, a teacher with joint custody of his son. Kim Dickens from ""Sons of Anarchy"" will co-star as Nancy, a guidance counselor dating Sean. Frank Dillane, famous for ""Harry Potter and the Half-Blood Prince,"" portrays Nick, Nancy's troubled son dealing with drug issues. Alycia Debnam Carey, starred in ""Into the Woods,"" plays Ashley, Nancy's ambitious daughter eager to leave Los Angeles behind when disaster strikes.

""Fear The Walking Dead"" is set to premiere during late summer, with season two scheduled for 2016 (an exact date hasn't been disclosed yet). Meanwhile, the fifth season finale of the flagship series airs on Sunday at 9 p.m. Happy New Year! It looks like it's going to be an interesting year ahead!"
mistral:7b,0,1,10,6," It's New Year's Day! This story takes place in Las Vegas. A person drove to a casino and walked up to a roulette table. They spent $100 on one chip, then tossed a coin. When the coin landed, it showed heads, so they bet on red. The dealer spun the wheel, which whirled around. The silver ball followed suit, going round and round. Slowing down, both the wheel and ball eventually stopped in a red slot. They won! The dealer returned $100 and received a $10 tip. Cashing in their chips, they went home feeling great about the upcoming year."
mistral:7b,0,1,12,0," On New Year's Day, a resident of Las Vegas decided to visit a casino. After parking his vehicle, he strolled towards a roulette table and purchased a chip worth $100. Flipping a coin, he caught it mid-air to find it landing heads up. Confident in luck, he placed the chip on the red section of the roulette table.

The dealer initiated the game by spinning the wheel, which whirled rapidly, followed by the silver ball that also began circling. As the wheel and ball gradually decelerated, anticipation filled the air. Eventually, the ball landed in a slot colored red, granting him a victory. The dealer awarded him another $100 chip as winnings.

With a generous $10 tip for the dealer, he exchanged both his chips for cash. With a sense of contentment and optimism, he headed home, looking forward to what the promising year ahead would bring."
mistral:7b,0,1,12,1," On January 1st, residing in Las Vegas, an individual ventured to a casino. Upon arrival, he navigated towards a roulette table. Purchasing a single chip for $100, he flipped a coin, caught it mid-air, and found it was heads. Anticipation heightened as he wagered the chip on red. The dealer set the wheel in motion, spinning rapidly before gradually slowing down. In sync, the silver ball rolled around until it dropped into a slot of the same color - red. A victory was achieved! The dealer rewarded him with another $100 chip. Gratitude was shown by offering a $10 tip to the dealer. Both chips were then exchanged for cash. With a sense of contentment, he returned home, optimistic about the upcoming year's prospects."
mistral:7b,0,1,12,2," New Year's Day found him in Las Vegas. In his car, he headed towards a casino. Striding over, he reached a roulette table. Purchasing one chip for $100, he flipped a coin. Catching the coin, it was heads. On red, he placed his $100 chip. The dealer sent the wheel spinning, round and round it went. The ball followed suit, slowing down as the wheel did. Finally, the ball dropped into a slot - red! He won! The dealer rewarded him with another $100 chip. For the dealer, he offered a $10 tip. Cashing in both chips, he headed home, feeling quite content. A good year seemed imminent."
mistral:7b,0,1,12,3," Rewrite the passage at a Grade 12 level, focusing on formal language and complex sentence structures:

On January 1st, an individual residing in Las Vegas decided to visit a casino for the evening. After driving to the establishment, he made his way towards a roulette table, having recently purchased a single chip valued at $100. A coin was tossed by this individual, who skillfully caught it mid-flight. The result was heads. With this in mind, he placed his valuable chip on the number corresponding to the color red.

The dealer initiated the spinning of the roulette wheel, which began its swift rotation. The silver ball was subsequently set into motion by the dealer, following an identical trajectory. As the wheel gradually decelerated, so too did the ball, eventually dropping into a slot designated with the color red. A victory had been achieved!

The triumphant gambler received a $100 chip from the dealer as a reward for his successful bet. In turn, he presented a generous tip of $10 to the dealer. The two chips were then exchanged for cash at the cashier's desk before the individual departed the casino, feeling optimistic about the year ahead."
0,1,12," It was New Year's Day. A person resided in Las Vegas. They drove their car to a casino. Walking inside, they approached a roulette table. Purchasing one chip for $100, they flipped a coin. Catching the coin, it landed heads up. Placing the $100 chip on red, the dealer rotated the wheel. As the wheel spun, the dealer rolled a silver ball that also whirled around. The wheel and ball gradually slowed down. The ball fell into a slot colored red. They had won! The dealer handed them another $100 chip. Grateful to the dealer, they left a $10 tip. Cashing in both chips, they headed home. Feeling content, they believed this year would be prosperous."
0,1,12,1506636875,53363210,223,54513000,169,1354182000
mistral:7b,0,1,12,4," It sounds like you've described an exciting start to the New Year for our Las Vegas resident! The thrill of winning at roulette certainly can bring about a sense of optimism for the coming year.

In this scenario, let me break down the financial transactions:
1. The person purchased one chip worth $100.
2. They bet that chip on red after flipping a coin and it landed heads up.
3. The ball in the roulette wheel landed on a red slot, meaning they won their bet and received another $100 chip as winnings.
4. They tipped the dealer $10 in gratitude.
5. They cashed in both chips ($200 in total) and headed home.

So, after cashing out, our person would have a net gain of $90 for the evening, assuming I've interpreted your scenario correctly! Wishing them continued prosperity throughout the year."
mistral:7b,0,1,12,5," Miami, renowned for its tropical climate, retiree community, and Cuban-American population, is making strides towards becoming an international art hub. The catalyst for this change is billionaire real estate developer Jorge Pérez, who donated $40 million, half of which came from his private art collection, to the Pérez Art Museum Miami (PAMM).

Ancient villages have been discovered in Miami, and downtown Miami is undergoing a major revitalization. David Beckham plans to construct a stadium there for his newly announced Miami soccer team. The international art and fashion extravaganza Art Basel, held annually in Miami Beach for over a decade, is the country's leading art fair, attracting tens of thousands of people to the five-day event.

Jorge Pérez hopes that his museum will help propel Miami into the global art scene. Cultural institutions have played a significant role in the city's growth, with this museum being a prime example, according to Pérez, who was interviewed by CNN. Prior to becoming known as the Condo King of South Florida, he started as an urban planner, focusing on low-income housing developments. He later co-founded The Related Group of Florida and worked in high-end condo construction during the 1980s.

In 2005, TIME magazine named him one of the top 25 most influential Hispanics in the United States. He has been featured on Forbes' list of the 400 richest Americans several times, making him the only Latino immigrant to achieve this distinction. Born in Argentina to Cuban parents, Pérez grew up in Colombia before migrating to Miami as a teenager. His lifelong passion for Latin American art can be traced back to his upbringing.

In his early 20s, he began collecting paintings by Roberto Matta, Diego Rivera, Wifredo Lam, and Joaquin Torres-Garcia. Now, 110 works from Pérez's private collection are on display inside the three-story, 200,000-square-foot museum designed by Pritzker Prize-winning Swiss architects Herzog & de Meuron. The $220 million building is distinguished by its tall glass windows, said to be the largest hurricane impact resistant in the world, and 70 self-watering hydroponic gardens designed by French landscape artist Patrick Blanc, which hang from every side of the museum.

PAMM focuses on international art of the 20th and 21st centuries and is currently exhibiting Chinese artist-activist Ai Weiwei's According to What? collection. The museum is located in Museum Park, formerly known as Bicentennial Park, which will also house the Patricia and Phillip Frost Museum of Science, set to open in 2015.

Initially, there was controversy surrounding the naming of the Pérez Art Museum after its benefactor, with four board members resigning in protest. While the majority voted in favor of the renaming, they argued that the name should represent the city's central art museum. Despite the initial strife, Pérez expressed pride at being recognized by the board and said he is honored to have his name associated with a worthy cause. Some argue that Miami takes its art more seriously than science when it comes to naming rights, but the name change has been well-received by the community. So far, the Pérez Art Museum has reached the 90% mark in its $220 million capital campaign."
mistral:7b,0,1,12,6," On New Year's Day, residing in the vibrant city of Las Vegas, he ventured to a nearby casino. Striding purposefully, he approached a roulette table. Drawn by the allure of the game, he purchased a single chip worth $100. With a swift flick of his wrist, he tossed a coin into the air, catching it deftly in mid-flip. To his delight, it landed heads up. Confident and exhilarated, he placed his $100 chip on the red section of the table. The dealer set the roulette wheel in motion, which whirled and spun. The silver ball followed suit, traversing the wheel's circumference until it began to decelerate. As both the wheel and ball slowed, anticipation grew among the spectators. With a final drop, the ball nestled into a red slot, securing his win. Grinning triumphantly, he claimed his $100 chip from the dealer, tipping him generously with a $10 bill. Having cashed in both his chips, he returned home, feeling invigorated and hopeful for a promising year ahead."
mistral:7b,0,2,0,0," Game of Kick!

It's a fun game called Kick! Many people enjoy playing it. It's loved everywhere in the world. Watching it is exciting, and it's even more enjoyable to play!

Kick! is a simple game. There are two teams. They play on a big, green field. There's one ball. At each end of the field, there are nets with goals. Each team tries to kick the ball into the other team's goal.

The players can't use their hands. They must use their feet, chests, or heads to move the ball! They run around a lot and sometimes slide on the grass. Sometimes they bump into each other while playing! They play to win!"
mistral:7b,0,2,0,1," Game about Ball is Fun!

Many kids love it. Kids all over the world enjoy it. It's fun to watch, fun to play!

It's easy game. Two groups of children play. On a big green field, they play. One ball and two nets are there. Each group tries to kick ball into other group's net.

Hands can't touch ball. They use feet, chests, heads to move ball instead. Running back and forth, sliding on grass, bumping into each other – they play! They play to win!"
mistral:7b,0,2,0,2," Game time! It's a fun sport called soccer! Lots of kids and grown-ups love it. Soccer is enjoyed everywhere around the world. Watching it is exciting, and playing it can be too!

Soccer is easy to understand. There are two teams who play on a big green field. One ball, two goals with nets, and that's all! Each team tries to kick the ball into the other team's net. Hands aren't allowed—only feet, chests, and heads can move the ball.

Players run, slide, and bump into each other while trying to score points. They want to win!"
mistral:7b,0,2,0,3," Rewrite the passage for Grade 0 readers:

Soccer is a fun game where two teams play with one ball on a big, green field. Each team tries to kick the ball into the other team's net. The players can use their feet, chests, and heads to move the ball but they cannot use their hands. The players may run, slide, or bump into each other while playing. They try hard to win."
0,2,0," Game fun! Many people like. Everywhere in world popular. Look fun, watch fun. Play fun too. Easy game. Two teams play. Field big, green grass. One ball. Two goals have nets. Each team try kick ball other team's net. No hands touch ball. Feet, chest, head move ball. Run back and forth. Slide grass. Crash together. Play to win!"
0,2,0,858299352,77711555,207,53647000,88,697504000
mistral:7b,0,2,0,4," It sounds like you are describing the popular sport known as soccer or football. This game is indeed enjoyed by many around the world, and it can be both fun to watch and play. Two teams compete on a large green field, with each team trying to kick the ball into the opposing team's net to score points. The players use their feet, chest, and head to move the ball, running back and forth while avoiding opponents and sliding on the grass when necessary. Collisions between players can occur, adding excitement to the game. Soccer is a great way for people of all ages to get exercise and enjoy a competitive team sport."
mistral:7b,0,2,0,5," Soccer is fun! Lots of people play it. It's played everywhere around the world. It's fun to watch others play, and it's even more fun to join in! There are two teams. They play on a big green field. There's one ball and two nets with goals. Each team tries to kick the ball into the other team's net. Players can't use their hands – only their feet, chests, or heads to move the ball! The players run, slide, and sometimes bump into each other. They all try to win!"
mistral:7b,0,2,0,6," Game fun, called soccer! Many people love it. Everywhere played, world wide! Watch or play, both fun! Easy game with rules simple:

Two teams, big green field. One ball, two nets with netting. Try kick ball in other team's net. Hands not used, ball touches, not allowed. Feet, chest, head move the ball. Run back and forth, slide on grass, bump each other. Play to win!"
mistral:7b,0,2,2,0," Soccer is a fun sport! Lots of people enjoy it. It's loved everywhere! It's exciting to watch and fun to join in. It's easy to understand. There are two teams. They play on a large green field with grass. There is only one ball. There are two goals with nets, one for each team. The teams try to kick the ball into the other team's net. Players can't use their hands. They can only move the ball using their feet, chests, and heads. They run back and forth on the field, sometimes sliding on the grass. Sometimes they bump into each other while playing. They play to win!"
mistral:7b,0,2,2,1," Soccer is a fun sport! Lots of kids like it. People play it everywhere. It's exciting to watch and play! It's easy, too. Two teams face off on a big green field. There's just one ball. Each team has goals with nets. Teams try to kick the ball into the other team's net. Hands can't touch the ball! Players move it with their feet, chests, and heads. They run back and forth. Sometimes they slide on grass. They might bump into each other. All of this is done to win!"
mistral:7b,0,2,2,2," Soccer is a fun game for kids! Lots of people love it. It's played everywhere around the world. It's fun to watch and play too!

There are two teams in soccer. They play on a big, green field with grass. There's only one ball used. Each team has goals with nets, like targets. The players try to kick the ball into the other team's goal. They can't use their hands – that wouldn't be fair!

They move the ball using their feet, chests, and heads. Sometimes they run fast back and forth. They even slide on the grass and bump into each other when playing!

The teams try to win by being the best at moving the ball into the other team's goal. Can you imagine having a soccer game of your own?"
mistral:7b,0,2,2,3," Rewrite the following passage so that it is appropriate for Grade 2 readers:

Soccer is a fun sport. Many people enjoy playing it. It's loved by lots of folks everywhere. Watching soccer can be exciting. Playing soccer can be a blast, too. It's an easy game to understand. There are two teams. They play on a big green field with grass. There is only one ball. There are two goalposts with nets. Each team tries to kick the ball into the other team's goalpost. The players can't use their hands. They must not touch the ball with their hands. Instead, they move the ball using their feet, chest, or head. The players run back and forth. Some of them slide on the grass. Occasionally, they bump into each other. They play to win!"
0,2,2," Soccer is a fun game for kids! Lots of people love it. It's played everywhere. Watching it is fun, and playing it is too! It's easy to understand. There are two groups, called teams. They play on a big green field with grass. One ball is used. There are two nets with goals at each end. The teams try to kick the ball into the other team's goal. Players can't use their hands. They must not touch the ball with their hands. Instead, they move the ball using their feet, chest, or head. Players run, slide on grass, and bump into each other while playing. They play to win!"
0,2,2,1324659039,79237310,207,54505000,144,1151342000
mistral:7b,0,2,2,4," Absolutely! You've captured the essence of soccer beautifully. It is indeed a popular sport enjoyed by people worldwide, both as spectators and participants. The rules you've mentioned are correct: two teams compete on a grass field with one ball, aiming to score goals by kicking the ball into the opposing team's net.

However, there's one small correction I'd like to make. While it is true that players generally use their feet, chest, or head to control and move the ball, they are allowed to use their hands within certain designated areas (the goal box for outfield players and the penalty area for the goalkeeper). But when the ball is not in these areas, intentionally touching it with one's hands results in a foul.

Thanks for sharing your enthusiasm for soccer! It's great to see people appreciating this wonderful sport. If you have any more questions or if there's something else you'd like to discuss, feel free to ask!"
mistral:7b,0,2,2,5," Soccer is a fun game! Lots of people play it all over the world. Teams wear different colored shirts. They play on a big, green field. There's one ball, and two goals with nets. The teams try to kick the ball into the other team's goal.

The players can't use their hands! They use their feet, chests, and heads to move the ball instead. Sometimes they run fast, slide on the grass, or bump into each other while playing. They want to win the game! If a player gets thirsty, they might drink from a cold cup of juice like water. Enjoy watching or playing soccer!"
mistral:7b,0,2,2,6," Soccer is a fun sport! Lots of people like it. People enjoy it everywhere. It's exciting to watch. It's exciting to join in. It's an easy game to understand. There are two teams. They play on a big green field. Only one ball is used. Each team has goals with nets. The players try to kick the ball into the other team's goal. Hands can't be used. No touching the ball with hands. Players use their feet, chests, and heads to move the ball instead. They run back and forth. Some slide on grass. Sometimes they bump into each other. They play so they can win!"
mistral:7b,0,2,4,0," Soccer is a fun and exciting game that people love! It's played all around the world. It's great to watch and even better to join in! Two teams play on a big, green field with one ball and two goalposts with nets. Each team tries to get the ball into the other team's net. But here's the catch – they can only use their feet, chests, or heads to move the ball! They run back and forth, slide on grass, bump into each other, all while trying to win!"
mistral:7b,0,2,4,1," Soccer is an enjoyable sport played by many! It's loved worldwide. Playing or watching soccer is tons of fun! It's easy to grasp, and there are two teams who battle it out on a big green field. One ball is used, along with two goals that have nets. Each team aims to kick the ball into the other team's goal. Players can't use their hands; they must move the ball using their feet, chest, or head. Running back and forth, sliding on grass, colliding – it's all part of the game as teams try to win!"
mistral:7b,0,2,4,2," Soccer is a super fun sport! Lots of people love it. People play soccer all around the world. It's exciting to watch and even more fun to play!

It's easy because there are just two teams. They play on a big, green field. One ball is used. There are goals with nets at each end. Each team tries to kick the ball into the other team's net.

But here's the rule: players can't use their hands! They must use their feet, chests, or heads to move the ball instead. Players run back and forth, slide on the grass, bump into each other, and try really hard to win!"
mistral:7b,0,2,4,3," Rewrite the passage so it is suitable for Grade 4 readers:

Soccer, also known as football, is a fun game enjoyed by many. It's played all around the globe! Watching and playing soccer can be super exciting. Here's how the game works: There are two teams who play on a large green field with grass. One ball is used in the game, and there are two goals with nets at each end. The aim is for each team to kick the ball into the other team's goal. But here's the rule - players can't use their hands! Instead, they use their feet, chests, or heads to move the ball around. Players often run back and forth, slide on the grass, bump into one another, all while trying to score a goal to win the game."
0,2,4," Soccer is a fun sport that lots of people enjoy! It's played everywhere around the world. Watching and playing soccer can be lots of fun!

It's easy to learn since there are only two teams who play on a large, green field. There's one ball and two goals with nets. Each team tries to kick the ball into the other team's net. But, they can't use their hands – only their feet, chests, or heads!

The players run back and forth, slide across the grass, and bump into each other as they try to score. They work hard to win!"
0,2,4,1241679918,78993021,207,53799000,134,1071304000
mistral:7b,0,2,4,4," Absolutely! You've captured the essence of soccer quite well. Here are a few additional points that might be interesting:

1. **History**: Soccer, also known as football in many parts of the world, has a rich history dating back over 2,000 years. It is believed to have originated from various ancient cultures including China, Japan, and Rome. The modern game began to take shape in England during the mid-19th century.

2. **Rules**: Besides trying to score goals, there are several other rules that govern the game. For instance, players are not allowed to hold the ball with their hands for more than six seconds, and they cannot intentionally trip or kick an opponent (foul play).

3. **Strategies**: Teams employ different strategies to outsmart each other on the field. This could include playing a possession-based game, counter-attacking, or using a tactical formation that suits their players' strengths.

4. **Tournaments**: Some of the most famous soccer tournaments are the FIFA World Cup (men's) and UEFA Women's Euro (women's). These events attract millions of spectators worldwide and generate significant global interest.

5. **Cultural Impact**: Soccer is deeply ingrained in the culture of many countries, with matches often being a source of national pride. In some places, it even influences social dynamics, politics, and economy to various degrees.

6. **Fitness Benefits**: As you mentioned, playing soccer requires physical fitness, as players run an average of 7-10 kilometers (around 4-6 miles) during a game. It also improves agility, coordination, and teamwork skills.

Overall, soccer is indeed a fun sport with numerous benefits and a rich cultural heritage!"
mistral:7b,0,2,4,5," Hey Sammy!

Just a quick note to say your plan sounds awesome! On Saturday works best for me as I've got plans with my folks on Sunday. If that date still suits you, how about visiting us here? That way, you can check out our new place and the kitchen improvements since we moved in! We'll have dinner at home then go for a walk later. I can't wait to catch up after so long! Excited to hear all about your new job!

Our address is 52 Charles Road, but finding it might be tricky because the house numbers here are a bit strange. Take a left at the post office and go past the big white house on Charles Road. You'll find a small street with houses 50–56 just behind it. Strange, right? No separate name for this side street! If you ever feel lost, don't hesitate to call me, and I'll come pick you up.

Let me know if there are any foods you like or dislike. Can't wait to see you soon!

See you later!
Gregor"
mistral:7b,0,2,4,6," Soccer is a great game! Lots of folks enjoy it. It's loved everywhere you go! It's super fun to watch, and even more fun to play! This game is easy to understand. There are two teams that play on a big, green field. One ball is used, and there are goals with nets. Each team tries to kick the ball into the other team's net. But no hands are allowed - only feet, chests, and heads can move the ball! Players run back and forth, slide on grass, bump into each other, and play to win!"
mistral:7b,0,2,6,0," Soccer is a great game enjoyed by many! It's loved worldwide. It's exciting to watch and even more fun to participate in. Best of all, it's simple to understand. There are two teams competing against each other. They play on a large green field, with one ball and two goalposts having nets. The objective is for each team to kick the ball into the opposing team's net. However, players can only use their feet, chests, or heads – they may not touch the ball with their hands. Players run back and forth on the grassy field, sometimes sliding, colliding, and attempting to outsmart one another as they strive to win!"
mistral:7b,0,2,6,1," Soccer is an enjoyable sport that's loved by many! People from everywhere play it, and it's a blast to both watch and participate in. It's straightforward – there are two competing teams playing on a large, green field with one ball and two goalposts fitted with nets. The objective? Score points by kicking the ball into the other team's net, but remember: players can only use their feet, chest, or head to move the ball; no hands allowed! Players run back and forth, sometimes sliding on grass, and occasionally bumping into each other. They aim to win!"
mistral:7b,0,2,6,2," Soccer is a great game enjoyed by many! It's played everywhere around the world. Watching and playing soccer can be loads of fun. This game isn't complicated – there are just two teams. They compete on a large, green field with grass. One ball and two goals with nets are also part of the game. The goal is for each team to kick the ball into the other team's net. Here's the rule: no hands! Players use their feet, chests, or heads to move the ball, not their hands. During the game, players run back and forth on the field, sometimes sliding on the grass, and sometimes bumping into each other – all while trying to win!"
mistral:7b,0,2,6,3," Rewrite the passage so that it is appropriate for Grade 6 readers:

Soccer, also known as football, is a thrilling sport enjoyed by many. It's played across the globe and offers excitement both for spectators and players. On a large green field, two teams compete with one ball and two goal posts each equipped with nets. The objective is to score points by kicking the ball into the opposing team's net, but remember - no hands allowed! Players can use their feet, chests, or heads to maneuver the ball. As they run back and forth, they may slide on the grass and occasionally bump into each other, all in a bid to come out victorious."
0,2,6," Soccer is an enjoyable sport played by many people worldwide! It's a blast to both watch and play. This game is straightforward, with two teams competing against each other. They play on a large green field with just one ball and two goals equipped with nets. Each team strives to kick the ball into the opposing team's net. Players can only use their feet, chests, or heads to move the ball – no hands allowed! They dart back and forth, slide along the grass, collide, and work hard to win!"
0,2,6,1092009629,75975382,207,53380000,116,927607000
mistral:7b,0,2,6,4," Absolutely! Soccer, also known as football in many parts of the world, is indeed a popular and exciting sport. It's played by two teams, each consisting of 11 players, on a rectangular field with goal posts at each end. The objective is to score goals by getting the ball into the opposing team's net.

Players can use any part of their body except their hands or arms (excluding the forearm when it's close to the body) to move the ball. They employ a variety of skills, such as passing, dribbling, and shooting, to outmaneuver the opposing team and score goals.

Defending the goal is also crucial, and players often engage in tackles or blocks to prevent the opponents from scoring. The game's dynamics make it both thrilling for spectators and challenging for players. It's a wonderful way to promote physical fitness, teamwork, and sportsmanship!"
mistral:7b,0,2,6,5," Here's a Grade 6-friendly version of the passage:

Bob bought a house, but it wasn't perfect. It was cheap because it was in an old neighborhood with a history of trouble. The previous owners lost their home, and some people fixed it up to sell it quickly. They put new appliances in the kitchen and new carpets on the floors, but they didn't fix important things like the electricity or the windows.

When Bob moved in, he found out that the house needed a lot of work. The old electrical system kept going out when he ran too many appliances at once. He had to spend over $1,000 to get it fixed. The carpets were new, but they covered up the original wooden floors. Bob decided to take them off and make the floors look nice again, which cost another $3,000.

The house was an old stucco house that got very hot in the summer and cold in the winter. The people who fixed it up used cheap windows. To keep the house comfortable, Bob hired someone to put in new double-pane storm windows and install ceiling fans. That cost a few more thousand dollars. To make the house use less electricity, he leased solar panels that were put on the roof. This lowered his electric bill each month and added value to the home.

In just two years, Bob spent over $20,000 making changes to the house. In that time, the value of his home went up almost $100,000! Bob felt he made a good investment because when he sells the house, he will get more money than he paid.

Here's a simple explanation of soccer: It's a game played by two teams on a big grassy field. There's one ball and two goals with nets. Each team tries to kick the ball into the other team's net. The players can't use their hands or touch the ball with their hands, so they move the ball using their feet, chests, and heads. They run back and forth, slide on the grass, crash into each other, and play to win!"
mistral:7b,0,2,6,6," Soccer is an enjoyable sport played by many! It's beloved worldwide, and it's fun to both watch and participate in. It's a game with easy rules – there are two teams who play on a large green field with one ball and two goals that have nets. The aim of the game is for each team to kick the ball into the opposing team's goal without using their hands. Instead, players move the ball by using their feet, chests, or heads. They run around, slide on the grass, and sometimes bump into each other while trying to outscore their opponents!"
mistral:7b,0,2,8,0," Soccer is an enjoyable team sport played worldwide! It's thrilling both to spectate and participate in. The game takes place on a large, green field, with two teams competing against each other. There's only one ball and two goals equipped with nets. Each side aims to score by kicking the ball into their opponent's goal without using their hands. Instead, players move the ball using their feet, chests, or heads, while they run back and forth, sometimes sliding on grass, colliding, and vying for victory!"
mistral:7b,0,2,8,1," Soccer is an enjoyable sport that's loved by many. It's played worldwide, and it's exciting to both watch and participate in! It's easy to grasp, with two teams battling it out on a large green field. Only one ball is used, along with two goalposts equipped with nets. The objective? Kick the ball into the other team's net! However, there's a rule: no using hands or touching the ball with your hands. Instead, you move the ball using your feet, chest, and head. Players often dash back and forth, slide on grass, and collide – all in their pursuit of victory!"
mistral:7b,0,2,8,2," Soccer is an enjoyable sport that's loved by many! It's played worldwide, making it a global favorite. Watching or playing soccer can be a blast! It's easy to get into because it's straightforward. Two teams compete on a large green field. Only one ball is used, and each team has two goals with nets. The goal is to kick the ball into the other team's net. However, players cannot use their hands – they have to keep them off the ball! Instead, they move the ball using their feet, chests, or heads. Players run back and forth, slide on grass, bump into each other, but all for the thrill of victory!"
mistral:7b,0,2,8,3," Rewrite the following passage for 8th-grade readers:

Soccer, also known as football in some parts of the world, is a thrilling game that's enjoyed by many. It has a wide global fan base and is exciting to both watch and participate in. The rules are straightforward, yet the game can be quite intense.

Two teams face off on a large, green field, with one ball and two goal posts equipped with nets. Each team aims to score points by kicking the ball into their opponents' net without using their hands. Instead, players employ their feet, chests, and heads to control and advance the ball. They run back and forth, slide on the grass, and sometimes collide while playing aggressively in an effort to win."
0,2,8," Soccer is an enjoyable sport that's loved by many. It's played worldwide and is fun for both spectators and participants. It's a straightforward game with two teams battling it out on a large green field. The field has one ball and two goalposts with nets. Each team aims to kick the ball into the opposing team's net without using their hands. Players move the ball by kicking, chest-passing, or heading it. They run back and forth, slide on the grass, collide, and play hard to win!"
0,2,8,1102357434,78430179,207,54174000,117,932979000
mistral:7b,0,2,8,4," That's a wonderful description of soccer! You captured its essence perfectly. Here are some additional fun facts about the sport:

1. Soccer is the world's most popular sport, with over 265 million players across the globe, according to FIFA (Fédération Internationale de Football Association).

2. The modern game of soccer originated in England during the mid-19th century when the rules were standardized by the Football Association (FA). However, the history of soccer dates back over 2,000 years to ancient civilizations like China, Greece, and Rome.

3. The first official international soccer match was played on March 30, 1870, between Scotland and England at Hamilton Crescent in Glasgow, Scotland. The Scots won 2-1!

4. The world's most famous soccer tournament is the FIFA World Cup, which takes place every four years. Brazil has won the most titles with five victories, followed by Germany (four).

5. Lionel Messi and Cristiano Ronaldo are currently two of the greatest soccer players in history. They have dominated the sport for over a decade and hold numerous records, such as scoring the most goals in a calendar year.

6. In professional leagues around the world, each match lasts 90 minutes (including halftime), but international matches, including the World Cup, can go up to extra time and penalty kicks if needed.

7. The offside rule is one of soccer's most unique regulations. It prohibits an attacker from being in a position where they are closer to the opponent's goal line than the ball and two opposing players when the ball is played by their team.

8. Soccer balls have evolved over time, with various designs and materials used for their construction. The current official soccer ball for international matches is the Adidas Telstar 18, which was used in the 2018 FIFA World Cup held in Russia.

9. The term ""foul"" in soccer refers to any illegal action by a player that impedes the opposing team's progress or is considered dangerous play. Examples include tripping, pushing, and handling the ball with hands or arms.

10. One popular fan tradition during soccer matches is chanting and singing songs to support their favorite teams. Some chants have become iconic, like Chelsea fans shouting ""Blue is the color"" or Tottenham Hotspur supporters' famous ""Glory, glory Hallelujah."""
mistral:7b,0,2,8,5," At a soccer game, you'll find two teams competing against each other. They play on a large field covered in grass, and the objective is to score points by getting a ball into the opposing team's goal. The players can use their feet, chests, or heads to move the ball but not their hands. The game involves lots of running back and forth, sliding on the grass, and even collisions as the teams try their best to win! It's both fun to watch and play this popular sport that is loved all over the world."
mistral:7b,0,2,8,6," Soccer is an enjoyable sport played by many worldwide! It's fun to watch and even more exciting to join in. This easy-to-grasp game involves two teams running around a large, green field with just one ball and goals equipped with nets. Each team attempts to score points by getting the ball into the opposing team's net, but here's the twist - they can't use their hands! Instead, players move the ball using their feet, chests, or heads as they dash back and forth, sometimes sliding on the grass and even colliding with each other. The goal is to win!"
mistral:7b,0,2,10,0," Title: Soccer for Teens

Soccer is an entertaining sport that's enjoyed by many. It boasts a global fanbase, making it a universally recognized game. Watching or playing soccer can be thrilling! It's a straightforward game with two competing teams. They battle it out on a large green field. A single ball and two goalposts, each with a net, are the essential equipment. The objective is to maneuver the ball into the opposing team's goal without using hands. Players use their feet, chests, or heads to move the ball. Expect lots of running, sliding, and collisions as they compete to emerge victorious!"
mistral:7b,0,2,10,1," Title: Soccer: A Global Favorite

Soccer is an enjoyable sport that's played worldwide. It's exciting both to spectate and participate in. Two teams face off on a large, green field, each with a single ball and goals equipped with nets. The objective is for players to propel the ball into their opponents' net using only their feet, chests, or heads. No hands are allowed. Matches are characterized by swift running, sliding on grass, collisions, and the relentless pursuit of victory."
mistral:7b,0,2,10,2," Soccer is a fun, worldwide-loved game! It's thrilling to watch and even more exciting to play. This game is easy to grasp and involves two teams battling it out on a large green field. One ball and two goal posts with nets are all you need. The objective? Kick the ball into the opposing team's net, but remember, no hands allowed! Players move the ball using their feet, chests, or heads. They run, slide, and sometimes collide while playing hard to win."
mistral:7b,0,2,10,3," Rewrite the following passage for Grade 10 readers, ensuring it is easier to understand:

Soccer, or football as it's known in many countries, is an exciting game enjoyed by millions worldwide. Watching or playing soccer can be thrilling due to its competitive nature and fast-paced action. Here's a basic rundown of the rules and gameplay:

Two teams compete against each other on a large, grassy field. The objective is to score more goals than the opposing team by kicking a ball into their net using only feet, chests, or heads. However, players are not allowed to use their hands to touch the ball intentionally. This sport requires agility, strategy, and physical strength, as players run back and forth, slide across the grass, and collide with one another in pursuit of scoring a goal. Ultimately, the aim is to win by outsmarting and outmaneuvering the opposition."
0,2,10," Soccer is a great game that many people enjoy! It's popular everywhere, and it can be fun to watch or play. This game has simple rules: there are two teams, and they play on a large green field with one ball. The objective is for each team to kick the ball into the other team's goal, which has a net at the end. Important rule: players can't use their hands! Instead, they move the ball using their feet, chests, or heads. During the game, players often run back and forth, slide on the grass, bump into each other, and try their best to win!"
0,2,10,1235691139,78163569,209,53491000,133,1063208000
mistral:7b,0,2,10,4," Absolutely! Soccer, also known as football in many parts of the world, is indeed a beloved sport enjoyed by millions across the globe. As you've correctly stated, the fundamental objective is for each team to score goals by kicking the ball into the opposing team's net.

Here are some additional details about the game that might be interesting:

1. A soccer match lasts 90 minutes in total, divided into two halves of 45 minutes each. There is a break of 15 minutes at half-time for players to rest and regroup.

2. Each team can have up to eleven players on the field at a time, including the goalkeeper. However, only ten are allowed in the penalty area at any given moment.

3. The field of play is rectangular, usually made of grass or artificial turf, with a width of between 100 and 130 yards (90-120 meters) and a length of between 50 and 100 yards (45-90 meters).

4. The ball used in soccer is spherical, typically made of leather or synthetic materials, and it's usually around 27 to 28 inches (68 to 71 centimeters) in circumference.

5. A goal scored by a team awards them one point, with the exception that three points are given if the game is played under the ""goals scored system"" or ""points system."" The team with the most points at the end of the match wins. In case of a draw, extra time and potentially a penalty shootout might be played to determine the winner.

6. Fouls, which include tripping, holding, and pushing, can result in free kicks or penalties for the opposing team, providing them with an opportunity to advance towards the goal.

7. The offside rule is another important aspect of soccer. A player is considered offside if, at the moment the ball is played by a teammate, they are closer to the opponent's goal line than the ball and also in line with the second-last opposing player. Offside results in a free kick or corner kick for the opposing team, depending on where the infraction occurred.

8. There are different variations of soccer that cater to various age groups and skill levels, such as mini-soccer (for young children) and futsal (an indoor version)."
mistral:7b,0,2,10,5," Title Announcement: Fear the Walking Dead, a New Series Spin-off of AMC's Popular Show

The exciting news is out! The companion series to the hit show The Walking Dead has been given a title - Fear the Walking Dead. This series will serve as a prequel to the original and has been through development stages under the codenames Cobalt and Fear the Walking Dead.

AMC announced the series pickup and renewal for the yet-to-be-titled spin-off on March 9th. The show's executive producer, Robert Kirkman (who also created the comic book series of The Walking Dead), co-wrote the pilot with Dave Erickson from Sons of Anarchy. Alongside Kirkman and Erickson, Gale Anne Hurd and Dave Alpert, known for their work on The Walking Dead, will executive produce as well. Erickson will serve as showrunner, and Adam Davidson has been appointed to direct the pilot. Greg Nicotero, responsible for the visual effects of The Walking Dead, will also be involved in this series as an executive producer.

Although AMC remains tight-lipped about the specifics of Fear the Walking Dead's plot, sources suggest that the drama unfolds in Los Angeles at the start of the zombie outbreak. AMC has confirmed that it is set in Los Angeles but has revealed little beyond stating that it will focus on new characters and storylines.

Cliff Curtis (Gang Related) stars as Sean Cabrera, a teacher with a shared son with his ex-wife. Kim Dickens from Sons of Anarchy is set to co-star as Nancy, a guidance counselor who works at the school with Sean and is romantically involved with him. Frank Dillane (Harry Potter and the Half-Blood Prince) portrays Nancy's son Nick, who has struggled with drug problems. Alycia Debnam Carey (Into the Woods) plays Nancy's ambitious daughter Ashley, who dreams of leaving Los Angeles for Berkeley when the apocalypse occurs.

Fear the Walking Dead will premiere in late summer, with a second season set for 2016. The official premiere date has yet to be announced. The season five finale of the flagship series airs Sunday at 9 p.m.

(C) 2015 The Hollywood Reporter. All rights reserved."
mistral:7b,0,2,10,6," Soccer is an entertaining sport that's widely enjoyed across the globe. It's a game filled with excitement, whether you're watching or participating in it. Despite its simplicity, there are certain rules that make it engaging.

The game is played between two teams on a large, green field. One ball and two goals with nets are involved. The main objective for each team is to kick the ball into the opposing team's net. Here's an important rule: players aren't allowed to use their hands. Instead, they use their feet, chests, or heads to maneuver the ball.

During a game, players run back and forth, sometimes sliding on the grass, colliding with each other in pursuit of victory. The ultimate goal is to outsmart the opponents and score more goals than them."
mistral:7b,0,2,12,0," Soccer, a globally beloved sport, is characterized by its engaging nature and widespread popularity. The game's appeal stems from its thrilling spectacle and participatory aspect, captivating audiences and players alike across the globe.

The game's fundamental simplicity lies in its two competing teams maneuvering a single ball on a sprawling grassy field, each aiming to score by propelling the ball into their opponent's net using any part of their body except their hands. The feet, chest, and head are the primary tools employed for moving the ball, while the strategy, skill, and physicality involved in navigating the field and evading opponents make it an exhilarating experience.

Players vigorously run back and forth, slide on the grass, collide with each other, and employ various tactics to gain advantage over their rivals, all in pursuit of victory."
mistral:7b,0,2,12,1," Soccer is an entertaining sport that enjoys global popularity, appreciated both as a spectacle and an active pursuit. Its simplicity lies in its fundamental rules: two competing teams engage in a match on a vast expanse of green turf, with a single ball and goals equipped with nets. The objective is to propel the ball into the opposing team's goal, under the condition that players may not use their hands during play. Instead, they employ feet, chests, and heads to maneuver the ball, displaying agility and skill as they dart back and forth across the field, executing slides on the grass, and occasionally colliding with each other in pursuit of victory."
mistral:7b,0,2,12,2," Soccer is an entertaining sport that's widely enjoyed across the globe. Watching or participating in it can be a blast! It's a straightforward game with two competing teams. They face off on a large, green field with a single ball and goals equipped with nets. Each team aims to propel the ball into the opposing team's goal. The players are prohibited from using their hands to touch the ball – they must use their feet, chests, or heads instead. The action unfolds as players sprint back and forth, slide on the grass, collide with each other, all while aiming for victory."
mistral:7b,0,2,12,3," Rewrite the passage for Grade 12 readers, focusing only on adjusting the language level and vocabulary without altering the content:

Soccer is an engaging sport that enjoys widespread popularity across the globe. It provides both spectators and participants with a thrilling experience. The game's basic structure appeals to all age groups due to its simplicity. Two teams compete against each other on a large, green expanse of grass known as a field. A single ball is employed in the match, with two goalposts equipped with nets at either end. The objective is for each team to maneuver the ball into the opposing team's net. Players are prohibited from using their hands during the game and must rely on various body parts, such as feet, chests, and heads, to manipulate the ball. The players run back and forth across the field, sometimes sliding along the grass or colliding with one another in pursuit of victory."
0,2,12," Soccer is an exciting game that's enjoyed by many across the globe. It's entertaining both for spectators and participants alike. This simple yet engaging sport involves two teams competing against each other on a large, green field. The players use their feet, chests, and heads to move a single ball, with the ultimate goal of kicking it into the opponent's net. However, hands are off-limits—they cannot touch the ball during play. With lots of running, sliding, and occasional collisions, the game is all about winning!"
0,2,12,1076509969,73466330,209,53911000,114,909579000
mistral:7b,0,2,12,4," Absolutely! Soccer, also known as football in many parts of the world, is indeed a fascinating sport that brings together people from diverse backgrounds. The beauty of soccer lies not only in its simplicity but also in its complexity - it requires physical fitness, strategic thinking, teamwork, and skill to excel.

Players on each team work tirelessly to advance the ball towards their opponent's goal, attempting to score by kicking the ball into the net. The opposing team defends its goal, aiming to prevent this from happening. The game is full of action - from fast-paced runs with the ball to tactical passes, dribbles, and clever maneuvers.

Moreover, soccer fosters camaraderie among team members as they collaborate on the field, each player having a unique role to play in order to win. The adrenaline rush during a close match is unparalleled, making it an exhilarating experience for both players and spectators alike.

In summary, soccer is more than just a game; it's a global phenomenon that embodies competition, sportsmanship, camaraderie, and passion."
mistral:7b,0,2,12,5," Miami is renowned for its tropical climate, retiree community, and Cuban-American population, but not as a significant international art hub. However, this could change with the efforts of billionaire real estate developer Jorge Pérez.

Pérez, who is also an art enthusiast, donated $40 million to the Pérez Art Museum Miami (PAMM), making it one of the few major institutions in the United States with a Hispanic name. This museum has played a critical role in Miami's growth, according to Pérez himself.

Before becoming known as the Condo King of South Florida, Pérez started his career as an urban planner, focusing on low-income housing developments. He then co-founded The Related Group of Florida and worked in high-end condo construction in the 1980s. In 2005, TIME magazine named him one of the top 25 most influential Hispanics in the United States. Pérez has also appeared on Forbes' list of 400 richest Americans several times, making him the only Latino immigrant to do so.

Born in Argentina to Cuban parents, Pérez grew up in Colombia before moving to Miami as a teenager. His lifelong passion for Latin American art stems from his upbringing. In his early 20s, he began collecting paintings by Roberto Matta, Diego Rivera, Wifredo Lam, and Joaquin Torres-Garcia. Today, 110 works selected by the museum from Pérez's private collection are on display at PAMM, housed in a three-story, 200,000-square-foot building designed by Swiss architects Herzog & de Meuron.

The museum focuses on international art of the 20th and 21st centuries. Currently, it is exhibiting Chinese artist-activist Ai Weiwei's According to What? collection. PAMM is one of the main attractions in Museum Park, which will also house the Patricia and Phillip Frost Museum of Science, set to open in 2015.

The Pérez Art Museum had a bit of controversy surrounding its naming, with some board members resigning in protest when it was decided to name the museum after Pérez. However, Pérez has been involved with the museum since before the building project began and said he is honored by the recognition."
mistral:7b,0,2,12,6," Soccer, a globally acclaimed diversion, is characterized by its entertaining nature. It boasts an extensive fanbase that spans across continents. The game's allure lies in both watching and participating. Its appeal stems from its inherent simplicity. Comprising two competing teams, the action unfolds on a large expanse of grass, known as the field. A singular ball serves as the centerpiece, while at either end, goals equipped with nets await. The objective is for each team to maneuver the ball into their opponents' goal using only their feet, chests, or heads. Players engage in dynamic movement, running back and forth across the field, often sliding on the grass, colliding, and vying for victory."
mistral:7b,2,0,0,0," Dad took little Chris to a baseball game. The Dodgers played against Giants. The Dodgers stayed at home, and the Giants visited. Dad and Chris entered Dodger Stadium. Lots of people were there, wanting the Dodgers to win and the Giants to lose. They found their seats and sat down. The game already began! Chris told his dad he was hungry. So, dad bought two bags of peanuts for Chris. Two hot dogs too. And a big drink as well! A ball flew towards them. People jumped to catch it. It knocked over Chris' drink. Dad quickly bought him another one."
mistral:7b,2,0,0,1," Dad and Chris went to a baseball match. The Dodgers were playing the Giants at home. Dad and Chris walked into a big stadium called Dodger Stadium. Many people watched as the Dodgers tried to win, while hoping the Giants would lose. Dad and Chris sat down in their seats.

Chris said he was hungry, so Dad bought him peanuts, hot dogs, and a big drink. A ball hit near them, making everyone dive for it. It knocked Chris' drink over! So Dad got him another one."
mistral:7b,2,0,0,2," Dad and Chris went to a fun baseball game!

The Dodgers were playing the Giants at Dodger Stadium. The Dodgers were home, while the Giants visited.

Dad and Chris found seats together. They watched as the game began. Chris told his dad he was hungry. So, Dad bought tasty peanuts, hot dogs, and a big drink for him!

But oh no! A ball came close, making everyone dive. It knocked over Chris' drink! No worries, though – Dad got another one right away!"
mistral:7b,2,0,0,3," Rewrite the following passage for Grade 0 readers:

Daddy took little Chris to play baseball. The good guys, named Dodgers, were playing against the other team, called Giants. The Dodgers lived in their own special place called Dodger Stadium. The Giants came from far away to visit. Daddy and Chris walked into Dodger Stadium. Many people were there, all wanting to cheer for the Dodgers and boo at the Giants. They found seats where they sat down. The game had already started. Chris told Daddy he was hungry. Daddy bought some tasty peanuts, two hot dogs, and a big drink for Chris. A ball hit near them. Everyone jumped to get it. They knocked over Chris' drink. Daddy quickly bought him another one."
2,0,0," Dad and Chris go to baseball game. Dodgers play Giants. Dodgers home team, Giants visitors. Dad and Chris enter Dodger Stadium. Lots people there. Most want Dodgers win. Want Giants lose. Find seats, sit down. Game started already. Chris say hungry. Dad buy peanuts, hot dogs, soda for Chris. Foul ball come. People dive for foul ball. Knock Chris' soda over. Dad buy him new soda."
2,0,0,983929176,81640332,217,55458000,102,809605000
mistral:7b,2,0,0,4," It sounds like you and your son had a fun time at the baseball game! The atmosphere of Dodger Stadium must have been exciting with so many people cheering for the Dodgers. I'm sorry about the incident with Chris' soda getting knocked over, but it seems that your quick response by buying him a new one helped brighten his mood again. Enjoy the rest of the game and go Dodgers!"
mistral:7b,2,0,0,5," Chris went to a baseball game with his Dad. The Dodgers played against Giants. The Dodgers stayed home, and the Giants visited. They went to Dodger Stadium where lots of people gathered. Most folks hoped the Dodgers would win, while some wanted the Giants to lose. Chris and Dad found their seats and sat down. The game was already on! Chris said he felt hungry. Dad bought two bags of peanuts and two hot dogs for Chris. He also got a big soda for him. A ball flew close, people tried to catch it, but knocked over Chris' soda. So, Dad got him another soda!"
mistral:7b,2,0,0,6," Dad and Chris went to a baseball game! The Dodgers played the Giants. The Dodgers stayed home, while the Giants visited. They went inside Dodger Stadium. Lots of people were there, wanting the Dodgers to win and the Giants to lose.

Dad and Chris found their seats and sat down. The game started before they did! Chris told Dad he was hungry. So Dad bought him two bags of peanuts and two hot dogs. Plus a big drink too!

A ball flew close by, making everyone dive. It knocked over Chris' drink. But Dad got him another one right away."
mistral:7b,2,0,2,0," Dad brought his son Chris to a baseball match. The Los Angeles Dodgers were playing against the San Francisco Giants. The Dodgers lived at home, and the Giants visited. Dad and Chris walked into Dodger Stadium. Many people were there, most wanting to see the Dodgers win and the Giants lose. They found their seats and sat down, for the game had already started. Chris told his dad he was hungry, so Dad bought two bags of peanuts, two hot dogs, and a big soda for Chris. A foul ball came close to them, people jumped for it, and they spilled Chris' soda. Dad got him another soda."
mistral:7b,2,0,2,1," Dad brought son Chris to the baseball match. The Los Angeles Dodgers battled San Francisco Giants. The Dodgers lived there, while the Giants visited. Dad and Chris stepped into Dodger Stadium. Many folks were present. Most hoped for a Dodgers victory. Some wished for Giants losses. They reached their seats. They took a seat. The game had begun before they arrived. Chris told Dad he was hungry. Dad bought two bags of peanuts, two hot dogs, and a large drink for Chris. A ball went astray towards them. People jumped for the stray ball. They knocked over Chris' drink. Dad bought him another drink."
mistral:7b,2,0,2,2," Dad and Chris went to a baseball game. The Dodgers were playing the Giants. The Dodgers stayed at home, while the Giants visited. Dad and Chris entered Dodger Stadium. Lots of people were there, all eager to see the Dodgers win and the Giants lose. They found their seats and sat down. The game had already begun. Chris told Dad he was hungry. So, Dad bought two bags of peanuts and two hot dogs for Chris. Plus, a big drink too! A ball missed its target and came close to them. People jumped to catch it. It spilled Chris' drink. Dad got him another one right away."
mistral:7b,2,0,2,3," Rewrite the following passage for Grade 2 readers:

Dad took his son, Chris, to a baseball match. The team playing was the Los Angeles Dodgers and the other team was the San Francisco Giants. The Dodgers were the ones playing at home, while the Giants were the visitors. Dad and Chris went into Dodger Stadium. There were lots of people there who wanted the Dodgers to win and didn't want the Giants to win. They found their seats and sat down, but the game had already begun. Chris told his dad he was feeling hungry. So, his dad bought two bags of peanuts and two hot dogs for Chris. He also got a big drink for Chris. Then, a ball that missed the target (foul ball) came near them. People tried to catch it and knocked over Chris's drink. His dad bought him another drink right away.

Here is the simplified version:

Dad took his son Chris to see a baseball game. The teams were the Dodgers and Giants. The Dodgers were at home, while the Giants visited. They went inside Dodger Stadium where many people were watching. Most people wanted the Dodgers to win and didn't want the Giants to. Dad and Chris sat in their seats and watched the game start. Chris told his dad he was hungry. Dad bought him peanuts, hot dogs, and a drink. A ball missed the target (foul ball) and knocked over Chris's drink. His dad bought him another one quickly."
2,0,2," Dad and Chris went to a fun game. The Dodgers played the Giants. The Dodgers stayed home, while the Giants visited. Dad and Chris went into Dodger Stadium. Many folks were there, hoping the Dodgers would win and the Giants would lose. They found their seats and sat down. The game already started. Chris said he was hungry. So, Dad bought two bags of peanuts for Chris. He also got two hot dogs and a big drink for him. A ball flew close to them. People jumped for it. It knocked over Chris' drink. Dad bought him another one."
2,0,2,1200774300,79428353,217,54879000,127,1016520000
mistral:7b,2,0,2,4," That sounds like an exciting day at the baseball game! The tension between the Dodgers and Giants must have made the atmosphere electric. It was thoughtful of your dad to provide snacks for Chris, especially when he got hungry. And handling the spilled drink quickly shows how attentive he is.

Here's a continuation of the story:

As the game progressed, the score remained tight. The fans cheered every time their team made a good play. In the seventh inning, a crucial moment happened when the Dodgers scored a home run, taking the lead. The crowd erupted with joy! Chris was thrilled, clapping his hands and cheering alongside Dad.

The remaining innings passed quickly, with both teams displaying great defense. With two outs in the ninth inning, the Dodgers' pitcher managed to strike out the Giants' batter, securing the victory for the home team. The crowd went wild, and you could see the relief and joy on Dad and Chris' faces.

After the game, they walked back to their car, discussing the highlights of the match. On the way home, they stopped at a fast-food restaurant to grab some dinner before heading back. All in all, it was a great day spent together watching a thrilling baseball game."
mistral:7b,2,0,2,5," Dad took Chris, his son, to a baseball game. The Dodgers from Los Angeles were playing the Giants from San Francisco. The Dodgers were the team playing at home, while the Giants were visitors. Dad and Chris walked into Dodger Stadium. Many people were there who wanted the Dodgers to win and the Giants to lose. They found their seats and sat down, for the game had already started. Chris told his dad that he felt hungry. So, Dad bought two bags of peanuts, two hot dogs, and a big soda for Chris. Suddenly, a ball flew towards them. People jumped to catch it, but they accidentally spilled Chris' soda. Dad then bought him another one."
mistral:7b,2,0,2,6," Dad and Chris went to a baseball game at Dodger Stadium. The Los Angeles Dodgers were playing the San Francisco Giants. The Dodgers were the team at home, while the Giants came to visit.

Dad and Chris walked inside and saw many people there. Most folks wanted the Dodgers to win and for the Giants to lose.

Chris found he was feeling hungry. So Dad bought some peanuts, hot dogs, and a big soda for him. A ball hit nearby, and people jumped to catch it. It knocked over Chris' soda! But Dad quickly bought him another one."
mistral:7b,2,0,4,0," Dad took his son Chris to a baseball game. The Los Angeles Dodgers were playing the San Francisco Giants at Dodger Stadium. The Dodgers were the team playing at home, while the Giants were the visitors. Many people had gathered to watch the match. Most of them hoped the Dodgers would win and the Giants would lose. Dad and Chris found their seats and sat down. The game was already in progress when they arrived. Chris told his dad he was feeling hungry. So, Dad bought two bags of peanuts, two hot dogs, and a big soda for Chris. Suddenly, a foul ball came towards them. People dove to catch the ball, but it knocked Chris's soda over. His dad quickly got him another one."
mistral:7b,2,0,4,1," Dad took his son Chris to a baseball game. The Los Angeles Dodgers were playing against the San Francisco Giants. The Dodgers stayed at home, while the Giants visited. Dad and Chris entered Dodger Stadium. Lots of people were there, hoping the Dodgers would win and the Giants would lose. They found their seats and sat down. The game had already begun. Chris told his dad he was feeling hungry. So, Dad bought two bags of peanuts for Chris. He also got two hot dogs and a big drink for him. A ball missed its target and came near them. People jumped to catch it, but it spilled Chris' drink. His dad bought him another one."
mistral:7b,2,0,4,2," Dad and son, Chris, went to a baseball game. The Los Angeles Dodgers were playing against the San Francisco Giants. The Dodgers played at home, while the Giants visited. Dad and Chris walked into Dodger Stadium. Lots of people were there, mostly cheering for the Dodgers to win and the Giants to lose. They found their seats and sat down. The game was already in progress. Chris told his dad he was feeling hungry. So, Dad bought two bags of peanuts, two hot dogs, and a big soda for Chris. Suddenly, a foul ball came towards them. People jumped to catch it, but it spilled Chris's soda. Dad got him another one right away."
mistral:7b,2,0,4,3," Rewrite the following passage so it is appropriate for Grade 4 readers: Dad took his son, Chris, to a baseball game. The Los Angeles Dodgers were playing the San Francisco Giants. The Dodgers were playing at home, while the Giants were visiting. Dad and Chris made their way into Dodger Stadium. Lots of people had gathered there. Most of them wanted the Dodgers to win and the Giants to lose. After finding their seats, Dad and Chris sat down just as the game began. Chris then told his dad that he was feeling hungry. Dad bought two bags of peanuts, two hot dogs, and a big soda for Chris. A ball hit by one of the players came flying towards them. Many people tried to catch it, but they accidentally knocked over Chris's drink. Dad bought him another one right away."
2,0,4," Dad took Chris, his son, to a baseball game. The Los Angeles Dodgers were playing the San Francisco Giants. The Dodgers were the team at home. The Giants were visiting. Dad and Chris went into Dodger Stadium. Lots of people were there. Most wanted to see the Dodgers win and the Giants lose. They found their seats and sat down. The game had already started. Chris told his dad he was hungry. Dad bought two bags of peanuts for Chris, along with two hot dogs and a big soda. A ball hit by the players came near them. People dove to get it, spilling Chris' soda. Dad got him another soda."
2,0,4,1329238158,76640972,217,54392000,145,1160032000
mistral:7b,2,0,4,4," It sounds like Dad and Chris had an exciting time at the baseball game! Despite the crowded Dodger Stadium, they found their seats and began enjoying the game as the Los Angeles Dodgers played against the visiting San Francisco Giants.

As Chris started to feel hungry, Dad took care of his son's needs by buying two bags of peanuts, along with two hot dogs, and a big soda. However, during the game, a ball came near them causing quite a commotion as people dived to get it, resulting in Chris' soda being spilled.

Dad quickly took care of things by getting Chris another soda, ensuring that their experience at the game was still enjoyable. Overall, it seems like they had an entertaining and fun day together!"
mistral:7b,2,0,4,5," Hey Buddy Sam!

I'm writing to let you know I think that's a fantastic plan! On Saturday works best for me as I have plans with my folks on Sunday. If that day still suits you, how about coming over to visit? You can check out our new home and see all the changes we made in the kitchen since moving in. We can enjoy lunch here and then take a walk in the afternoon! It'll be great to catch up finally. I can't wait to hear all about your new job!

Our house is located at 52 Charles Road, but it might be tricky to find because the house numbers are a bit strange around here. If you turn left at the post office and keep going past the big white house on Charles Road, there's a small side street behind it with houses numbered 50–56. I don't know why the side street doesn't have its own name! But if you get lost, just give me a call, and I'll come pick you up.

Let me know what foods you like or dislike so we can plan something yummy for you to eat! Really excited to see you soon!

See ya real soon!

Gregor"
mistral:7b,2,0,4,6," Dad and Chris went to a baseball game at Dodger Stadium. The Dodgers, who were home, played against the Giants, the visitors. Lots of people were there, cheering for the Dodgers to win and hoping the Giants would lose.

Chris and his dad found their seats. Chris told Dad he was hungry, so Dad bought him some peanuts, hot dogs, and a big soda. Suddenly, a ball came flying towards them! People jumped to catch it, but it spilled Chris' soda. Dad quickly got him another drink."
mistral:7b,2,0,6,0," Dad took his son Chris to a baseball game at Dodger Stadium. The Los Angeles Dodgers were playing against the San Francisco Giants, with the Dodgers as the home team and the Giants visiting. Many people had gathered to watch, hoping the Dodgers would win and the Giants would lose.

After finding their seats, Dad and Chris discovered that the game had already begun. Chris soon told his dad he was feeling hungry. Dad bought two bags of peanuts, two hot dogs, and a big soda for Chris.

A foul ball flew towards them, causing quite a commotion as people dived to catch it. Unfortunately, this knocked over Chris's soda. Not to worry, his dad quickly bought him another one."
mistral:7b,2,0,6,1," Dad brought his son, Chris, to watch a baseball match. The Los Angeles Dodgers were playing against the San Francisco Giants at Dodger Stadium. The Dodgers were the team at home, and the Giants were visiting.

Upon entering, Dad and Chris noticed lots of people eagerly waiting for the game. Many hoped the Dodgers would win, while others wanted the Giants to lose. The two found their seats and sat down just as the game had begun.

Chris told his dad he was feeling hungry, so Dad bought two bags of peanuts, two hot dogs, and a big soda for Chris. Suddenly, a foul ball came flying towards them. People rushed and knocked over Chris' soda in the excitement. His dad quickly bought him another drink to enjoy the rest of the game."
mistral:7b,2,0,6,2," Dad brought his son Chris to a baseball match. The Los Angeles Dodgers were battling the San Francisco Giants. The Dodgers played at home, while the Giants visited. Dad and Chris entered Dodger Stadium. Lots of people were there, mostly cheering for the Dodgers to win and the Giants to lose. They found their seats, sat down, and the game had already begun. Chris told his dad he was hungry. Dad got two bags of peanuts, two hot dogs, and a large soda for Chris. A foul ball came near them. People jumped to catch it, but they spilled Chris' soda. So, Dad bought him another drink."
mistral:7b,2,0,6,3," Rewrite the following passage to make it appropriate for Grade 6 readers: Dad took his son, Chris, to a baseball game. The Los Angeles Dodgers were playing against the San Francisco Giants at Dodger Stadium. Fans were cheering for the Dodgers and booing the Giants because they wanted their team to win. When Dad and Chris arrived, they found their seats and sat down. Chris soon told his dad he was getting hungry. Dad bought some peanuts, hot dogs, and a big soda for Chris. A ball that didn't go in play (a foul ball) came close to them. People nearby tried to catch it, but accidentally knocked Chris' drink over. So, Dad bought him another soda."
2,0,6," Dad took his son Chris to a baseball game. The Los Angeles Dodgers were playing against the San Francisco Giants. The Dodgers were playing at home, and the Giants were visiting. Dad and Chris went into Dodger Stadium. Many people were there, most of them wanting the Dodgers to win and the Giants to lose. They found their seats and sat down. The game had already begun. Chris told his dad he was hungry. So, Dad bought two bags of peanuts and two hot dogs for Chris. He also got a big soda for Chris. A foul ball came towards them, and people dove for it. They spilled Chris' soda. His dad bought him another soda."
2,0,6,1355473353,74512696,217,54435000,148,1189615000
mistral:7b,2,0,6,4," It sounds like Dad and Chris had an exciting time at the baseball game! Although they were surrounded by fans rooting for the Dodgers, they managed to enjoy the game together. When Chris expressed his hunger, Dad took care of it by buying some peanuts, hot dogs, and a big soda for him. The thrill of the game escalated when a foul ball came their way, causing some commotion and even spilling Chris' soda. However, nothing could dampen their spirits as Dad quickly got Chris another soda to quench his thirst. Despite any potential mishaps, it seems like they had a great father-son bonding experience at Dodger Stadium!"
mistral:7b,2,0,6,5," Dad and his son, Chris, went to watch a baseball game at Dodger Stadium. The Los Angeles Dodgers were playing against the San Francisco Giants. The Dodgers were the home team, while the Giants were visiting. Dad and Chris sat down in their seats just as the game had started. Soon, Chris told Dad he was feeling hungry. Dad bought two bags of peanuts and two hot dogs for Chris. He also got a big soda for him. Unfortunately, during the game, a foul ball came towards them. People tried to catch it, causing Chris's soda to spill. So, Dad bought him another soda."
mistral:7b,2,0,6,6," Dad took his son, Chris, to a baseball game. The Los Angeles Dodgers were playing against the San Francisco Giants. The Dodgers were the team at home, while the Giants were visitors. Dad and Chris entered Dodger Stadium. Lots of people were there, mostly hoping the Dodgers would win and the Giants would lose. They found their seats and sat down; the game had already begun. Chris told his dad he was feeling hungry. So, his dad bought two bags of peanuts and two hot dogs for Chris. He also got a big soda for him. Suddenly, a foul ball came flying towards them. People rushed to catch it, but they accidentally knocked over Chris' soda. His dad quickly bought him another soda."
mistral:7b,2,0,8,0," Dad brought his son, Chris, to a baseball game at Dodger Stadium. The Los Angeles Dodgers were competing against the San Francisco Giants, with the Dodgers being the home team and the Giants as visitors. As they settled into their seats, many spectators rooted for the Dodgers to win and the Giants to lose.

During the game, Chris admitted he was feeling hungry. His dad treated him to two bags of peanuts, along with two hot dogs, and a large soda. A foul ball nearly reached them, causing quite a commotion as people scrambled for it. Unfortunately, it knocked Chris' soda over. Luckily, his dad quickly bought him another drink."
mistral:7b,2,0,8,1," Dad took his son, Chris, to a baseball game at Dodger Stadium. The Los Angeles Dodgers were playing against the San Francisco Giants. The Dodgers were the home team, while the Giants were the visiting team. Once they arrived, Dad and Chris found their seats and settled down. The game was already underway when Chris told his dad he felt hungry.

Dad bought some peanuts, hot dogs, and a large soda for Chris. A foul ball came flying towards them, causing a commotion as people tried to catch it. In the process, Chris's soda got knocked over. His dad quickly bought him another drink."
mistral:7b,2,0,8,2," Dad and his son, Chris, went to a baseball game at Dodger Stadium. The Los Angeles Dodgers were playing against the San Francisco Giants. The Dodgers were the home team, while the Giants were visitors.

Upon arriving, Dad and Chris found their seats. The game had already begun. Chris told his dad he was feeling hungry. So, Dad bought some snacks – two bags of peanuts, two hot dogs, and a large soda for Chris.

Suddenly, a foul ball came flying towards them. People around them dove to catch it, but unfortunately, they knocked over Chris's soda. His dad quickly bought him another one."
mistral:7b,2,0,8,3," Rewrite the following passage to make it suitable for Grade 8 readers:

Dad took his son, Chris, to a baseball match. The Los Angeles Dodgers were competing against the San Francisco Giants. The Dodgers were the local team, while the Giants were the visiting team. Dad and Chris made their way into Dodger Stadium, where lots of people had gathered. Most of them hoped for a Dodgers victory and a loss for the Giants. They found their seats, settled down, and the game was already underway. Chris mentioned he felt hungry. His dad purchased two bags of peanuts, two hot dogs, and a large drink for Chris. A foul ball came near them, causing quite a commotion. People jumped to catch it, accidentally spilling Chris's drink. His father quickly bought him another one."
2,0,8," Dad took his son Chris to a baseball game where the Los Angeles Dodgers were playing against the San Francisco Giants, with the Dodgers being the home team and the Giants as the visitors. Upon entering Dodger Stadium, they noticed a lot of people eagerly waiting for the Dodgers to win and hoping the Giants would lose. Chris and his dad found their seats, and after the game had started, Chris told his dad he was hungry. Dad bought two bags of peanuts, two hot dogs, and a big soda for Chris. A foul ball headed towards them, causing people to dive, which accidentally knocked over Chris's soda. His dad quickly bought him another one."
2,0,8,1318136207,73379935,217,54857000,144,1152580000
mistral:7b,2,0,8,4," That sounds like a fun family outing! It seems that both Chris and his dad enjoyed the baseball game at Dodger Stadium, despite the unexpected incident with the spilled soda. It's great to see the father taking care of his son, ensuring he had a good time.

Next time, you could consider bringing some reusable cups or containers to minimize waste and help keep the stadium cleaner. Additionally, you might want to remind Chris to hold onto his drink during exciting moments to prevent similar accidents in the future. Enjoy more fun family outings!"
mistral:7b,2,0,8,5," At a baseball game, Dad and his son Chris watched the Los Angeles Dodgers play against the San Francisco Giants. The Dodgers were the home team, while the Giants were visiting. They sat in Dodger Stadium among lots of excited fans who wanted the Dodgers to win and the Giants to lose. Chris felt hungry during the game, so Dad bought him two bags of peanuts, two hot dogs, and a big soda. Unfortunately, a foul ball came near them, causing people to dive for it. In the process, someone knocked over Chris' soda. Thankfully, Dad bought him another one right away."
mistral:7b,2,0,8,6," Dad took his son, Chris, to a baseball game. The Los Angeles Dodgers were playing the San Francisco Giants at Dodger Stadium. The Dodgers were the home team, and the Giants were visiting.

Dad and Chris made their way inside the stadium. Lots of people were there, most cheering for the Dodgers to win and against the Giants losing. They found their seats and sat down just as the game had begun. Chris told his dad he was feeling hungry. Dad got two bags of peanuts, two hot dogs, and a big soda for Chris.

A foul ball came toward them, causing people to dive. In the commotion, Chris's soda spilled over. Dad quickly bought him another one."
mistral:7b,2,0,10,0," Dad and his son, Chris, attended a baseball match at Dodger Stadium. The Los Angeles Dodgers were playing against the San Francisco Giants. As the home team, the Dodgers aimed to win while the Giants, the visitors, hoped for a loss. Upon arrival, Dad and Chris claimed their seats where they watched the game that was already in progress. Chris expressed his hunger, so Dad bought him two bags of peanuts, two hot dogs, and a large soda. A foul ball neared them, causing quite a commotion as spectators tried to catch it. Unfortunately, it knocked over Chris' soda. His father quickly purchased another drink for him."
mistral:7b,2,0,10,1," Dad took his son, Chris, to a baseball game where the Los Angeles Dodgers played against the San Francisco Giants at Dodger Stadium. Many people were there, most hoping the Dodgers would win and the Giants would lose. Dad and Chris found their seats, and as the game was already in progress, Chris informed his father he was feeling hungry. In response, Dad bought two bags of peanuts, two hot dogs, and a large soda for Chris. A foul ball approached them, causing people to dive for it, which eventually knocked over Chris's soda. His dad quickly purchased him another one."
mistral:7b,2,0,10,2," Dad took his son, Chris, to a baseball game. The Los Angeles Dodgers were playing the San Francisco Giants at Dodger Stadium. The Dodgers were the home team and the Giants were the visitors.

Dad and Chris made their way inside. Lots of people were there, eager to watch the Dodgers win and hopeful the Giants would lose. They found their seats and sat down just as the game began. Chris told his dad he was feeling hungry. Dad bought two bags of peanuts, two hot dogs, and a large soda for Chris.

A foul ball came flying towards them. People rushed to catch it, accidentally knocking Chris's drink over. Dad quickly bought him another one."
mistral:7b,2,0,10,3," Rewrite the following passage to be suitable for Grade 10 readers:

During an afternoon, Dad accompanied his son, Chris, to a baseball match. The Los Angeles Dodgers and San Francisco Giants were squaring off at Dodger Stadium. The Dodgers served as the hosting team, while the Giants were their visitors. Upon arrival, Dad and Chris navigated through the bustling crowd, most of whom had high hopes for a Dodgers victory and low expectations for the Giants.

Securing their seats, they settled in just as the game was already underway. Chris admitted to feeling peckish, prompting his father to purchase snacks – two bags of peanuts, two hot dogs, and a large soda for Chris. As the game progressed, a stray ball headed in their direction. The spectators scrambled to catch it, leading to an accidental spillage of Chris' soda. To keep his son content, Dad quickly bought him another beverage."
2,0,10," Dad took his son, Chris, to watch a baseball game. The Los Angeles Dodgers were playing against the San Francisco Giants at Dodger Stadium. The Dodgers were the home team, and the Giants were visiting.

Dad and Chris walked through the crowded stadium. Most people there hoped the Dodgers would win and the Giants would lose. They found their seats and sat down just as the game began. Chris told his dad he was feeling hungry. So, Dad bought two bags of peanuts, two hot dogs, and a big soda for Chris.

A foul ball came flying towards them. People jumped to catch it, but they accidentally knocked Chris's soda over. Dad quickly bought another soda for Chris."
2,0,10,1429024872,78006380,219,54589000,156,1250265000
mistral:7b,2,0,10,4," During the baseball game, Dad and his son Chris enjoyed their seats at Dodger Stadium as the Los Angeles Dodgers faced off against the visiting San Francisco Giants. As the crowd rooted for the home team, Dad indulged Chris with some food to quell his hunger. They shared two bags of peanuts, two hot dogs, and a large soda.

However, a foul ball sent everyone scrambling for safety, causing an accident that knocked over Chris's soda. Despite the unexpected spill, Dad swiftly responded by purchasing another drink to keep his son refreshed. They continued to cheer on the Dodgers, making memories together at the exciting game."
mistral:7b,2,0,10,5," High school student, Chris, went to watch a baseball game with his father. The Los Angeles Dodgers were competing against the San Francisco Giants at Dodger Stadium. The Dodgers were playing as the home team, while the Giants were visiting.

As they entered the stadium, Dad and Chris noticed that many people were present, most of whom were hoping for a Dodgers victory and rooting for the Giants to lose. They found their seats and sat down, as the game had already begun. Chris informed his dad that he was feeling hungry. In response, his father bought two bags of peanuts, two hot dogs, and a large soda for Chris.

A foul ball made its way toward them, prompting several spectators to dive in an attempt to catch it. Unfortunately, in the process, someone knocked over Chris' soda. His dad promptly purchased him another drink."
mistral:7b,2,0,10,6," High school student Chris, accompanied by his father, attended a baseball match. The Los Angeles Dodgers were challenging the San Francisco Giants. The Dodgers acted as the home team, while the Giants were visitors. The duo entered Dodger Stadium, finding themselves amidst a bustling crowd, mostly rooting for the Dodgers to win and the Giants to lose. They located their seats, settled down just as the game had commenced. Chris then expressed his hunger, prompting Dad to purchase two bags of peanuts, two hot dogs, and a large soda for him. A stray ball approached them, causing quite a scramble among the spectators who tried to catch it. The commotion ended up spilling Chris' soda. To remedy this, his father got him another drink."
mistral:7b,2,0,12,0," Father accompanied his son, Christopher, to a baseball match featuring the Los Angeles Dodgers and San Francisco Giants at Dodger Stadium. The Dodgers acted as the home team, while the Giants served as the visiting team. As the crowd gathered, a majority demonstrated support for the Dodgers' victory and disdain for the Giants' defeat. Upon entering their seats, Christopher expressed hunger. His father procured two bags of peanuts, two hot dogs, and a large soda for his son. A foul ball approached them, causing spectators to scramble; in the process, Chris' soda was spilled. His father promptly purchased him a replacement beverage."
mistral:7b,2,0,12,1," High school-level adaptation:

Father accompanied his son, Christopher, to a major league baseball match. The Los Angeles Dodgers squared off against the San Francisco Giants at Dodger Stadium, with the Dodgers serving as the host team and the Giants being the visiting squad. As the game commenced, Dad and Chris claimed their seats, where they observed the thrilling contest unfold.

However, midway through the match, Christopher voiced his hunger pangs to his father. In response, Dad procured two bags of peanuts, as well as two hot dogs, along with a large soft drink for his son. Unfortunately, a stray foul ball approached them, causing quite a commotion among spectators who eagerly attempted to catch it. During the ensuing chaos, Chris' drink was accidentally knocked over. Undeterred, Dad immediately purchased another beverage for his son to ensure his enjoyment of the game continued uninterrupted."
mistral:7b,2,0,12,2," High school student Chris, accompanied by his father, attended a thrilling baseball game featuring the Los Angeles Dodgers and San Francisco Giants at Dodger Stadium. The Dodgers were the hosting team, while the Giants were the visiting team. As the contest began, the crowd, predominantly Dodgers supporters, roared with anticipation for a victory over their rivals.

Amidst the excitement, Chris expressed his hunger to his father. In response, Dad procured two bags of peanuts, two hot dogs, and a large soda for Chris. During the game, a foul ball approached them, causing spectators to scramble. Regrettably, in the commotion, Chris' drink spilled over. Undeterred, his father promptly purchased another beverage for him."
mistral:7b,2,0,12,3," Rewrite the passage for Grade 12 readers:

At the major league baseball game, the father and his son, Christopher, attended the encounter between the Los Angeles Dodgers and the San Francisco Giants. The Dodgers were the host team, while the Giants were their opponents. Upon entering Dodger Stadium, a substantial crowd was already present, with the majority exhibiting support for the Dodgers' victory and disdain for the Giants' success.

The father and Christopher located their assigned seats and settled in, as the game had already commenced. Christopher expressed his hunger to his father, who purchased two bags of peanuts, two hot dogs, and a large soda for him. As play continued, a foul ball careened towards them. In the ensuing scramble, the soda spilled over due to people diving for the ball. Christopher's father promptly procured another beverage for his son."
2,0,12," Dad and Chris, along with Chris' father, attended a baseball game. The Los Angeles Dodgers were facing off against the San Francisco Giants, with the Dodgers as the home team and the Giants as the visitors. Upon entering Dodger Stadium, both father and son found themselves amidst a sea of people, most rooting for the Dodgers to win while hoping the Giants would lose.

Seating themselves, they discovered that the game had already begun. Chris expressed his hunger to his dad, who responded by purchasing two bags of peanuts and two hot dogs for him. Additionally, he bought a large soda. A foul ball made its way towards them, causing quite a commotion as people scrambled to catch it, ultimately knocking Chris' soda over. Fortunately, his father promptly bought another soda for Chris."
2,0,12,1595898325,78991526,219,54068000,177,1418805000
mistral:7b,2,0,12,4," As the game progressed, the tension between the two teams grew palpable. The Dodgers and Giants exchanged several innings, with both sides demonstrating impressive plays and strong pitching. In one particularly tense moment, a close call at home plate resulted in a heated argument between the umpire and the Giants' coach.

Meanwhile, Chris, still hungry from the earlier snacks, began to feel peckish again. Noticing this, his dad once more stepped up, purchasing another hot dog and a bag of popcorn for the youngster. As they continued to enjoy the game, Chris eagerly shared stories about his recent achievements in school and sports, while his father proudly listened and offered words of encouragement.

Despite their best efforts, the Dodgers ultimately came up short against the Giants, who secured a narrow victory. Although disappointed, both dad and son agreed that the evening had still been enjoyable, as they spent quality time together amidst the excitement of the game. As they left the stadium, Chris couldn't help but feel grateful for his father's thoughtfulness throughout the night, and looked forward to their next outing together."
mistral:7b,2,0,12,5," In a match between the Los Angeles Dodgers and the San Francisco Giants, father and son duo attended the game at Dodger Stadium. As the home team, the Dodgers had the advantage, while the Giants served as the visiting squad. Upon entering the stadium, a vast crowd was evident, with most spectators hoping for a Dodgers victory and a Giants defeat. Father and son located their seats and settled in, as the game was already underway. Chris expressed his hunger to his father, who purchased two bags of peanuts, two hot dogs, and a large soda for him. A foul ball headed in their direction, causing a scramble among spectators that toppled Chris' soda. His father swiftly procured another drink for Chris."
mistral:7b,2,0,12,6," High school-level adaptation:

Father accompanied his son Christopher to the baseball match between the Los Angeles Dodgers and the San Francisco Giants. The Dodgers were hosting, while the Giants were visiting. Upon entering Dodger Stadium, a large crowd was present, predominantly rooting for the Dodgers to triumph and the Giants to suffer defeat. After securing their seats, Chris expressed hunger to his father. In response, his father purchased two bags of peanuts, two hot dogs, and a large soda for Chris. A foul ball approached them, causing spectators to dive for it. Unfortunately, it knocked over Chris' drink. His father promptly bought him another beverage.

Adjusted Flesch-Kincaid Grade Level: Approximately 10.2 (college-level writing)"
mistral:7b,2,1,0,0," Hello! I'm here to help. Do you want to know how much money you have on your special card?
Of course! And who might this special card belong to?
That's right! It belongs to John.
Alright, John. Right now, your special card has no money owed on it.
Wow! Did I finally pay everything off?
Yes, indeed! Your special card balance is all gone.
I'm so happy about that!
Is there anything else you want me to look at for you, John?
Sure! Can you change my special card from a student account to a regular one?
I can do that, but I need you to visit the bank for that change.
Alright then, I'll be there first thing in the morning.
Great! Have a wonderful day, John. See you tomorrow!"
mistral:7b,2,1,0,1," Hello! Do you want to know your money on your special card?
Of course, buddy! Can you tell me the numbers on your special card, please?
Yes, my special card number is 512879346. My name is John.
Great to meet you, John! You don't have any bills to pay with this special card right now.
Wow! I finally paid it all off?
That's correct, sir! Your special money is all gone.
I'm happy about that!
Is there something else you want me to check for you, sir?
Yes, can you make my special card a regular one instead of a student one?
Of course, but I need to see you at the bank to do that.
Okay, I will come first thing in the morning.
Sounds great, sir! Have a wonderful day!"
mistral:7b,2,1,0,2," Hello! I have a question for you. What is my money amount in my card account?
No problemo! Could you please tell me your special card number?
Sure, it's 512879346. My name is John.
Okay, John. You don't have to pay anything on your card right now.
Really? Did I finally pay all of it?
Yes, sir. Your money amount is all gone.
I feel very proud!
Is there something else you want me to check, sir?
Yes, can you change my card kind from student card to normal one?
No problemo, but you need to come to the bank for that.
Alright, I'll visit first thing tomorrow.
Sounds great, sir. Have a nice day!"
mistral:7b,2,1,0,3," Rewrite the passage for Grade 0 readers:

Hi there! Do you know how much money is in my piggy bank?
Of course! May I look at your piggy bank?
Yes, here it is. It's John's piggy bank.
Okay, John. Your piggy bank has no coins in it right now.
Wow! Did I save enough money to buy a new toy?
Yes, you did! Your piggy bank is completely empty.
I feel so happy!
Is there anything else you want to check, John?
Yes, can you change the color of my piggy bank from pink to another color?
Of course, but you'll have to come to the store to do that.
Alright, I'll go tomorrow first thing.
Sounds good, John. Have a fun day!"
2,1,0," Hi there! Me want know money balance in credit.
Okay. Need number of credit card.
Yes, it 512879346. Name is John.
Okay, John. No money owed on credit card now.
Wow! Finish pay off?
Yes. Balance zero now.
Must say proud of self!
Need more check, sir?
Yes. Change card status from college to normal account.
Okay, but need go bank for do that.
Alright, come tomorrow first thing.
Good, sir. Have nice day."
2,1,0,1180950374,78775317,226,54509000,126,1006958000
mistral:7b,2,1,0,4," Hello John! It's great to hear that you have paid off your credit card and congratulations on finishing pay off! As for changing the status of your card from college to a normal account, I recommend visiting the bank in person as it might require some paperwork or identity verification. I will see you tomorrow first thing. Have a nice day, John!"
mistral:7b,2,1,0,5," Hello! Here's your adjusted passage:

John wanted to know how much money he had on his special card.
Of course! What is your special card number?
Oh, it's 512879346. I am called John.
Alright, John. You don't have any more money that you owe on your special card.
Really? Did I finally pay everything off?
Yes, indeed! Your money amount is now zero.
I feel so happy about this!
Is there something else you want me to check, John?
Yes, please change my special card from a big student one to a regular one.
Alright, but you will need to visit the bank to do that.
Okay, I'll come to the bank first thing tomorrow.
Sounds great, John! Have a good day."
mistral:7b,2,1,0,6," Hi there! Do you want to know how much money you have in your credit account?

Sure thing! What is your special card number?

It's 5-1287-9346. My name is John.

Great, John! You don't owe any more money on your credit card.

Wow, that's amazing! Did I finally pay it all off?

Yes, sir! Your balance is now zero.

Wow, I'm proud of myself! Do you have anything else to check for me, sir?

Sure, can you change my credit card type from a college account to a regular one?

Of course! But you'll need to visit the bank to do that.

Okay, I'll come tomorrow morning first thing.

Sounds great, sir! Have a wonderful day!"
mistral:7b,2,1,2,0," Hello! I have a question - what is my money balance on my card?
Don't worry! What's your card number so I can check?
Sure, it's 512879346. My name is John.
Alright, John. You don't owe any money on your card right now.
Wow! Did I pay it all off?
Yes, John. Your balance is zero now.
I feel happy about that!
Can you check something else for me, John?
Sure, what would you like me to look up next?
May I change my card status from a student account to a regular one?
Of course, but you'll have to visit the bank to make the change.
Okay, I'll go tomorrow morning.
Sounds great, John. Have a wonderful day!"
mistral:7b,2,1,2,1," Hello there! Let's see if we can check your money on your special card, ok?

Sure! What's the number of your special card?

It's 5-1-2-8-7-9-3-4-6. I am John.

Great, John! You don't have any bills to pay right now on your special card.

Wow! Did you finally get it all paid off?

Yes, you did! Your money amount is all gone now, or as we say, zero.

I feel really proud of myself!

Is there anything else I can help you check today, John?

Yes, please change my special card status from a student to a regular one.

Sure thing, but I'll need to see you at the bank to do that.

Alrighty, I'll come first thing tomorrow morning.

Sounds good, John! Have a wonderful day!"
mistral:7b,2,1,2,2," Hello! Here is your question all set for Grade 2 readers:

Hi there! Can you tell me how much money I have on my special card?
Sure thing! Could you please give me the number of your special card?
Okay, here it is: 5128-7934-6. My name is John.
Got it, John! Right now, there's no more money owed on your special card.
Wow, really?! I think I finally paid it all off!
That's right, John! Your total is officially zero now.
I feel so proud of myself! Is there anything else you need to check, John?
Yes, could you change the status of my card from a school account to a regular one?
Of course, but I'll need to see you at the bank to make that change.
Alright, I'll visit the bank first thing tomorrow.
Sounds great! Have a wonderful day, John!"
mistral:7b,2,1,2,3," Rewrite the passage for Grade 2 readers:
Hi there! I need to know how much money I have on my card.
Sure thing! What's your card number please?
Here it is, it's 512879346 and my name is John.
Okay, John! You don't owe any more money on your card right now.
Wow, did I really pay it all off?
Yes, John! Your balance is now zero.
I'm happy about that! Is there anything else you want to know?
Yes, can you change my account from a college one to a regular one at the bank?
Of course, but you need to come visit the bank to do that.
Alright, I'll go first thing tomorrow morning.
Sounds great, John! Have a nice day."
2,1,2," Hi there! Who are you?
That's okay! What's your name and can you tell me how much money you have on your card?
Sure! My name is John and my money amount is zero. I paid off all my bills!
Great job, John! You should feel proud! Is there anything else I can help with today?
Yes please. Can you make my account a regular one instead of the college one?
Of course! But you need to visit the bank to change it.
Alright, I'll come first thing tomorrow.
Sounds good, John! Have a great day!"
2,1,2,1229903235,76789475,226,55237000,132,1057214999
mistral:7b,2,1,2,4," Hello! It's nice to meet you. As for your question, I'm just a computer program and don't have personal accounts or money. However, I can help guide you on how to manage your own accounts.

Regarding changing your account type, it's usually best to contact your bank directly to discuss this change. They will be able to assist you in making the necessary adjustments.

I hope this helps! If you have any other questions or need further assistance, feel free to ask. Have a great day!"
mistral:7b,2,1,2,5," Here is the simplified text for Grade 2 readers:
Hello! Can you tell me how much money I have in my card?
Of course! What's your card number?
It's 512879346. My name is John.
Great, John! You don't owe any money on your card anymore.
Really? I paid it all off?
Yes, you did! Your card balance is now zero.
I feel so proud of myself!
Is there anything else you need to know about my card, sir?
Yes, can you change my account from a college one to a regular one?
Sure thing, but you'll have to visit the bank for that.
Alright, I'll come first thing tomorrow.
Sounds good! Have a nice day."
mistral:7b,2,1,2,6," Hello there! Can you tell me how much money I have in my account with you?
Sure thing! Could you please give me your card number first?
Okay, it's 512-8793-46. My name is John.
Alrighty, John! You don't owe any money on your card right now.
Wow! Did I finally pay it all off?
Yes indeed, John! Your account shows a zero balance.
I feel so proud of myself! Is there anything else you need to check, John?
Yes, please can you change my account from being for college students to a normal one?
Of course, but you'll have to visit the bank in person to do that.
Okay, I'll come to the bank first thing tomorrow.
Sounds great, John! Have a wonderful day!"
mistral:7b,2,1,4,0," Hello! I have a question - what's my balance on my card?
No problem! Could you please tell me your card number?
Sure, it's 512879346. My name is John.
Great to meet you, John! You don't owe any money on your card at the moment.
Wow, that's amazing! Did I finally pay it off?
Yes, John, you sure did! Your balance is now zero.
I feel so proud of myself!
Is there anything else I can help you with, John?
Yes, could you change my account from a college card to a regular one?
Of course, but I'll need you to visit the bank in person for that.
Alright then, I'll come by first thing tomorrow.
Sounds great, John! Have a wonderful day."
mistral:7b,2,1,4,1," Hello! John here. I got a question – what's my balance on my credit card?
No worries at all. Just tell me your credit card number, please?
Sure thing! It's 5128-7934-6.
Got it, John. Good news! You don't owe anything on your credit card now.
Wow, I did it! I finally paid it off?
Absolutely correct! Your balance is all cleared out and zero.
Well, I must say, that makes me feel pretty great!
Is there something else you need help with, John?
Yes, please change my account status from a college card to regular.
Sure thing, but you'll need to come to the bank for that.
Alrighty then, I'll be at the bank first thing in the morning.
Sounds cool, John! Have a great day!"
mistral:7b,2,1,4,2," Hello! What's your credit balance question, friend?
No problem at all! Could you tell me your credit card number, please?
Sure thing! It's 5-1287-9346. My name is John.
Great to meet you, John! Right now, there are no bills on your credit card.
Wow, really? Did I finally pay it off?
Yes, John, congratulations! Your balance is at zero.
I'm happy about that! All by myself!
Do you need me to check anything else for you, John?
Yes, could you change my account status from a college card to regular one?
Of course, but I'll need you to come visit the bank for that.
Alright, I'll be there first thing in the morning.
Sounds perfect, John! Have a wonderful day!"
mistral:7b,2,1,4,3," Rewrite the passage for Grade 4 readers:

Hi there! Can you tell me how much money is left on my card?
Of course! Could you please give me your card number?
Sure, it's 512-8793-46. My name is John.
Alright, John. At the moment, there are no payments due on your card.
Really? Did I finally pay it all off?
Yes, you did! Your balance is now zero.
Wow, I'm happy about that!
Is there anything else you need to check for me?
Yes, could you change my account status from a college one to a regular one?
Sure thing, but you'll have to come to the bank to do that.
Okay, I'll come first thing tomorrow.
Great, John! Have a good day."
2,1,4," Hello there! I'm here to help. What would you like to know about your account balance?

Of course! Could you please tell me your credit card number?

Sure, it's 5128-79346. My name is John.

Great, John! At the moment, there are no bills on your credit card.

Really? I thought I still owed something!

That's not true anymore, sir. Your balance is now zero.

I'm happy to tell you that I feel proud of myself!

Is there anything else you need help with, sir?

Yes, I'd like to change my card status from a student account to a regular one.

Of course, but you'll have to visit the bank in person to make that change.

Understood, I'll come first thing tomorrow.

Sounds good, John! Have a wonderful day."
2,1,4,1848267427,78120413,226,54429000,208,1669443000
mistral:7b,2,1,4,4," Hello again John! It's great to hear that your account balance is now zero.

Regarding changing your card status, as you mentioned, you will need to visit the bank in person to complete this process. They should be able to assist you with that during their operating hours.

Enjoy the rest of your day and I'll see you tomorrow at the bank!"
mistral:7b,2,1,4,5," Hi John,

Just a quick message for you!

I'm glad you wanted to check your credit balance. So let me tell you some good news - you have no dues on your credit card! That means you've finally paid it off, yay!

Do you need help with anything else today? If so, I can change your card status from a college account to a normal one, but you'll have to visit the bank for that. Would you like to come first thing tomorrow?

Have a great day, John!

See you soon at the bank!"
mistral:7b,2,1,4,6," Hi there! Need help checking my balance on my credit card?
Of course, I can help with that! Could you please tell me your credit card number?
Sure, it's 5128-79346. My name is John.
Great to meet you, John! It looks like there are no bills or dues on your credit card right now.
Wow, really? Did I finally pay it all off?
Yes, John! You can rejoice as your balance is officially $0!
I'm so proud of myself! Is there anything else I need help with today, John?
Yes, could you change my account status from a college to a regular account?
Certainly, but I'll need you to visit the bank in person for that.
Alrighty then! I'll stop by first thing tomorrow morning.
Sounds perfect, John! Have a great day!"
mistral:7b,2,1,6,0," Hello! Can you tell me how much money is left on my credit card?
No problem! Could you please give me your credit card number?
Sure, it's 5128 79346. I'm John.
Great, John! You don't owe any money on your credit card right now.
Wow, is that true? Did I finally pay it all off?
Yes, you did! Your balance is $0 now.
I have to say, I feel pretty good about myself!
Is there anything else you need help with, John?
Yes, could you change my account type from a student card to a regular one?
Sure thing, but I'll need you to come into the bank for that.
Alright, I'll be there first thing tomorrow morning.
Sounds great! Have a good day, John."
mistral:7b,2,1,6,1," Hello! Here's your credit balance check: What's your credit card number, please?
Sure thing! It's 5128 79346. I'm John.
Great to meet you, John! Right now, you don't owe anything on your credit card.
Wow, that's awesome! Did I finally pay it all off?
Yes indeed, John! Your balance is at zero now.
I've got to say, I'm pretty proud of myself!
Is there something else I can help you with, John?
Actually, yes! Can you change my account status from a student card to regular one?
Sure thing, but remember, you'll need to visit the bank in person for that.
Alrighty then! I'll stop by first thing tomorrow.
Sounds great, John! Have a nice day!"
mistral:7b,2,1,6,2," Hello there! Need to check your credit balance? Sure thing! Could you please tell me your credit card number?

You got it! It's 5128-7934-6. My name is John.

Great news, John! You don't have any debts on your credit card right now.

Wow, that's amazing! Did I finally pay off my balance?

Absolutely! Your balance is at zero now.

Well, I must say, I'm feeling pretty proud of myself!

Is there anything else you need me to check for you, John?

Yes, could you change my account status from a college card to a regular one?

Sure thing, but you'll have to visit the bank to do that.

Alright, I'll be there first thing tomorrow.

Sounds great, John! Have a wonderful day!"
mistral:7b,2,1,6,3," Rewrite the passage for a Grade 6 reader:
Hi, I need to know how much money I have left on my credit card.
Sure thing! What is your credit card number please?
Here it is, it's 512879346. My name is John.
Okay, John. Right now there are no bills or fees that you owe on your credit card.
Wow, I thought I still owed some money!
That's right, John. Your total balance is zero now.
I feel so happy about this!
Is there anything else you want to know, John?
Yes, can you change the status of my account from a student one to a regular one?
Sure, but I'll need you to visit the bank in person for that.
Alright, I'll go to the bank first thing tomorrow morning.
Sounds great, John! Have a good day!"
2,1,6," Hello there! I hope you're doing well. Let me help you check your balance. Could you please tell me the number of your credit card?

Sure, it's 5128 79346. My name is John.

Great to meet you, John! I'm pleased to inform you that there are no payments due on your credit card currently.

Wow, that's amazing news! You finally paid off all the dues?

That's correct, John. Your balance is now officially zero.

I am really proud of myself! Is there anything else I need to check today?

Yes, I can help you change your card status from a college account to a regular one. However, for that, you'll have to visit the bank in person.

Understood, I'll be at the bank first thing tomorrow morning.

Sounds good, John! Have a wonderful day ahead!"
2,1,6,1831404863,69097499,226,55442000,207,1662443000
mistral:7b,2,1,6,4," Hello again, John! It's great to hear from you. I appreciate your proactive approach towards managing your finances. If there's anything else you need assistance with before visiting the bank, feel free to ask. Otherwise, have a fantastic day and see you soon at the bank!

If you want to learn more about personal finance management or gain insights into various financial topics, I can help with that as well. Just let me know if you're interested!"
mistral:7b,2,1,6,5," Here is the adjusted passage for Grade 6 readers:
John checked his credit card balance and found out he had no more debt! He had worked hard to finally pay it all off.
""Really?"" John exclaimed with pride.
The bank representative confirmed that John's balance was officially zero.
John asked if the bank could change his account status from a college account to a regular one. The representative said John would have to come to the bank in person to make the change.
""Alright,"" said John, ""I'll be there first thing tomorrow.""
The representative wished John a good day."
mistral:7b,2,1,6,6," Hello! I need help checking my credit balance.
Sure thing! Could you please tell me your credit card number?
My number is 5128-79346. I'm John.
Got it, John. Right now, there are no payments due on your credit card.
Wow, really? Did I finally pay it all off?
Yes, you did! Your balance is now zero.
I feel great about that! Is there something else I need to check?
Yes, can you change my account status from a college to a standard one?
Sure, but I'm afraid you'll have to visit the bank to make that change.
Alright, I'll come first thing tomorrow.
Sounds good, John! Have a nice day."
mistral:7b,2,1,8,0," Hello! I need to check my credit balance, please.
Go ahead! Could you tell me your credit card number?
Sure thing! It's 5128 79346. My name is John.
Alright, John. Currently, there are no payments due on your credit card.
Wow, really? Did I finally pay it off?
Yes, you did! Your balance is now zero.
Well, I am really proud of myself!
Is there anything else I can help you with, John?
Yes, could you change my account status from a college to a regular one?
Of course, but you'll have to visit the bank in person for that.
Alright, I will come first thing tomorrow.
Sounds great, John! Have a good day!"
mistral:7b,2,1,8,1," Hello there! I hope you're doing well. I can help you check your credit balance if you'd like. Could you please tell me your credit card number?

Sure, it's 5128-79346. My name is John.

Great to meet you, John! It looks like you currently have no outstanding balances on your credit card.

Wow, that's fantastic news! You've finally paid it off?

Absolutely correct, John! Your balance is now officially zero. I must say, good job on keeping up with your payments!

You got it! Is there anything else you need help with today, John?

Actually, could you change my credit card status from a student account to a regular one?

I'd be happy to assist you with that, but I'm afraid you'll have to visit the bank in person to make that change.

Alright, I'll make sure to stop by first thing tomorrow then. Sounds good! Have a great day, John."
mistral:7b,2,1,8,2," Hello there! Need to know your credit balance? No problem! What's your credit card number, please?

John here, and my number is 512-879-346.

Great! Your credit card currently shows no debt or dues.

Wow, that's fantastic news! You've finally paid it off?

Indeed, John! Your balance is now officially zero.

Feels good to say that, doesn't it? Anything else I can help you with, John?

Sure thing, can you change my card status from a student account to a regular one at the bank?

Absolutely, but remember, you'll need to visit the bank in person for this.

Got it! I'll head down first thing tomorrow.

Sounds great, John! Have a wonderful day!"
mistral:7b,2,1,8,3," Rewrite this passage for Grade 8 readers:
Hi there! I need to know how much money I have left on my credit card account.
No problem! Can you tell me your credit card number please?
Sure, it's 512879346. My name is John.
Okay, John. Let me check... It looks like there are no payments due on your credit card right now.
Wow, that's great news! Did I finally pay off my balance?
Yes, you did! Your account shows a zero balance.
I have to say, I feel really good about myself!
Is there anything else you need me to check for you, John?
Yes, could you change the status of my credit card from being a college account to a regular one?
Sure thing, but you'll have to visit the bank in person to make that change.
Got it. I'll come by the bank first thing tomorrow morning.
Sounds good, John. Have a great day!"
2,1,8," Hi there! I have a question - what's the balance on my credit card?

No problem at all! Could you please tell me your credit card number?

Sure, it's 5128-79346. My name is John.

Great to meet you, John! Let me check your account... Alright, John. Right now, there are no payments due on your credit card.

Wow, really? I thought I still owed some money!

That's great news, John! Your balance is actually zero now.

I have to say, I feel pretty proud of myself!

Is there anything else you need help with today, John?

Yes, I was wondering if it's possible for you to change my card status from a student account to a regular one?

Of course! However, you'll need to visit the bank in person to make that change.

Alright then, I'll stop by first thing tomorrow morning.

Sounds like a plan, John! Have a fantastic day!"
2,1,8,2061076024,76664900,226,55917000,235,1882671000
mistral:7b,2,1,8,4," You're welcome, John! It's great to hear that your balance is zero now. If you need anything else, feel free to ask. And have a fantastic day too! See you at the bank tomorrow!"
mistral:7b,2,1,8,5," Here's a grade 8 level adaptation of your text:

Hey there! Can you tell me what my balance is on my credit card?

Sure thing! Could you please provide me with your credit card number?

Alright, it's 5128-7934-6. I'm John.

Got it, John. Right now, your account shows no outstanding balance.

Wow, did I finally pay it off?

Indeed! Your balance is officially at zero.

I have to say, that makes me feel pretty good about myself!

Is there anything else you'd like me to look into for you, John?

Actually, yes. Can you change the status of my card from a college account to a regular one?

No problem, but I'll need you to visit the bank in person to make that change.

Got it, I'll swing by first thing tomorrow morning.

Sounds great, John. Have a good rest of your day!"
mistral:7b,2,1,8,6," Hello there! I hope you're doing well. Can you tell me what your current credit balance is?

No problem at all! To help with that, could you please share the number of your credit card?

Sure thing! My credit card number is 5128-7934-6. I'm John.

Great to meet you, John! I'm happy to let you know that at this moment, there are no outstanding balances on your credit card.

Wow, really? That means I finally paid it off?

Indeed, John! You can now proudly say that your balance is officially zero.

I have to admit, I'm very pleased with myself! Do you have any other questions or checks you'd like me to take a look at?

Yes, could you change my credit card account status from a college to a regular one?

Of course, John, but to complete this change, I'll need you to visit the bank in person.

Understood. I'll be sure to stop by first thing tomorrow morning.

Sounds like a plan, John! Have a fantastic day."
mistral:7b,2,1,10,0," Hello! I need to check my credit balance. Could you please ask for it with my credit card number?

Sure thing. Could you tell me your credit card number?

Yes, it is 5128 79346. I am John.

Got it, John. Right now, you don't have any outstanding payments on your credit card.

Wow, really? Did I finally pay it off?

Indeed, sir. Your balance is now zero.

I'm quite proud of myself! Is there anything else you need to check for me, sir?

Yes, could you change my account status from a college to a regular one?

Certainly, but I'll need you to visit the bank in person to make that change.

Alright, I'll come by first thing tomorrow.

Understood, John. Have a good day!"
mistral:7b,2,1,10,1," Hello there! I hope you're doing well. Could you tell me what your credit card balance is currently?

Not a problem at all! May I please have the number of your credit card for reference?

Sure, here it is: 5128-79346. My name is John.

Great to meet you, John! Let me just check your account balance for you. It looks like you currently owe nothing on your credit card.

Wow, that's great news! Have you finally paid it off?

Indeed you have, John. Your balance is officially at zero. That's something to be proud of!

You're absolutely right, and I am quite pleased with myself too. Is there anything else you would like me to check for you, John?

I do have one request: could you please change my credit card status from a college account to a regular account?

Of course, John! However, it will require a visit to the bank in order to make that change.

Alright, I'll be sure to stop by first thing tomorrow morning then.

Sounds like a plan, John. Have a wonderful day and take care!"
mistral:7b,2,1,10,2," Hello there! I hope you're doing well. Here's a question for you – could you tell me how much is left on your credit account?

No problem at all! Just give me your credit card number when you're ready.

Sure thing, it's 512-879-346. I'm John, by the way.

Great to meet you, John! Let me check your account balance for you. Good news – it seems like there are no outstanding payments on your credit card at the moment.

Wow, that's great to hear! Did I finally manage to pay off my debt?

Absolutely! You can now proudly say that your balance is zero.

I must confess, I feel quite accomplished! Is there anything else you'd like me to help you with today, John?

Yes, please change the status of my credit card from a college account to a regular one.

Certainly, but I'm afraid you'll have to visit the bank in person for that.

No problem at all! I'll be there first thing tomorrow morning.

Sounds like a plan, John. Have a great day ahead!"
mistral:7b,2,1,10,3," Rewrite the dialogue for Grade 10 readers:

John: Hey, could you tell me how much money I have left on my credit card?

Assistant: Of course! Could you please provide your credit card number?

John: Sure, it's 5128 7934 6xxx. My name is John.

Assistant: Great to meet you, John. Right now, there are no outstanding payments on your credit card.

John: Wait, really? I thought I still owed money!

Assistant: That's correct, John. Your balance has officially reached zero.

John: Wow, I should give myself a pat on the back for that!

Assistant: While you're at it, is there anything else you'd like me to check for you?

John: Actually, could you change my credit card account status from college to normal?

Assistant: Absolutely, but I'll need you to visit the bank in person to make that change.

John: Alright then, I'll come by first thing tomorrow morning.

Assistant: Sounds perfect, John. Have a great day!"
2,1,10," Hello there! I'd like to check my balance, please.
Sure thing! Could you tell me your credit card number?
My number is 512879346 and my name is John.
Great, John! You don't have any balances due on your credit card right now.
Wow, really? Did I finally pay it off?
Yes, you sure did! Your balance is at zero now.
I must say, I'm very proud of myself!
Is there anything else you need me to check for you, John?
Yes, could you change my account status from a student account to a regular one?
Of course! However, you'll have to visit the bank to do that in person.
Alright, I'll come by first thing tomorrow morning.
Sounds great, John. Have a wonderful day!"
2,1,10,1701219746,77603643,228,58919000,188,1509698000
mistral:7b,2,1,10,4," Hello again, John! I'm glad to hear about your paid-off balance. That's quite an achievement indeed!

Regarding the account status change, as you've been informed, you will need to visit the bank in person to complete that request. I encourage you to do so first thing tomorrow morning as planned.

Wishing you a productive and successful day ahead! If you have any other questions or concerns, feel free to reach out. Have a great one!"
mistral:7b,2,1,10,5," Hi there! I hope this message finds you well. Here's an update on your credit card account:

Your current balance stands at zero, and congratulations are in order as it appears you've finally paid off all dues!

You may be feeling a sense of accomplishment, but just to confirm - is that correct? You've cleared your outstanding balance?

If so, I must say, great job! It takes dedication and hard work to reach this milestone.

Now, regarding your account status, I can inform you that we can change it from a college account to a regular one. However, for security reasons, you'll need to visit the bank in person to make this adjustment.

Do you have plans to drop by first thing tomorrow? That works well for us!

Have a fantastic day ahead, and I look forward to seeing you soon."
mistral:7b,2,1,10,6," Hello there! I hope you're doing well. Could you please tell me your current credit balance?

No problem at all! Just give me your credit card number when you're ready.

My credit card number is 512879346. By the way, my name is John.

Great to meet you, John! I'm happy to inform you that there are no outstanding payments on your credit card at the moment.

Wow, really? That means I have finally paid it off!

That's correct, John. Your balance is now officially zero!

I must say, I'm quite proud of myself for achieving this!

Is there anything else you need me to check for you, John?

Yes, I would like to request a change in my card status from a college account to a normal account.

Of course! However, please note that you'll have to visit the bank in person to complete this process.

Understood. I'll make sure to stop by the bank first thing tomorrow morning.

Sounds like a plan, John. Have a fantastic day ahead!"
mistral:7b,2,1,12,0," Hello John, I can confirm your current credit balance. Indeed, it appears that your balance is zero, as all dues have been successfully paid off. Congratulations!

Now, if you'd like, I can help with changing your card status from a college to a normal account. However, this process will require a visit to the bank. Would you be able to come in first thing tomorrow?

Have a wonderful day, John."
mistral:7b,2,1,12,1," Hello John, I'm glad to assist you! Could you please provide me with your credit card number so I can check your account balance?

My card number is 512879346.

Upon checking, it appears that your current balance shows no outstanding dues on your credit card. That's fantastic news, John! It seems you've successfully paid off your credit card!

I must say, congratulations are in order! Now, is there anything else you'd like me to verify or any specific action you'd like to take regarding your account? For instance, would you like to change your card status from a college account to a normal one?

If so, I can certainly help with that. However, it requires an in-person visit to the bank for the necessary updates. When would be a convenient time for you to stop by?

I look forward to assisting you further, John. Have a great day!"
mistral:7b,2,1,12,2," Hello there! Could you please tell me what your current credit balance is?

Absolutely! May I ask for your credit card number for verification purposes?

Sure, it's 5128-7934-6. My name is John.

Great to meet you, John! At the moment, your credit card has no outstanding balances.

Wow, that's amazing news! Did I finally clear off all my dues?

Indeed, sir! Your balance now stands at zero.

I have to say, I am quite proud of myself!

Is there anything else you'd like me to check or assist with, John?

Yes, could you change the status of my account from a college card to a normal one?

Certainly, but please note that for this change, you'll need to visit the bank in person.

Understood! I'll be at the bank first thing tomorrow morning.

Sounds like a plan, John! Have a wonderful day ahead."
mistral:7b,2,1,12,3," Rewrite the following passage for Grade 12 readers:

John inquired about his credit account balance. The representative confirmed the request and sought his credit card number. John provided it as 512879346 and identified himself. After verifying, the representative informed John that there were no outstanding dues on his credit card. Relieved, John asked if he had finally paid off his balance. The representative confirmed that his balance was indeed zero. John expressed self-satisfaction. He then requested a change in his account status from college to normal. The representative obliged, but informed him that he would need to visit the bank for this process. John agreed and planned to go first thing tomorrow. The representative wished him a good day."
2,1,12," Hello there! Could you please tell me what your current balance is on your credit card?

Of course! May I ask for your credit card number to check?

Sure, my credit card number is 5128 7934 6000. My name is John.

Great, John! At the moment, there are no dues or payments due on your credit card.

Wow, really? That means I've finally paid it off?

That's correct, sir! Your balance is now officially zero.

I must say, I feel quite proud of myself!

Is there anything else you need me to look into for you, John?

Yes, please change my card status from a college account to a regular one.

Certainly! However, I'm afraid you'll have to visit the bank in person to make that change.

Alright, I'll make sure to come first thing tomorrow.

Sounds great, John! Have a wonderful day."
2,1,12,1967952525,64427821,228,58817000,225,1802961000
mistral:7b,2,1,12,4," You're welcome, John! It's always great to hear when someone has successfully paid off their debts. If you need any assistance with anything else, feel free to ask. Have a fantastic day!"
